Barcode,CloneNames
AAGAGATGAATCGGTA-1,FigureClone_K
TCAGGTTCTTTGAGAA-1,FigureClone_K
TGACTATAATCCTTTC-1,FigureClone_K
ATCCAGGATTCGTGAA-1,FigureClone_K
ACTTACGCATCCACGC-1,FigureClone_K
GCCTCTATACATAGCA-1,FigureClone_K
AACAACTGGTAGTTGC-1,FigureClone_K
TCCTTTCTTACGCTTA-1,FigureClone_K
ATATAAATGTAGCTGC-1,FigureClone_K
ACGTAGATTGCTGATG-1,FigureClone_K
TTAAGGATACGGAGGT-1,FigureClone_K
TTGAATATGGACTTTC-1,FigureClone_K
GATCGACACTATCTGA-1,FigureClone_K
AAAGTGTGATTTATCT-1,FigureClone_K
AAATTAACGGGTAGCT-1,FigureClone_K
TTGGATTGGGTACCAC-1,FigureClone_K
CATGCGACCAGTTTAA-1,FigureClone_K
ATCTGCTGTTATCGCC-1,FigureClone_K
ACGGCCAACATGGACT-1,FigureClone_K
CTCATTGCTCTAACAA-1,FigureClone_K
TGTCCACGGCTCAACT-1,FigureClone_K
GATGTTCAATCCACGA-1,FigureClone_K
CATAGTCCACAAGAAC-1,FigureClone_K
AATGAGTTCGCATATG-1,FigureClone_K
ACAACAGCATGAGCTA-1,FigureClone_K
TCAAACTTAGATTGTT-1,FigureClone_K
ATAATCTTGGAGAACC-1,FigureClone_K
GAGATCTTCCATGACA-1,FigureClone_K
GGTTAGCTATATGTCT-1,FigureClone_K
ACTCAATAAAGGCACG-1,FigureClone_K
GGCTGAAATAGCAAAG-1,FigureClone_K
CCTATAATGAGTGCCC-1,FigureClone_K
GATCCCTTTATACTGC-1,FigureClone_K
AGTCAAGATGACACTT-1,FigureClone_K
AATATCGAGGGTTCTC-1,FigureClone_K
CTGCTTTATGTCCGCG-1,FigureClone_K
GCCTATTTGCTACACA-1,FigureClone_K
AGCACCAGTACTCACG-1,FigureClone_K
AATAACAACGCTCGGC-1,FigureClone_K
CTTAAATAAGACCCAT-1,FigureClone_K
TTGCGTGAACGCTTAG-1,FigureClone_K
AAACAATCTACTAGCA-1,FigureClone_K
CTTCATTGTCAGTGGA-1,FigureClone_K
CCGCTTCGCGGTTAAC-1,FigureClone_K
GAATTTCTCGCTGCAG-1,FigureClone_K
ATACGTACTTAGCCAC-1,FigureClone_K
TAGAGTCTAAGCGAAC-1,FigureClone_K
GAACCTTTAACGATCC-1,FigureClone_K
GTGCCGCTTCAAAGGT-1,FigureClone_K
GGTCGGTCGTCCACAG-1,FigureClone_K
ATCAGCCTCATGCTGC-1,FigureClone_K
TCAAATTGTTGTGCCG-1,FigureClone_K
CAGCCTCTCCTCAAGA-1,FigureClone_K
ATTCAGGACCTATTTC-1,FigureClone_K
GTGATGCACAACATCT-1,FigureClone_K
TGACCCACGTTAGACA-1,FigureClone_K
CTGCAGAGAATCAGAG-1,FigureClone_K
ATTAATACTACGCGGG-1,FigureClone_K
AGCGTGGTATTCTACT-1,FigureClone_K
GCTGCACGGTTTCTTA-1,FigureClone_K
CTGCACAACTACATAT-1,FigureClone_K
GAACACACATCAACCA-1,FigureClone_K
TTAATTGCTTTGGGTG-1,FigureClone_K
AGTGACCTACTTTACG-1,FigureClone_K
GTACTCCCTTATCGCT-1,FigureClone_K
GGGCGGGTTCCCTACG-1,FigureClone_K
CGGGAATATAGTATAC-1,FigureClone_K
ACAAGGATGCTTTAGG-1,FigureClone_K
TCAGACGCTATAGAAG-1,FigureClone_K
AGATACTCAAGATCGA-1,FigureClone_K
AACTAGGCTTGGGTGT-1,FigureClone_K
TAAAGAGCCCGAAACC-1,FigureClone_K
CTGGGTAGGCAGTTAA-1,FigureClone_K
GTAGCTTCCTCTTGTT-1,FigureClone_K
GAGCACCTGTGTCCAG-1,FigureClone_K
CCCAACATACGTCGCG-1,FigureClone_K
GATGCCAGCAGAAGGC-1,FigureClone_K
ATAGCCTCAGTACCCA-1,FigureClone_K
CCGAAAGTGGTGAGCA-1,FigureClone_K
CTACGACTAGCTATAA-1,FigureClone_K
TCCATTAGTTGGATAG-1,FigureClone_K
TGTGTTCGTATCCAAG-1,FigureClone_K
ATGATCGGGAATAGAC-1,FigureClone_K
ACATTAGTTTATATCC-1,FigureClone_K
AGGGTTCCCTTTGGTT-1,FigureClone_K
CTATCGACGAAATACA-1,FigureClone_K
TCACAGGAGAATAAGA-1,FigureClone_K
GAAATACTAAACGTTT-1,FigureClone_K
CTGGATTTACACTTGA-1,FigureClone_K
AGGATAAAGTCGGGAT-1,FigureClone_K
ATAAATATTAGCAGCT-1,FigureClone_K
CATAGTACATTGAGAG-1,FigureClone_K
TCAACTAACGTATAAC-1,FigureClone_K
CGCTTATTCCCGGTCG-1,FigureClone_K
GACACTGAGTTCAGTG-1,FigureClone_K
TACGTTTACCGGCAAT-1,FigureClone_K
TCACAAACCGAGGTAC-1,FigureClone_K
GTCAACCAGGCCTATA-1,FigureClone_K
TTGAACGAATCCTTTG-1,FigureClone_K
CCTGTAAGACATGATA-1,FigureClone_K
TATGCTCCCTACTTAC-1,FigureClone_K
CCTCCGACAATTCAAG-1,FigureClone_K
CCATGGCCCTTGTACC-1,FigureClone_K
CCATTAGCGATAATCC-1,FigureClone_K
TCGCACCAGGAGGCAG-1,FigureClone_K
CTTGTCAACATTCGAG-1,FigureClone_K
CCGAACCTTCCCGGCC-1,FigureClone_K
GATGCTGTATTTCATC-1,FigureClone_K
TTAGAGTTTAGAAGGA-1,FigureClone_K
AGCTCTTTACTCAGTT-1,FigureClone_K
AATACAATGTTTCAGG-1,FigureClone_K
TTGATCTAACTTTGTC-1,FigureClone_K
TGTATTTACCTAATGC-1,FigureClone_K
TCCCAGCTTTAGTCTG-1,FigureClone_K
GACCAGAGCCCTGTAG-1,FigureClone_K
CTGTACTTCTTAGCAT-1,FigureClone_K
GATAAATCGGTGGATG-1,FigureClone_K
TGAGATCAAATACTCA-1,FigureClone_K
ATATTCCACATAGTGA-1,FigureClone_K
GTTTGACCAAATCCTA-1,FigureClone_K
AGTATAATACTAGGCA-1,FigureClone_K
TCTAGTTATCAGAAGA-1,FigureClone_K
TCTCTAATAGCTGGTA-1,FigureClone_K
ATAATAGCTGTTGAAT-1,FigureClone_K
TTGTAAGGACCTAAGT-1,FigureClone_K
TATCGATGATTAAACG-1,FigureClone_K
ACAATCCATTTAAACC-1,FigureClone_K
AGTGATATGAGTAGTT-1,FigureClone_K
CATGGTAAGTAGCGTT-1,FigureClone_K
AATTTGGTTCCAAAGA-1,FigureClone_K
ATGACTATCAGCTGTG-1,FigureClone_K
TTAGCTCTGTAATCCG-1,FigureClone_K
ATGAGGAGTGTTAATC-1,FigureClone_K
CGCGTTCATGAAATAC-1,FigureClone_K
CTGAATCCGAGACCTC-1,FigureClone_K
CTACTCAAGGTATAGT-1,FigureClone_K
GTCATTAGAGCGAACG-1,FigureClone_K
GCTTAATGTAACTAAC-1,FigureClone_K
CAGAGCATGAGCTTGC-1,FigureClone_K
CCACACTGAGATATTA-1,FigureClone_K
ATTATGCCATAGGGAG-1,FigureClone_K
TCTTCGATACCAATAA-1,FigureClone_K
AGTTCCTATTTATGTT-1,FigureClone_K
AGCTTGATCTTAACTT-1,FigureClone_K
GTGCGTGTATATGAGC-1,FigureClone_K
AAACCGGGTAGGTACC-1,FigureClone_K
TCAACGAGGAGACAAA-1,FigureClone_K
TGATTCGTCTATCACT-1,FigureClone_K
AACCTTTAAATACGGT-1,FigureClone_K
TACCAATAAAGTACCA-1,FigureClone_K
CTAAGGGAATGATTGG-1,FigureClone_K
TATTTAGTCTAGATCG-1,FigureClone_K
TACGCCATATTCTAAT-1,FigureClone_K
TATATTACAAATGTCG-1,FigureClone_K
TTATAGGTAATTGTCT-1,FigureClone_K
CACTTAATCAGACGGA-1,FigureClone_K
CACATATTAGCAGGAT-1,FigureClone_K
TTAATGTAGACCAGGT-1,FigureClone_K
ATAGACGAAGAGAAAG-1,FigureClone_K
GTACTAAGATTTGGAG-1,FigureClone_K
CGGTGAAGACTAAAGT-1,FigureClone_K
GATATGAGACACTAAC-1,FigureClone_K
AGTTAAACACTTGCGA-1,FigureClone_K
ACTGTAGCACTTTGGA-1,FigureClone_K
CCTTCAGTTAAAGTGA-1,FigureClone_K
TATGGTCTGAGTAACA-1,FigureClone_K
GAACAGATTACTAAAT-1,FigureClone_K
GGGTTAACATTTGAGT-1,FigureClone_K
ACTCCCTAGAATAGTA-1,FigureClone_K
TCCAACTTTAAATTCT-1,FigureClone_K
TTATGACAAACTGGAT-1,FigureClone_K
AGCTATTTAATCCAAC-1,FigureClone_K
ACTTATTAGGATCGGT-1,FigureClone_K
AATAGAATCTGTTTCA-1,FigureClone_K
CGCAATTCTACAATAA-1,FigureClone_K
CTTGTTTATGTAGCCA-1,FigureClone_K
ACATCGTATGCAATGG-1,FigureClone_K
GGCTATTAAGTTGTAT-1,FigureClone_K
ACTGTCTTCTTTAGAA-1,FigureClone_K
ACTCAACGAATGTATT-1,FigureClone_K
GCGAAACTTAACTGGA-1,FigureClone_K
TTACTATCGGCTTCTC-1,FigureClone_K
GGGCGATATGTGTGAA-1,FigureClone_K
GGTACAAACATGCTAT-1,FigureClone_K
GGGAGAACTCACAGTA-1,FigureClone_K
CTACTATCTTTCAGAG-1,FigureClone_K
ACTTCGCCATACGCAC-1,FigureClone_K
ATAAGGTGGAGAACAT-1,FigureClone_K
GTAAGTAGGGTATACC-1,FigureClone_K
GAAGTGATTTATCGTG-1,FigureClone_K
TCAACACATTGGGTAA-1,FigureClone_K
TATGATCTTCTCTTTA-1,FigureClone_K
TGATTTATTAGCTGTG-1,FigureClone_K
GGGTACTTCATGAACT-1,FigureClone_K
CTTACACGGTATTCCA-1,FigureClone_K
GTAAGTAACAGTCTGG-1,FigureClone_K
TGGCAAACTAAATTAC-1,FigureClone_K
GGCAATAGTCAATGAG-1,FigureClone_K
TTATCGCCTGCGAAGC-1,FigureClone_K
CGGGATCAATGTAAGA-1,FigureClone_K
GGATGCTGGCGTTCCT-1,FigureClone_K
TCTAACTGTATGTAAA-1,FigureClone_K
CAGATACTAACATAGT-1,FigureClone_K
AACTCAAGTTAATTGC-1,FigureClone_K
TACGCAGTTCTTTCCT-1,FigureClone_K
TTCCTCGGACTAACCA-1,FigureClone_K
ACCGCGGTGGAAGTCG-1,FigureClone_K
CGTCGCATGTGAGCCA-1,FigureClone_K
CGCATTAGCTAATAGG-1,FigureClone_K
CTATTCATGTGTCCCA-1,FigureClone_K
AAATAGGGTGCTATTG-1,FigureClone_K
ACGAGAACCCATCACG-1,FigureClone_K
ATTTGTCTTGGGAGCT-1,FigureClone_K
GCATTCGAAATGAACA-1,FigureClone_K
AAGCTCTTTCATGGTG-1,FigureClone_K
GAGCATCATCCCTGGG-1,FigureClone_K
CGCGAGAGGGACTTGT-1,FigureClone_K
TCCGCTTATCCCATTA-1,FigureClone_K
TGTTCTTCCATTGACT-1,FigureClone_K
ATATCTTAGGGCCTTC-1,FigureClone_K
ATCAGACGGCACGCCG-1,FigureClone_K
CCCGGTGGAAGAACCT-1,FigureClone_K
TTACTCTGGTACGTAC-1,FigureClone_K
TCCGGAGGAAGGGCTG-1,FigureClone_K
TAGCTAAGTCCGGGAG-1,FigureClone_K
GTTCACAGGAGTCTAG-1,FigureClone_K
GAATGTATGGCAGGTC-1,FigureClone_K
CCGAGGGATGTTAGGC-1,FigureClone_K
AGTCTGGACATCCTTG-1,FigureClone_K
GTAAGGATTTGTCGGA-1,FigureClone_K
GCTATCATACTCATGG-1,FigureClone_K
TTCTGACCGGGCTCAA-1,FigureClone_K
AATCGGGACACTACGA-1,FigureClone_K
AACTTGCCCGTATGCA-1,FigureClone_K
TGAGCCATACAGTCTC-1,FigureClone_K
GCGAGTTCTGCAAAGA-1,FigureClone_K
GGGCTGGTTAGTCGCG-1,FigureClone_K
CAAACGAGTATCGCAG-1,FigureClone_K
TCGTTGCTATCCGGTC-1,FigureClone_K
AATTCGATTCGAGGAT-1,FigureClone_K
ACCGACACATCTCCCA-1,FigureClone_K
CGGATCCTCAAGGACT-1,FigureClone_K
GGAACCCGAACAAGAA-1,FigureClone_K
CCACAATGTACGTCTT-1,FigureClone_K
GGATCAAAGGACGAGG-1,FigureClone_K
CGTCAAGGCTATAAAT-1,FigureClone_K
TTCAACGACCCGACCG-1,FigureClone_K
TCTCCACAAGTTGAAT-1,FigureClone_K
GTCAATTGTACTGAAG-1,FigureClone_K
CAGTAGCGAGGTAGTA-1,FigureClone_K
AGTTACTCTATCGTGG-1,FigureClone_K
TCTGCCAGAAACTGCA-1,FigureClone_K
CCTATACCGTCCTGTC-1,FigureClone_K
GCGTCGCCAGGGTGAT-1,FigureClone_K
ATAGGCGGCTATAGAA-1,FigureClone_K
CGCTATTCTTAGGCTC-1,FigureClone_K
CATAGCCGCCCGGGAT-1,FigureClone_K
TGATTTCCTCCTGACG-1,FigureClone_K
AAGTGAGTCGGGTTTA-1,FigureClone_K
ACCCTCCCTTGCTATT-1,FigureClone_K
AGTGGCGGCAATTTGA-1,FigureClone_K
CGCGACCGCGACAGAT-1,FigureClone_K
CAAGGCCAGTGGTGCA-1,FigureClone_K
GTCCCGCGACGTTATG-1,FigureClone_K
TGGCCAAACTGAAGTA-1,FigureClone_K
GCTTCCGTCCCTAGAC-1,FigureClone_K
ATGGAGCAGGCCGTGA-1,FigureClone_K
ACCCTATAGGACTGAG-1,FigureClone_K
CACCCTTTCCTCGCTC-1,FigureClone_K
CTCTGTTTGAGGATTC-1,FigureClone_K
GAAACCGAATTACCTT-1,FigureClone_K
TGTGCTTTACGTAAGA-1,FigureClone_K
CACACAGGGATAGATT-1,FigureClone_K
GTTAAAGTAGGACTGG-1,FigureClone_K
CAGCAGTCTGTGCTGC-1,FigureClone_K
TCTAGCATGCCCAGAA-1,FigureClone_K
GCAAGAATTCCTTGGC-1,FigureClone_K
GCGGCTCTGACGTACC-1,FigureClone_K
AGGTGTATCGCCATGA-1,FigureClone_K
TATAGGGTACTCATGA-1,FigureClone_K
GCTGGCGGCGCATGCT-1,FigureClone_K
TATGGGACCGAGCAGG-1,FigureClone_K
AGAGATCTCTAAAGCG-1,FigureClone_K
AAGTGTTTGGAGACGG-1,FigureClone_K
CAGTTCCGCGGGTCGA-1,FigureClone_K
AAGCATACTCTCCTGA-1,FigureClone_K
TTCCGGTTACCCACTT-1,FigureClone_K
AGATAACTTCAGGGCC-1,FigureClone_K
ATGGTCGCGTGGTTTC-1,FigureClone_K
GAGACTTCGCGACCGA-1,FigureClone_K
TCGCAAAGATGCATTT-1,FigureClone_K
TGGTTCAACGGGTAAT-1,FigureClone_K
GTGTATATCAGCGGGC-1,FigureClone_K
GCGAAGCCATACCCGT-1,FigureClone_K
ACAAGGGCAGGCTCTG-1,FigureClone_K
TTAAGCGCCTGACCCA-1,FigureClone_K
GCAGTGTGGCTATAGG-1,FigureClone_K
TGATCGGTTTGACCCT-1,FigureClone_K
ATACGCCGGCGAAACC-1,FigureClone_K
GTTGAGTCCCGCCGGT-1,FigureClone_K
GACACAAGGGAAGAAA-1,FigureClone_K
AGCTCTTCGTAACCTT-1,FigureClone_K
AAAGTCGACCCTCAGT-1,FigureClone_K
GGATGACGCGAGTTTA-1,FigureClone_K
CATTATGCTTGTTGTG-1,FigureClone_K
TCGTCTTAGGCGTTAA-1,FigureClone_K
TAAATGAATCCGTTTC-1,FigureClone_K
ATGTTACGAGCAATAC-1,FigureClone_K
TTGTCGTTCAGTTACC-1,FigureClone_K
TGGACCAATCTAAGAT-1,FigureClone_K
AACCAAGACTTCTCTG-1,FigureClone_K
GGTGCTGATCACAAAG-1,FigureClone_K
ACAAATCGCACCGAAT-1,FigureClone_K
GATATTGAGATTGGCG-1,FigureClone_K
ACGCATACGTTTACTA-1,FigureClone_K
TCTGATGTATTCTGTC-1,FigureClone_K
TTAGAAGAACATGACT-1,FigureClone_K
GGTGATTTCATCTTGT-1,FigureClone_K
TACAACGCACAACTCA-1,FigureClone_K
TAACTCATCCGCGCGG-1,FigureClone_K
CTTTGCATCGCTCTTG-1,FigureClone_K
TGGAATATCCTTGACC-1,FigureClone_K
TGTGGCAAAGCGTATG-1,FigureClone_K
AACTTGCGTTCTCGCG-1,FigureClone_K
CTTTACCGAATAGTAG-1,FigureClone_K
CCTGTACTCACGCCCA-1,FigureClone_K
TTAGACGAGTCACCTC-1,FigureClone_K
ACAAGGAAATCCGCCC-1,FigureClone_K
ACTGAATGGCGAAAGT-1,FigureClone_K
CCGAAGTATATTGTTC-1,FigureClone_K
GAAACTCGTGCGATGC-1,FigureClone_K
AATGACGTAGGATGTC-1,FigureClone_K
CGAGTGCTATAGTTCG-1,FigureClone_K
GAGGTCCCAAAGATCT-1,FigureClone_K
ACTTGACTCCCTCTTT-1,FigureClone_K
GCTAACTGAAGTCTGA-1,FigureClone_K
CTAGGCGCCCTATCAG-1,FigureClone_K
TGGTGATCGTATTTGT-1,FigureClone_K
GGTACATCTGGGACGA-1,FigureClone_K
GTACGCTTCATTGCAC-1,FigureClone_K
AATCGCCTCAGCGCCA-1,FigureClone_K
AAATCTAGCCCTGCTA-1,FigureClone_K
GCCTATAGTGTCAGGG-1,FigureClone_K
GGCGCATGAATTGATG-1,FigureClone_K
TACAAGTCTCGTGCAT-1,FigureClone_K
TAACAATATTTGTTGC-1,FigureClone_K
CCAAGGTTGCCCTTTC-1,FigureClone_K
GTACGAGATTGCGACA-1,FigureClone_K
TTACGGATGGTTCGAG-1,FigureClone_K
TCTGCATACCTTGCTT-1,FigureClone_K
TCGCGTCCAGAAGGTC-1,FigureClone_K
GAAATATGCTTGAATG-1,FigureClone_K
ATGTACATGCGGTGAG-1,FigureClone_K
CCAAGACTTCTGCGAA-1,FigureClone_K
AAGGCTGTGCTCATCG-1,FigureClone_K
GTGAGGACACTTAAGG-1,FigureClone_K
TCCCGGTCAGGAATTT-1,FigureClone_K
ACAGGCTTGCCCGACT-1,FigureClone_K
TCGGTGACCGCTCCGG-1,FigureClone_K
CCATCTTGTTCACAAT-1,FigureClone_K
TTCTTGCTAGCATCTC-1,FigureClone_K
CCTACTGCTTACACTT-1,FigureClone_K
CCCGCGCAATGCACCC-1,FigureClone_K
CTGGAAGACACGGTGG-1,FigureClone_K
TGCGTTTGTTGACACT-1,FigureClone_K
GCGGTTCCCTATCATG-1,FigureClone_K
CTTTAGTGCTATTATT-1,FigureClone_K
AGTGATAACCTGCGCG-1,FigureClone_K
TCCTAGCAAAGAAGCT-1,FigureClone_K
TCGCATCCCTAAGTGT-1,FigureClone_K
CGATTCGCCTGGCTGC-1,FigureClone_K
CTAGTTACAACCCGGT-1,FigureClone_K
CTGGTAACACATAGAA-1,FigureClone_K
TAAGGGCTGGGAGAGG-1,FigureClone_K
CCAATAGTGCCGTCGA-1,FigureClone_K
GTTGGATTGAGAACAC-1,FigureClone_K
GTAACTTGCGGCAGTC-1,FigureClone_K
GAGATCTGCTTGGCAT-1,FigureClone_K
GAGTATGCCCGCCTTG-1,FigureClone_K
CCGTTCCGAATCTCGG-1,FigureClone_K
TGGTCCCACGCTACGG-1,FigureClone_K
CGGCCACGCACAAAGT-1,FigureClone_K
CTACCCTAAGGTCATA-1,FigureClone_K
GTGCCATCACACGGTG-1,FigureClone_K
CCACTGGTGGCTGGTT-1,FigureClone_K
GCTAGGCACCACGGAG-1,FigureClone_K
ATAAAGGCTCGGTCGT-1,FigureClone_K
ATGCCGGTCTTGCATA-1,FigureClone_K
ATCGCACGCCGGGAGA-1,FigureClone_K
ACTATTCGTCCGTGGT-1,FigureClone_K
GCTGCTACTGCGTAGC-1,FigureClone_K
TCCGATGGTGCGACAT-1,FigureClone_K
AACATATCAACTGGTG-1,FigureClone_K
TCTCGAACGAGGTCAC-1,FigureClone_K
TTACGGTGTCACCGAG-1,FigureClone_K
TTATCCGGGATCTATA-1,FigureClone_K
TTCGTACTCCAGAACG-1,FigureClone_K
CAGACCTGTAAGTGTT-1,FigureClone_K
CGCAAACACGAGTTAC-1,FigureClone_K
CTTGTGCTCACCGATT-1,FigureClone_K
TACGTACTAGTGCTGA-1,FigureClone_K
AATTGAACGCTCTGGT-1,FigureClone_K
CTCTCACAATCGATGA-1,FigureClone_K
TGCAGAGTACCGAGCA-1,FigureClone_K
GTTCGTCTAAAGAACT-1,FigureClone_K
TATATTCGCGTCGATA-1,FigureClone_K
TGGTTCGTAGCAAAGG-1,FigureClone_K
CGTCGGATAGTGTTGA-1,FigureClone_K
TGCTAAGTGTCTATTT-1,FigureClone_K
TGACATCGAGCGGACC-1,FigureClone_K
AACCTCGCTTTAGCCC-1,FigureClone_K
ATTACTTACTGGGCAT-1,FigureClone_K
CGGCAAACATCGTGCG-1,FigureClone_K
GAAATATCACCATCAG-1,FigureClone_K
TGTAGTGATCTATAAT-1,FigureClone_K
TGGGCCCATACTAATT-1,FigureClone_K
TCCCGTGTGCAATTTG-1,FigureClone_K
TCCGCTGTCATCCCGG-1,FigureClone_K
GAGACTGATGGGTAGA-1,FigureClone_K
TAGTCTGTGACGTTGC-1,FigureClone_K
GTCATGGACATGACTA-1,FigureClone_K
GCTGGCATATTCACCT-1,FigureClone_K
CACGACTAAAGTTCTG-1,FigureClone_K
CTGGTCATTCCAATCC-1,FigureClone_K
AGCGGGAAGGGTCCAT-1,FigureClone_K
CGTTGTAAACGTCAGG-1,FigureClone_K
GAGGCTATCAAAGTCG-1,FigureClone_K
TGATCTCCGGCGCCAG-1,FigureClone_K
CAATGGTCGGCCTGGG-1,FigureClone_K
CTGCGGGTGAAATGTT-1,FigureClone_K
CTTCAACTCCACTTGG-1,FigureClone_K
CTCACTGTGATACTTA-1,FigureClone_K
TGCGGTGAAATTTCAT-1,FigureClone_K
TAGACGAAACGCCAAT-1,FigureClone_K
TATCTACAGAGGTAAT-1,FigureClone_K
CCCAATTTCACAACTT-1,FigureClone_K
TGTTATTGTATGTGGC-1,FigureClone_K
ACCAACCGCACTCCAC-1,FigureClone_K
ACGGATGGTGCGGATA-1,FigureClone_K
CAACTTGTAGTGGGCA-1,FigureClone_K
GCCCACCAAGGCTGTC-1,FigureClone_K
CGTTCAGACCCGCGAA-1,FigureClone_K
ATCAAACACTGTTCCA-1,FigureClone_K
TATGAAGACAGGTGCG-1,FigureClone_K
ACGGCACTTGCTTGGG-1,FigureClone_K
TGATTATGGCACGCAG-1,FigureClone_K
AAGCACCCTGCGTATC-1,FigureClone_K
AGCACTACCTCACCAG-1,FigureClone_K
GTGGCGGTCCCAGCGT-1,FigureClone_K
AAATGCTCGTTACGTT-1,FigureClone_K
AGATCGTGCATAAGAT-1,FigureClone_K
CATGAACCGACATTTG-1,FigureClone_K
TCACGCATTGTAGATC-1,FigureClone_K
GTGCGACAGGGAGTGT-1,FigureClone_K
TCTTACGGCATCCGAC-1,FigureClone_K
ATAAACCATTGGACGG-1,FigureClone_K
GATCATTCCAAACATT-1,FigureClone_K
TTATTAGAGCGTGTTC-1,FigureClone_K
GTGGACGCATTTGTCC-1,FigureClone_K
TGCAACCCATCTGCGG-1,FigureClone_K
ACTATATGCTGTGTTC-1,FigureClone_K
TGGAAGAAGGGAACGT-1,FigureClone_K
TCTCATGAGATAGGGT-1,FigureClone_K
TGAGTGCCTCTTAAAT-1,FigureClone_K
TCCGGGCTTGACGGGA-1,FigureClone_K
ACTCAAGTGCAAGGCT-1,FigureClone_K
ATCGGAGACAGACGGC-1,FigureClone_K
GTCACAAAGTTTCCAA-1,FigureClone_K
GATCGGCGATAAGTCG-1,FigureClone_K
TTAAACTCGAATTCAT-1,FigureClone_K
CGGGTTTGTTAGGGCT-1,FigureClone_K
TTGTGGTGGTACTAAG-1,FigureClone_K
AAGGTGATAAACCAGC-1,FigureClone_K
GTCTTGTAGCTATTCA-1,FigureClone_K
GGTTTGACAAGAAGCT-1,FigureClone_K
TCTCTTACCGCGAACC-1,FigureClone_K
CTGAGCAAGTAACAAG-1,FigureClone_K
GATATGGATTACGCGG-1,FigureClone_K
CACATTTCTTGTCAGA-1,FigureClone_K
CACACACGCTAACGAG-1,FigureClone_K
GCATGCTAATAACGAT-1,FigureClone_K
CCACTGTTTGGATTAA-1,FigureClone_K
GTGCGAAATCGAACAC-1,FigureClone_K
CTAGACTGCATTTCGT-1,FigureClone_K
TGGACACCGTTGCTTG-1,FigureClone_K
GCTCCCAGTCGGTCCA-1,FigureClone_K
TAGGTCGCCGGAACTG-1,FigureClone_K
CCAGCTTCCGCCCGCA-1,FigureClone_K
GTACGTCACGTATTAA-1,FigureClone_K
CTAATTCGCACGCGCT-1,FigureClone_K
TACTTAAACATGTACA-1,FigureClone_K
CTCGCACCTATATAGT-1,FigureClone_K
TAGGTCCAAGTAAGGA-1,FigureClone_K
GACGAGGCTAATAAAC-1,FigureClone_K
ACACCCAGCATGCAGC-1,FigureClone_K
CTCTGCGAAGCAAGCA-1,FigureClone_K
ATAGAGTACTGGGACA-1,FigureClone_K
TATGGAGTTTCTCGTT-1,FigureClone_K
TCCCGGGTGTGCTGCT-1,FigureClone_K
AACCGAGCTTGGTCAT-1,FigureClone_K
CGGTACTAGAATCAAA-1,FigureClone_K
AAATGGCATGTCTTGT-1,FigureClone_K
ATTGAAGATCTTAGTG-1,FigureClone_K
CATGTAAGAGACATTT-1,FigureClone_K
TCTATGCTATAACGAC-1,FigureClone_K
ATCAGGTCGCCATTGC-1,FigureClone_K
ACTTTCCTATAGCTTC-1,FigureClone_K
CCGACGTAAACACAAC-1,FigureClone_K
GAAATTGTCTCTATAA-1,FigureClone_K
TGATACATTTAGCCGT-1,FigureClone_K
TTACTGGGATATTTCA-1,FigureClone_K
CCTTTCAATGAAGAAA-1,FigureClone_K
AATGACTGTCAGCCGG-1,FigureClone_K
AATTTGGGACATAGTA-1,FigureClone_K
ACATCGGTCAGCCGCG-1,FigureClone_K
TTGACATGAACGTGGA-1,FigureClone_K
TTACAACTACGCATCC-1,FigureClone_K
GTCTATCTGAGTTTCT-1,FigureClone_K
TACCGGTCGTTTCCAT-1,FigureClone_K
AGATACCGGTGTTCAC-1,FigureClone_K
AACTCCTAATCCCATG-1,FigureClone_K
GATTACTGAATTTGGG-1,FigureClone_K
CAATGGAATCTACATA-1,FigureClone_K
GGGAAGGGCTTTCTCA-1,FigureClone_K
TGATCTACGCTGATCT-1,FigureClone_K
AGCTTATAGAGACCTG-1,FigureClone_K
CCACGAATTTAACCTC-1,FigureClone_K
TAATACACAGTAGTAT-1,FigureClone_K
ACTCGATGTATTTCAT-1,FigureClone_K
CTGGAAATGGATGCTT-1,FigureClone_K
CAAGATATTATAACGT-1,FigureClone_K
GCACGTGGTTTACTTA-1,FigureClone_K
GTTTGGCCCAAGTTAT-1,FigureClone_K
ACCCATCTTGAGGGTA-1,FigureClone_K
ATAATAGTGTAGGGAC-1,FigureClone_K
ACCACAAGTTTCTATC-1,FigureClone_K
AGACATAGATCCTTCC-1,FigureClone_K
CAATTTCGTATAAGGG-1,FigureClone_K
TTGAGGCATTTAACTC-1,FigureClone_K
ATGCATGATCCAGGAT-1,FigureClone_K
CATAGTCAAATACATA-1,FigureClone_K
AATATCAAGGTCGGAT-1,FigureClone_K
TGCGTACGGCTAATTG-1,FigureClone_K
TCCTTGTCCTTTAATT-1,FigureClone_K
GACTAACACAGCACCT-1,FigureClone_K
CGGGAATTTATGTAAA-1,FigureClone_K
AAATGATTCGATCAGC-1,FigureClone_K
CCGTATTAGCGCAGTT-1,FigureClone_K
TTGAGAAGTTTAGCAT-1,FigureClone_K
ATTCGTGCTATCTCTT-1,FigureClone_K
TCACAGATCCTCAAAC-1,FigureClone_K
TAAGGGCCTGTCCGAT-1,FigureClone_K
TTCCGCAGAGAAATAT-1,FigureClone_K
CTAGGCGGCAGAGAAT-1,FigureClone_K
ACAGATTAGGTTAGTG-1,FigureClone_K
ATTGATAGCAACGAGA-1,FigureClone_K
TACTGCAATCAATTAC-1,FigureClone_K
CAGCTCGACAAGTTAA-1,FigureClone_K
AGTCTTTAAAGTGTCC-1,FigureClone_K
ATTGATGAGTCCTAAC-1,FigureClone_K
GCCTTCAGCCCTACCG-1,FigureClone_K
GGCCACAAGCGATGGC-1,FigureClone_K
TCCGTTAAGCTAATAT-1,FigureClone_K
TGCGAGCCCTTCCGCG-1,FigureClone_K
AGGCGTCTATGGACGG-1,FigureClone_K
AGGTAGGTACAAAGCT-1,FigureClone_K
AACGCTGTTGCTGAAA-1,FigureClone_K
TTGCGTAGTTTGAGGA-1,FigureClone_K
AGCCCGCAACAAGCAG-1,FigureClone_K
AGCGACATCCCATTCA-1,FigureClone_K
CTACACTAGCTTGTTC-1,FigureClone_K
CAATGCGAGAAGTATC-1,FigureClone_K
TATGGGTACGTATCGT-1,FigureClone_K
ACGTTTAGTTGTGATC-1,FigureClone_K
TGCCAATGGGTACTCT-1,FigureClone_K
TAGTCCGCAGAGAATG-1,FigureClone_K
CCATCGCAGTTAAACT-1,FigureClone_K
CCAGCCTGGACCAATA-1,FigureClone_K
GGCACTCCACTGGGCA-1,FigureClone_K
CATAAGAAGCTTGGCT-1,FigureClone_K
AATTAAAGGTCGGCGT-1,FigureClone_K
GTACTGCATGAAGCGT-1,FigureClone_K
GAACCATCTGGGAGAC-1,FigureClone_K
TGAGATTAGGCCCTAA-1,FigureClone_K
ATGTGGACATCTTGAT-1,FigureClone_K
AATGGTCCACCGTTCA-1,FigureClone_K
CACACGCGCTGTCTTA-1,FigureClone_K
CAGGCCGTTTGGGTGT-1,FigureClone_K
CAAACTCGCGACGCCG-1,FigureClone_K
ACATCCCGGCCATACG-1,FigureClone_K
GTTTGGGCTTGTGAGC-1,FigureClone_K
AGTGCGTAGCTCGTAA-1,FigureClone_K
TCCGTTTAGCCTTGAA-1,FigureClone_K
TCGAAATTTAGGACCA-1,FigureClone_K
CAGAGTGATTTAACGT-1,FigureClone_K
GTGAAGATTTCAAGTG-1,FigureClone_K
GTGCCTCAGTGTACGG-1,FigureClone_K
TCCTACATCCACGGCC-1,FigureClone_K
CCGCTATCAGCACCAG-1,FigureClone_K
GTTACTTTGGGCCTAG-1,FigureClone_K
AACTGGGTCCCGACGT-1,FigureClone_K
AGACTAGCCTTCCAGA-1,FigureClone_K
CACTAAAGTTGCCTAT-1,FigureClone_K
GGTTTGTGACCTGAGG-1,FigureClone_K
GGTAGTGCTCGCACCA-1,FigureClone_K
CTGTTCACTGCCTGTG-1,FigureClone_K
ACACACCAGGACCAGT-1,FigureClone_K
GAATGTGGTCCGGATT-1,FigureClone_K
ATTCCTAAGACGTGGA-1,FigureClone_K
TAGTGTCAGAAACGGC-1,FigureClone_K
GACTAGGCCGTTAGGT-1,FigureClone_K
ATGGGCCTCGGCCTCT-1,FigureClone_K
CATCGTCCGGTTACTA-1,FigureClone_K
CATGGCAGGAAGATCG-1,FigureClone_K
TACAAGGGCTTCTTTA-1,FigureClone_K
TCAACTGCAGAGTCAG-1,FigureClone_K
TATTCCGGCAGTCCTA-1,FigureClone_K
CCTCTGTACTATTCTA-1,FigureClone_K
CCAGTAGTCTGATCCA-1,FigureClone_K
GCGTCCCTAAGACATA-1,FigureClone_K
TCTCCCTGGGCAGCGT-1,FigureClone_K
ATGTGCATCCGACGCA-1,FigureClone_K
GATTCCCTTGTCGCAG-1,FigureClone_K
CGATACCTCGCGGACA-1,FigureClone_K
AGGACAGTCGAATCCC-1,FigureClone_K
ACCAGTGCCCGGTCAA-1,FigureClone_K
GCTAATACCGAATGCC-1,FigureClone_K
ATAGCAACTAGGGAAG-1,FigureClone_K
TTATGATCTTAACGAA-1,FigureClone_K
CCTATGGGTTACCGTC-1,FigureClone_K
AACGTACTGTGGGTAC-1,FigureClone_K
CAGCTTAGTAGGTAGC-1,FigureClone_K
ATAATACCGTTAGCCG-1,FigureClone_K
CTCAACTAACCCGGAT-1,FigureClone_K
CACTCAAGAGCTATGG-1,FigureClone_K
GAGATGGGAGTCGACA-1,FigureClone_K
GTGCTCAAGTACTGTC-1,FigureClone_K
CTTGCCCAGGCTCTAC-1,FigureClone_K
GAGGGCGCAGCTCTGC-1,FigureClone_K
GTTACCTACAACTTGC-1,FigureClone_K
TTGAACGACGTGCTGA-1,FigureClone_K
AGACGAAGTGCCGGTC-1,FigureClone_K
TCACTACGACCAATGC-1,FigureClone_K
AACATCGATACGTCTA-1,FigureClone_K
GAGAGGTGCATTCTGG-1,FigureClone_K
TTACCGCCTTAGGGAA-1,FigureClone_K
CGCGCAAGGAACTACA-1,FigureClone_K
CCAAAGTCCCGCTAAC-1,FigureClone_K
AGCCACAGGTTACCCG-1,FigureClone_K
AACGCGACCTTGGGCG-1,FigureClone_K
GCAACGGCTAGTTATG-1,FigureClone_K
GGGAGTAATGGCTGGC-1,FigureClone_K
CGGCACTCAAGAAAGT-1,FigureClone_K
GTTCGGATCGGGAACA-1,FigureClone_K
TACTCGGCACGCCGGG-1,FigureClone_K
GACTGATTGGTCACAA-1,FigureClone_K
ACTCAGACCTGCTTCT-1,FigureClone_K
AGCTCCTTCGCACATC-1,FigureClone_K
TCCGAACTTGGCTTAC-1,FigureClone_K
TCGGCTTGTATCGACG-1,FigureClone_K
TTCCAATCAGAGCTAG-1,FigureClone_K
TCCCAGGCTTAGCTAA-1,FigureClone_K
CAGGCGCCATGCTAGG-1,FigureClone_K
CTACGCACGGAGTACC-1,FigureClone_K
TAGGTGCTCGCCTAGC-1,FigureClone_K
CTATTGTGTTTGGTCA-1,FigureClone_K
AACTTTAGCTGCTGAG-1,FigureClone_K
CCCAAGTCATTACACT-1,FigureClone_K
CGCCGTTCAGCATAGT-1,FigureClone_K
GGTCTTGAGCGCTCTT-1,FigureClone_K
TCGTGTTCGACCACAA-1,FigureClone_K
AGCATTACGAGGCAAG-1,FigureClone_K
CATAATGAGCGGGCGA-1,FigureClone_K
CCGCACTTGCAATGAC-1,FigureClone_K
GAATGCGAATCGGTTC-1,FigureClone_K
ACCGCAATAACTGCCT-1,FigureClone_K
ACTAATACGTCAGGCG-1,FigureClone_K
CGGTGCAGATAGAACG-1,FigureClone_K
TAGCGTCCCTCGATTG-1,FigureClone_K
TGAGCAGTCGTGAAGT-1,FigureClone_K
CTAGTTGGGCCCGGTA-1,FigureClone_K
TTCACGAAAGGATCAC-1,FigureClone_K
TCGTTGGCTCGTCAAT-1,FigureClone_K
CGCTACGGGACATTTA-1,FigureClone_K
AACTAGCGTATCGCAC-1,FigureClone_K
GTTAACTATGTTGTCA-1,FigureClone_K
TCTGAATTCCGTACAA-1,FigureClone_K
GTAGACGTCGTTACAT-1,FigureClone_K
CATGACTTCGCTGAAT-1,FigureClone_K
GGAGGGCTTGGTTGGC-1,FigureClone_K
CACAGGGCCATATAGT-1,FigureClone_K
AGGCTTGCTAGACACC-1,FigureClone_K
TCTGTCATACAAGAGC-1,FigureClone_K
CGTTGAATACCGCGCT-1,FigureClone_K
GACCGACTGAAGCGTC-1,FigureClone_K
TCTGAAGCACGTGGTC-1,FigureClone_K
TGGGCACGTTCTATGG-1,FigureClone_K
CTTCGATTGCGCAAGC-1,FigureClone_K
CGGTTATCCAACAGTG-1,FigureClone_K
TGCCCGTACCGTTAAA-1,FigureClone_K
TAGGCCTATATAGTCT-1,FigureClone_K
CGACACGCTCCGACAG-1,FigureClone_K
ATCACTTCATCCTCGC-1,FigureClone_K
CTCGATATTTGCGAGC-1,FigureClone_K
CTGGCTGGTTGTCAGT-1,FigureClone_K
AAGTTTACTAATGGCA-1,FigureClone_K
CTTGTGAGTCTTTGAC-1,FigureClone_K
CGTTAATGTCCCGACG-1,FigureClone_K
GTGACAGCTTCCCACT-1,FigureClone_K
TCAGGGTGTAACGTAA-1,FigureClone_K
TATGGCCCGGCCTCGC-1,FigureClone_K
TAGACGCCCGTACCGG-1,FigureClone_K
CCTGGCTAGACCCGCC-1,FigureClone_K
TCCAACTCAGCTATCT-1,FigureClone_K
GGGCGTGGTTTCCCAG-1,FigureClone_K
GAATCGCCGGACACGG-1,FigureClone_K
TTAAGCCGACAACTTC-1,FigureClone_K
ACGATCATCTTGTAAA-1,FigureClone_K
ATGGCTGGAAATGGCC-1,FigureClone_K
GCCTCCGACAATTCAC-1,FigureClone_K
CACAAGAAAGATATTA-1,FigureClone_K
CTAACCGCGCGCCCGT-1,FigureClone_K
TCAAACAACCGCGTCG-1,FigureClone_K
GCCACAATTTAAGGAC-1,FigureClone_K
CCGCTTACCTCACTCT-1,FigureClone_K
GGCCGGCGTCTGCTAT-1,FigureClone_K
CGTTGAGTAATTGCGT-1,FigureClone_K
AGGGCTGCAGTTACAG-1,FigureClone_K
AGTCACTCCGCCTCAT-1,FigureClone_K
CCTAGTTAGTCGCATG-1,FigureClone_K
TCAAGCGCGGACGGTA-1,FigureClone_K
GGTGGACTGCTCTGGC-1,FigureClone_K
GGGCGTCACCACGTAA-1,FigureClone_K
ACGCGCTACACAGGGT-1,FigureClone_K
AGGAGGCCTTCGCGCG-1,FigureClone_K
TCAACGCGACCGGCAG-1,FigureClone_K
CTGGCTCCTGCGGGAT-1,FigureClone_K
ATGTTGATTAGAGACT-1,FigureClone_K
ACTCGCCGTTCGATAA-1,FigureClone_K
TTAAAGTAAGTCGCCA-1,FigureClone_K
CTATGGGAAGCGGAAT-1,FigureClone_K
TTCCATCGACAGCGTG-1,FigureClone_K
GCAGCTATGGACAGGT-1,FigureClone_K
ATTCAACCATTTAAGG-1,FigureClone_K
GGGATTTACCGCACCT-1,FigureClone_K
AGTTGGCAAGGCTAGA-1,FigureClone_K
CACTCTCAAGCATCGA-1,FigureClone_K
GCACAAGTGTCGGAAG-1,FigureClone_K
GCCTATGCTGGGCCTT-1,FigureClone_K
CATGGTCTAGATACCG-1,FigureClone_K
CCCTGCGCTACGCATA-1,FigureClone_K
TTGCCGGTGATCCCTC-1,FigureClone_K
AACAGGTAGTATGGAT-1,FigureClone_K
TAGATCCGAAGTCGCA-1,FigureClone_K
CTTGCCCACCCACGCA-1,FigureClone_K
CGGCTCTAAAGCTGCA-1,FigureClone_K
CCGCACGTGACCTCGG-1,FigureClone_K
GATGCGAATGGTATTA-1,FigureClone_K
GACAACGCAGCTTACG-1,FigureClone_K
GATTCGACGGTTCACG-1,FigureClone_K
AAGGAGCGGTTGGTGC-1,FigureClone_K
GTACTGAGGTCGTAAC-1,FigureClone_K
GGCAAATTACTTTACT-1,FigureClone_K
TGCAATTTGGGCACGG-1,FigureClone_K
TCACCGCTCGGCACTC-1,FigureClone_K
TACCTGCTGCACTGTG-1,FigureClone_K
TATTCCGAGCTGTTAT-1,FigureClone_K
AACTACCCGTTTGTCA-1,FigureClone_K
CAGATAATGGGCGGGT-1,FigureClone_K
CATGGTTTATTAATCA-1,FigureClone_K
GTTGAACCGGTTCCAT-1,FigureClone_K
GGTGCAGAGCCTATCG-1,FigureClone_K
GTATTAAGGCGTCTAA-1,FigureClone_K
ATAAACGTTGCACCAC-1,FigureClone_K
AACACGCGGCCGCGAA-1,FigureClone_K
GTGATTCGCCGCTCAA-1,FigureClone_K
CCCGCAGGGCCCAAAG-1,FigureClone_K
CACAGCTAGGGAGTGA-1,FigureClone_K
CGTGAAGTTAATTCAC-1,FigureClone_K
ACCGATGGTAGCATCG-1,FigureClone_K
CCTGCTATTTGAGAAG-1,FigureClone_K
GACGCTTGCTTCTAAA-1,FigureClone_K
GAAACTCTAATGAAGG-1,FigureClone_K
ATCGCCAGTCAACATT-1,FigureClone_K
CAACTATATCGAATGC-1,FigureClone_K
AGTGAGCCTCGCCGCC-1,FigureClone_K
TACCGAATAATTGTAA-1,FigureClone_K
TGAATACCGACGCGTA-1,FigureClone_K
AAGACTAACCCGTTGT-1,FigureClone_K
CGCACATGTCCACTAC-1,FigureClone_K
CACCCTAACAAGATCT-1,FigureClone_K
GGCGCTCCTCATCAAT-1,FigureClone_K
CGTTTCGCTCATTACA-1,FigureClone_K
TCAACCATGTTCGGGC-1,FigureClone_K
TCGCTCGATATATTCC-1,FigureClone_K
GACTAAGATCATGCAC-1,FigureClone_K
GCTATCGCGGCGCAAC-1,FigureClone_K
TCGCCGACATATTCGC-1,FigureClone_K
ACATCGATCGTTTACC-1,FigureClone_K
AACTCTCAATAGAGCG-1,FigureClone_K
GTTCTTCCCTCGATGT-1,FigureClone_K
CGTGCATTGTCGACGC-1,FigureClone_K
CGAGGGACTGCGGTCG-1,FigureClone_K
GAGATCTGTCACTCCG-1,FigureClone_K
GAGCTCTCGGACCTAA-1,FigureClone_K
GAGTGTCAACCAGAAA-1,FigureClone_K
AACACGACTGTACTGA-1,FigureClone_K
GAAGTTTCCACTCAAT-1,FigureClone_K
CCATATGGAAACTATA-1,FigureClone_K
TTAACACCTCGAACAT-1,FigureClone_K
AGGGTCGATGCGAACT-1,FigureClone_K
GTCGCGTAACCCGTTG-1,FigureClone_K
TAATTAGGACATCCGT-1,FigureClone_K
GAACAACTGGGATGAA-1,FigureClone_K
GACGGTCAATAGAAGC-1,FigureClone_K
ACGAGTACGGATGCCC-1,FigureClone_K
ATTGTACAACTCGGCT-1,FigureClone_K
AAGAGGATGTACGCGA-1,FigureClone_K
TTGTGAACCTAATCCG-1,FigureClone_K
ATCTGTAATTGTACCC-1,FigureClone_K
GGAGCAACATTTCAAG-1,FigureClone_K
ATAAGTAGGATTCAGA-1,FigureClone_K
ATCCTGCTGCAGATAG-1,FigureClone_K
AGTCGTATAAAGCAGA-1,FigureClone_K
TCTATAGGTGGGTAAT-1,FigureClone_K
TCGGGCACTTCTGGAT-1,FigureClone_K
AACTGAGGTCAGCGTC-1,FigureClone_K
CCCTGATGTAACTCGT-1,FigureClone_K
TTGTTGTGTGTCAAGA-1,FigureClone_K
GCAGCGGTGGGCATTA-1,FigureClone_K
TACGCTCGGTATTGGA-1,FigureClone_K
AGTCAACACCACCATC-1,FigureClone_K
CCGTAGGAAATCCCTG-1,FigureClone_K
GCCCTGAGGATGGGCT-1,FigureClone_K
GCCTACGTTCTGTGCA-1,FigureClone_K
GAGCGGAATGCGGTGT-1,FigureClone_K
TCTCGGCTCCAGGACT-1,FigureClone_K
TCTTTAAGACTATGAA-1,FigureClone_K
TCGGTCCCTGACTCCA-1,FigureClone_K
CTTTCTGTGCGGGCTT-1,FigureClone_K
GCATGAGGGACGCGGC-1,FigureClone_K
AACCGCTAAGGGATGC-1,FigureClone_K
GGGTAATGCTGTGTTT-1,FigureClone_K
AGGGACAGCACGGCGG-1,FigureClone_K
GGAAACCTTGTTGAAT-1,FigureClone_K
GTTCCAAGACAGCGAC-1,FigureClone_K
TCTCGACGTATCGCCG-1,FigureClone_K
GTATAGGACTCAGTAG-1,FigureClone_K
TAATACTAGAACAGAC-1,FigureClone_K
GACATCCGTCGAACTG-1,FigureClone_K
ATCCACATCGACAGAA-1,FigureClone_K
GGAATGCGCTAGCGTG-1,FigureClone_K
GCGTCCAGCTCGTGGC-1,FigureClone_K
GACGTGTAGGGATTAT-1,FigureClone_K
GGCGCAGGACATCTTC-1,FigureClone_K
GGGCAGTCAACGCCAA-1,FigureClone_K
GTCTATTGCATGCTCG-1,FigureClone_K
TGAATGTCAGCCGGCC-1,FigureClone_K
GACCGACGTGAAAGCA-1,FigureClone_K
GACGTGAGACTCCATG-1,FigureClone_K
TTATCTGTATCATAAC-1,FigureClone_K
GTGCCCGTTCGGATTC-1,FigureClone_K
CCGGAATGGTTTCAGT-1,FigureClone_K
TCTTAGAGCTCCAATT-1,FigureClone_K
CGTCGTCCTTCGCGAA-1,FigureClone_K
CCTACAAGTCCGGAAT-1,FigureClone_K
TCCCAAAGACGAAGGA-1,FigureClone_K
CTGACTGCGCAGCTCG-1,FigureClone_K
TGATCCCAGCATTAGT-1,FigureClone_K
ACAGGCACGGATCCTT-1,FigureClone_K
CGAAACATAGATGGCA-1,FigureClone_K
CGAACGCCCAGTGCCG-1,FigureClone_K
TAGAAAGGTGGCGCTA-1,FigureClone_K
ATCCAATGGAGGGTCC-1,FigureClone_K
TGTGTCGCGAGTTGCA-1,FigureClone_K
GTAGTCGCGGGAATCA-1,FigureClone_K
TGCTGTTGAAGAACTC-1,FigureClone_K
GGGCGTACATTTATAT-1,FigureClone_K
ACAAATGGTAGTGTTT-1,FigureClone_K
CTGATAGTGTATCTCA-1,FigureClone_K
ATGCACTACCGCATTG-1,FigureClone_K
CCTAACCCAAACAAGT-1,FigureClone_K
GTCCGGCTGAATTGCG-1,FigureClone_K
CTTCGTAGATAGGTGA-1,FigureClone_K
TTGAAAGGTGTAAAGG-1,FigureClone_K
GGATACTCATGAATTG-1,FigureClone_K
TCACTCGTGCAACGGC-1,FigureClone_K
GGTCACGTTAGATTCA-1,FigureClone_K
CCTCACCAATCTTGAC-1,FigureClone_K
CAGCTCGTGCTTGTGT-1,FigureClone_K
TAAGTTGCGACGTAGG-1,FigureClone_K
GCTCCGCTCGCTTCAG-1,FigureClone_K
GCAACCACCAGACCGG-1,FigureClone_K
TCCAGGCGAGTACGGT-1,FigureClone_K
GCCAGGCGTTCGCATG-1,FigureClone_K
CTATGTCACTAGCCCA-1,FigureClone_K
CTTTAGGAACACTGTT-1,FigureClone_K
CCGGGCGGTCTCGTCA-1,FigureClone_K
TGCAAGAATGACGTAA-1,FigureClone_K
ACTATCCAGGGCATGG-1,FigureClone_K
TTAGTAGGGCGGCGGG-1,FigureClone_K
ACGTTAGATTTGCCCG-1,FigureClone_K
GTCAGTTGTGCTCGTT-1,FigureClone_K
AGCACTTAAGGACGCC-1,FigureClone_K
GAGTACGGGTATACAA-1,FigureClone_K
TCGCCGGTCGATCCGT-1,FigureClone_K
ACGTTATTGGTCACTC-1,FigureClone_K
GCTAAGTAAAGGCGAT-1,FigureClone_K
GCAGATCCTCGCAAAT-1,FigureClone_K
ATGCGACAATTGGTCC-1,FigureClone_K
TCAGTACTGACCCGCG-1,FigureClone_K
TTCTTTGGTCGCGACG-1,FigureClone_K
TCTTACTTATGCCTCT-1,FigureClone_K
CAATGGATCTCTACCA-1,FigureClone_K
AATAGCTACCGCGTGC-1,FigureClone_K
TCCGTAACCACAATCC-1,FigureClone_K
GGGATGGTCGTAACCG-1,FigureClone_K
TTCGCATCCGGAAGCA-1,FigureClone_K
CTTGTACTTGTTGACT-1,FigureClone_K
CCCAAGACAGAGTATG-1,FigureClone_K
CACATCTCACCGACGA-1,FigureClone_K
CAGTCGAGGATGCAAT-1,FigureClone_K
GATTCCTATACGGCGC-1,FigureClone_K
ATTGCTGCTCCTCCAT-1,FigureClone_K
GTTACGGCCCGACTGC-1,FigureClone_K
ATAGGTTGGGCAGATG-1,FigureClone_K
TCCCAAACAGACAACG-1,FigureClone_K
ATTTCATTATTTCGCG-1,FigureClone_K
TGCAACTACTGGTTGA-1,FigureClone_K
TAGTGAGAAGTGGTTG-1,FigureClone_K
GCGTCTCTGCATTGGG-1,FigureClone_K
TAGAATAGCCGATGAA-1,FigureClone_K
TAGGCTAAAGTGGCAC-1,FigureClone_K
GGACACAAGTTTACAC-1,FigureClone_K
TTAACTCACGCGTGGA-1,FigureClone_K
ACTTACCGGGCGCGCA-1,FigureClone_K
ACGGCGACGATGGGAA-1,FigureClone_K
GATTCCGCGTTTCCGT-1,FigureClone_K
TGGCTATGTGACATAC-1,FigureClone_K
AATTGCAGCAATCGAC-1,FigureClone_K
CTCGGTACCACTGCTC-1,FigureClone_K
TCATCACTCGAGCTCG-1,FigureClone_K
TGCACTATGTGAGTGC-1,FigureClone_K
ATCTAATATCCTACGG-1,FigureClone_K
ATTCCCACATAAACAA-1,FigureClone_K
ACGATGGATCCGATGC-1,FigureClone_K
ATAGTGAAGCGTTCTC-1,FigureClone_K
TCCTGCGTTGATACTC-1,FigureClone_K
CGCGACACTGCGCAGC-1,FigureClone_K
TTACTCCGGCCGGGAA-1,FigureClone_K
CCGTGCCCATGACGGC-1,FigureClone_K
ACGGGTCATGTGACTT-1,FigureClone_K
CATCGGACGGGTTAAT-1,FigureClone_K
TCCTAACCGTCGGGCA-1,FigureClone_K
GCAGCACACAGCCCAG-1,FigureClone_K
TTGCGTGTGTAGGCAT-1,FigureClone_K
CCAACGCTTGCCAGGG-1,FigureClone_K
GAGGTACATCCATCTT-1,FigureClone_K
TCCGAAGTAGTCACCA-1,FigureClone_K
TAGATGGTTCCTTACT-1,FigureClone_K
AGGACGACCCATTAGA-1,FigureClone_K
ATCATAGCCCTATGTA-1,FigureClone_K
ACCTAATCGACTTCCT-1,FigureClone_K
GATGACGATGATCGCG-1,FigureClone_K
GTCCTACGAATAGTCT-1,FigureClone_K
ATTAATTCGGTCACTC-1,FigureClone_K
CCTCCCGACAATCCCT-1,FigureClone_K
ACAGCGACATTCTCAT-1,FigureClone_K
TCCAAGCCTAGACACA-1,FigureClone_K
ATCTTATCGCACACCC-1,FigureClone_K
TTCTGCCGCGCCTAGA-1,FigureClone_K
GGCATACAGGTAGCGG-1,FigureClone_K
CTAACGAAACTTGCTG-1,FigureClone_K
TCCCTGGCTCGCTGGA-1,FigureClone_K
TACCAGCTAGGTTTAA-1,FigureClone_K
TGCCTAATTGAAGATT-1,FigureClone_K
TGGAACCACTGACACA-1,FigureClone_K
TCTGAACTCGTACCCG-1,FigureClone_K
TCTTGATGCGTAGCGA-1,FigureClone_K
ATGCGAGTCCCACCAC-1,FigureClone_K
TGGGAAATGCCTTTCC-1,FigureClone_K
GGCGGAGTAATATTAG-1,FigureClone_K
AGACCCGCCCTCCTCG-1,FigureClone_K
GCTTTCAGAGGAGGTG-1,FigureClone_K
CCATGCCCTAGATTTC-1,FigureClone_K
GATCTTTGCAGGGTAT-1,FigureClone_K
CTAGCCGATGTTATGA-1,FigureClone_K
GTGCCTGAGACCAAAC-1,FigureClone_K
GTTAGCCCATGACATC-1,FigureClone_K
GTCTTAGTACAGCCGG-1,FigureClone_K
TACCGCGGACTTGCAG-1,FigureClone_K
CGAGTTCTGTCCCACC-1,FigureClone_K
GCTTCCAGCTTAGATT-1,FigureClone_K
AGTGCTAAACACAGCA-1,FigureClone_K
GAGGCCTGTTGATACA-1,FigureClone_K
ACACCTTACTACTTGC-1,FigureClone_K
CGTTAAACTAGTTAGG-1,FigureClone_K
CGGCAGGGTCGGGTTG-1,FigureClone_K
TATTGCCGGGCTTGTA-1,FigureClone_K
ATCGTTCACTTTCGCC-1,FigureClone_K
GATGTCCGGATCACAT-1,FigureClone_K
GCAAGATGTGTTCGCG-1,FigureClone_K
CGGGAGTATACCGCCG-1,FigureClone_K
GCCAATAGGGCATCTC-1,FigureClone_K
CTGAATTTATTGCCAG-1,FigureClone_K
GGTACGTTGCGGCCGG-1,FigureClone_K
CCAGCTACGCCTCATA-1,FigureClone_K
AGTGAGTCGAATTAAC-1,FigureClone_K
CGCAATTAGGGTAATA-1,FigureClone_K
TGTACTGTGCCAAAGT-1,FigureClone_K
CTATTTGGTTACGGAT-1,FigureClone_K
CACAATGAGCTGCTAT-1,FigureClone_K
TTGCTAGCTACCAATC-1,FigureClone_K
ATAAACGGACCCGTAA-1,FigureClone_K
CCATAGGTTGGCGTGG-1,FigureClone_K
ACTTATTTATGTGCCA-1,FigureClone_K
TCATTTAAGTCTCCGA-1,FigureClone_K
GCGTGGTACTGGGTTA-1,FigureClone_K
ACGCTAGTGATACACT-1,FigureClone_K
CATCCTCTCAAAGATC-1,FigureClone_K
TAGGGTGTTTCAAGAG-1,FigureClone_K
GGCGAAATCTAACTTG-1,FigureClone_K
TCTTCCCATGGGCACA-1,FigureClone_K
TCGTACCGACGTCAAG-1,FigureClone_K
ATTCGACGCCGGGCCT-1,FigureClone_K
GACCGCGTCTGACGTG-1,FigureClone_K
GCACTAGTCGCGCTAT-1,FigureClone_K
GGCGCGGAGATCTTTC-1,FigureClone_K
AGATCTCAGGTGTGAT-1,FigureClone_K
GTGAAACGTGCTCCAC-1,FigureClone_K
CAGTGGTTGCACATGA-1,FigureClone_K
CCCTTCTCGTACGCGA-1,FigureClone_K
CGCCCTTGAAGGCTGA-1,FigureClone_K
TTCTGCGGGTTAGCGG-1,FigureClone_K
AAGTTCACTCCAAGCT-1,FigureClone_K
ATTCCTTCCAGGCGGT-1,FigureClone_K
CCTTCGTATAGAATCC-1,FigureClone_K
ATGTTGTAGTCTGTTT-1,FigureClone_K
CGAAGTTGCTCTGTGT-1,FigureClone_K
TCAGCAGTAGGCCCTG-1,FigureClone_K
TCCTCGGGCTGGGCTT-1,FigureClone_K
TCAAATTTGAGACTCA-1,FigureClone_K
CCGCATGTGGTACGAT-1,FigureClone_K
AGTTTGCACCTGCCTC-1,FigureClone_K
GGGTATGTATGCACTT-1,FigureClone_K
TTGTGGCCCTGACAGT-1,FigureClone_K
ACGGCGGGTTGCCCTG-1,FigureClone_K
CAAGTAAGTGATAGAC-1,FigureClone_K
TTCAGCCCTGGTCCAC-1,FigureClone_K
TTGTGCAGCCACGTCA-1,FigureClone_K
GATGCTACAAGCGCCT-1,FigureClone_K
GCTGCTCTCCGGACAC-1,FigureClone_K
CTCGAGGTCGAACAGT-1,FigureClone_K
AGTACCTTCGAGTGCT-1,FigureClone_K
GGCAAGGCGAAATAGC-1,FigureClone_K
AAGTGCAAAGGTAGAC-1,FigureClone_K
TCTTCTATAACCCGCC-1,FigureClone_K
TTGGGCGGCGGTTGCC-1,FigureClone_K
CGATGGACCCTACGCC-1,FigureClone_K
AATCTGCGTTGGGACG-1,FigureClone_K
CTGTGCAGGGTAGGTC-1,FigureClone_K
AGTCTTCTCCTCAAAT-1,FigureClone_K
TTAACGTCGCAAGACC-1,FigureClone_K
CACGTCGGCAACCTCT-1,FigureClone_K
GAGTATGCGCGTGCAT-1,FigureClone_K
GTGGACCAACCCGATT-1,FigureClone_K
TTCCTCTGCCCGAATA-1,FigureClone_K
GTGACGCAGGTTTCAT-1,FigureClone_K
GACCCGTCGCCGGCTA-1,FigureClone_K
ATTATCTCGACAGATC-1,FigureClone_K
TAGCCATTTCAAAGTC-1,FigureClone_K
GCCCGCGCGTAAACGG-1,FigureClone_K
AGTGCTTGCACGAATA-1,FigureClone_K
GCAGATTAGGGATATC-1,FigureClone_K
AACGATAATGCCGTAG-1,FigureClone_K
CTTGTTGCTGAGTCAA-1,FigureClone_K
GCTCTCGGGTACCGAA-1,FigureClone_K
GTTTGGCCGCTCAGCG-1,FigureClone_K
CTCTGGACGCCTGGTG-1,FigureClone_K
CGGGCCTTCTTTGTAA-1,FigureClone_K
GCGCTATGCCGAGGCA-1,FigureClone_K
CTACTGCCACCTGACC-1,FigureClone_K
GGTGCTGGTACACATT-1,FigureClone_K
CTCTTGTCCCGCTTGG-1,FigureClone_K
GGGCTGCCTAGGGCGA-1,FigureClone_K
CGGTTGACCTGGCATA-1,FigureClone_K
TGGCAGATTACGATCA-1,FigureClone_K
TTGTAATCCGTACTCG-1,FigureClone_K
CAGTACATTCTCTAAA-1,FigureClone_K
ATCAATCTGGGCTGCA-1,FigureClone_K
GCGATTCTGGAAGCAG-1,FigureClone_K
ACCCACCTACATGCTC-1,FigureClone_K
AGTAGGTAACATACAT-1,FigureClone_K
ATAGACAACGGGACCT-1,FigureClone_K
TAGTGCCCTCCAGAGT-1,FigureClone_K
CATAACGGACAGTCGT-1,FigureClone_K
TCACGTGCCCGATTCA-1,FigureClone_K
AATTAGCGCTGCAGCG-1,FigureClone_K
TACGACTGCCTCTTAG-1,FigureClone_K
TGCGCAAAGCATTTGG-1,FigureClone_K
ACACAAAGACGGGTGG-1,FigureClone_K
TATTAACCTGACCGCG-1,FigureClone_K
GTCGCCGTTGTGTGTT-1,FigureClone_K
AAAGACCCAAGTCGCG-1,FigureClone_K
GATTGGGAAAGGTTGT-1,FigureClone_K
GCATAGAGCACTCAGG-1,FigureClone_K
TGATTCTGTCGCCGGT-1,FigureClone_K
GCGAGGCCCGAGCAGA-1,FigureClone_K
ATGACTATGCGACATT-1,FigureClone_K
TGCGTAAGAACCTGAT-1,FigureClone_K
TAAGTAACATCTTGAC-1,FigureClone_K
GGGTGACACCTTAACT-1,FigureClone_K
ATCGCTGCGTGCAGCA-1,FigureClone_K
CGAGTACTAAAGAGGA-1,FigureClone_K
AGTGAGGGTTTCTGAC-1,FigureClone_K
AGACGGGCCGATTTAA-1,FigureClone_K
GCTTGGATCGATTAGG-1,FigureClone_K
GATAGGTAACGTTGAC-1,FigureClone_K
CGGAGCAATTTAATCG-1,FigureClone_K
ATTCATCGTTGAGGCA-1,FigureClone_K
CATAGAGGAGATACTA-1,FigureClone_K
GACTCCCAGAATAAGG-1,FigureClone_K
AGCATATCAATATGCT-1,FigureClone_K
GGTCTGAGAATCTGGA-1,FigureClone_K
TCGGGCCGTCGTGGTA-1,FigureClone_K
ACCAATATGCAAGTTA-1,FigureClone_K
GTTAATGTCTATCTTA-1,FigureClone_K
TATATCCCTGGGAGGA-1,FigureClone_K
TTGGACCTATAACAGT-1,FigureClone_K
ACGATGCATATGTTAT-1,FigureClone_K
AGCAAAGGCCGCTAGT-1,FigureClone_K
TGGTTGGAGGATCCTG-1,FigureClone_K
GGTTAGGCTTGGAGAA-1,FigureClone_K
TTGCATGCTGATCACG-1,FigureClone_K
TTACCCTAACAGTCCT-1,FigureClone_K
ATGCTCTGGCGCGGTA-1,FigureClone_K
TCGTTAGGAGTCCCTA-1,FigureClone_K
ATGTTCCTGCCCACCT-1,FigureClone_K
GACTGCAAATCGAGCT-1,FigureClone_K
GGCATCAACGAGCACG-1,FigureClone_K
TCAGCCAATCCGTAAA-1,FigureClone_K
TCGGACGCCCAGCCCA-1,FigureClone_K
CTGTCACGCCAGGCGC-1,FigureClone_K
CAAACTATTGAGCTTC-1,FigureClone_K
AACTCGATGGCGCAGT-1,FigureClone_K
TCGTAAGACGACATTG-1,FigureClone_K
GCTCGCGGTTCCGCTC-1,FigureClone_K
CATGGGTATGCCTTAT-1,FigureClone_K
CTAATTTCAACAACAC-1,FigureClone_K
TAATTGGAATCGGGAA-1,FigureClone_K
GTGTGAATAACTTAGG-1,FigureClone_K
TTGGATCGACTTCTGG-1,FigureClone_K
ACAATTGTGTCTCTTT-1,FigureClone_K
AACAATTACTCTACGC-1,FigureClone_K
GGACGGCTTGCGCAAC-1,FigureClone_K
AGTCACTAGCTCTCGA-1,FigureClone_K
ACGGACTCTCAAAGCG-1,FigureClone_K
AAACCTCATGAAGTTG-1,FigureClone_K
ATTGGATTACAGCGTA-1,FigureClone_K
TGCACAGTGAAGTTAT-1,FigureClone_K
GGTATTGCCGAGTTTA-1,FigureClone_K
CATGTCTCATTTATGG-1,FigureClone_K
GGTTTGAGTGCTGGAA-1,FigureClone_K
AAAGGCTCTCGCGCCG-1,FigureClone_K
TTCAGCTGGCGTGCCC-1,FigureClone_K
CTGGGCCTGCTATATC-1,FigureClone_K
GTTATTAACGTGGGAG-1,FigureClone_K
CCTATGTCCACTCCAC-1,FigureClone_K
TTGACCAGGAACAACT-1,FigureClone_K
TTAGCTAATACGATCT-1,FigureClone_K
ACACTCCAATGTCACT-1,FigureClone_K
CAGTTCAAATTGACAC-1,FigureClone_K
TATCCAATTGGTTATC-1,FigureClone_K
TCAGTAGGGACTATAA-1,FigureClone_K
AGTTCCTACAGAATTA-1,FigureClone_K
TTCAAGCCGAGCTGAG-1,FigureClone_K
ATCGACTCTTTCCGTT-1,FigureClone_K
ATTGACGTAACTCGGT-1,FigureClone_K
ACCAACGCTTATTTAT-1,FigureClone_K
TAGGTGACGATAACCT-1,FigureClone_K
GGATCCGGAATATACT-1,FigureClone_K
GACCGTGCTGACGGTG-1,FigureClone_K
AAGACTGCAAGCTACT-1,FigureClone_K
ATCATCCAATATTTGT-1,FigureClone_K
ATATGTCTCCCTAGCC-1,FigureClone_K
TTGACTACCATATGGT-1,FigureClone_K
ATCACGTGCTAATTAA-1,FigureClone_K
GAAATTCACATCGCTG-1,FigureClone_K
ATATTTAACCCTCAAG-1,FigureClone_K
CCAGGGACGTGGCCTC-1,FigureClone_K
TAGTACCTTAGTGGTC-1,FigureClone_K
GGTAACTATGTATCTG-1,FigureClone_K
TAGTCTAACAACGAGA-1,FigureClone_K
TGGTATCGGTCTGTAT-1,FigureClone_K
CTCAAGACATTAGCGC-1,FigureClone_K
TTGAAGAATTCCCAGG-1,FigureClone_K
CGGAACGTAAACATAG-1,FigureClone_K
TAAGGCAACATAAGAT-1,FigureClone_K
CTTGTCGTACGTGTCA-1,FigureClone_K
AGTCGTCGACCACCAA-1,FigureClone_K
AGAGCTACGAAAGCAT-1,FigureClone_K
TGTGACTAGAGTTTGC-1,FigureClone_K
CTAAACGGGTGTAATC-1,FigureClone_K
CTCGAATGGAACGTAT-1,FigureClone_K
GTCCGGACCTGAAATT-1,FigureClone_K
TAGTAGCTTATACCAG-1,FigureClone_K
CACTCAGCTCTTGAGG-1,FigureClone_K
GGCGGTAGGATCATTG-1,FigureClone_K
TCGGAATGCGCTCTGA-1,FigureClone_K
TGATCACCACACTGAC-1,FigureClone_K
TAAATGCCGTCTCATG-1,FigureClone_K
GCGCGTCATTGGTACA-1,FigureClone_K
ACATCGTTAACCTAGT-1,FigureClone_K
GGTTCTACTCGTCTGA-1,FigureClone_K
GTGGTCAGCGAAGTAT-1,FigureClone_K
CACGTCTATGATGTGG-1,FigureClone_K
GCTACAATCGAGGATA-1,FigureClone_K
AGTTACCCTTAAGACT-1,FigureClone_K
AATGATGCGACTCCTG-1,FigureClone_K
GACACGAGTTAGAGGA-1,FigureClone_K
GTATAATCTCCCGGAT-1,FigureClone_K
CCCAGAGGAGGGCGTA-1,FigureClone_K
AGATGACTCGCCCACG-1,FigureClone_K
CGGTTTATGAAGGAAC-1,FigureClone_K
GTTTCTAGAGGCGCGG-1,FigureClone_K
GTTTGGGTTTCGCCCG-1,FigureClone_K
AGTAATGTCTTGCCGC-1,FigureClone_K
TTCGGACTGATGCCTT-1,FigureClone_K
AGGTACGATATTGCCA-1,FigureClone_K
GATCGGTGGCCATAAC-1,FigureClone_K
CGCCCAGCGTTTCACG-1,FigureClone_K
CGCTTCGGTCTAAGAC-1,FigureClone_K
ACCTACAGTATGTGGT-1,FigureClone_K
GCGTTATATTTGGAAC-1,FigureClone_K
CGGTTCAAGTAGGTGT-1,FigureClone_K
GCAGATCCATAAGACT-1,FigureClone_K
TGGAAACGGAGTGAAC-1,FigureClone_K
TATACTCATGCGGCAA-1,FigureClone_K
TTACTAAAGGACTTTA-1,FigureClone_K
GTCAAGCGGACTCGGG-1,FigureClone_K
TTCCGCGTGAGGCGAT-1,FigureClone_K
CGGGCCATAGCCGCAC-1,FigureClone_K
TGCTCCACAGTTCTTA-1,FigureClone_K
AGAAGGTTGCCGAATT-1,FigureClone_K
CGGTGCGCGTTGGTCC-1,FigureClone_K
AAGATTGGCGGAACGT-1,FigureClone_K
CCAAACAGAACCCTCG-1,FigureClone_K
ATGGATTGACCAAACG-1,FigureClone_K
AGGCTATGGTTAGCTT-1,FigureClone_K
TACGCCTCCATTCCGA-1,FigureClone_K
ACACGAGACTCCTTCT-1,FigureClone_K
TTAGTTATTCGTGGCA-1,FigureClone_K
CACTCCTATGTAAGAT-1,FigureClone_K
TCTTGGTAACACCAAA-1,FigureClone_K
CCAGCTGATGGTACTT-1,FigureClone_K
GTTGCACGGAGTTTCG-1,FigureClone_K
GTTATCACCTTCTGAA-1,FigureClone_K
GTGATCCTTGTCATGA-1,FigureClone_K
GTCGTTATTCGCTTAT-1,FigureClone_K
TCGGGAGACAGCGTAC-1,FigureClone_K
CCGAGCTGTGCTTGTC-1,FigureClone_K
TGGGCACAAACAGAAC-1,FigureClone_K
AATCATGTAAAGACTC-1,FigureClone_K
CTAGTAGAAAGGGATT-1,FigureClone_K
TCCTGCCAACTGGAGA-1,FigureClone_K
GTACACTTACCTGAAG-1,FigureClone_K
GAATTCACCCGGGTGT-1,FigureClone_K
ATGTGTAGTTTAGTCA-1,FigureClone_K
ATACTAGCATGACCCT-1,FigureClone_K
GGCAGCGGTAATCCTA-1,FigureClone_K
TTGGACATGTGGCTTA-1,FigureClone_K
ACTGTCCAGGATTATA-1,FigureClone_K
AGCTAGAAGCAGAAGT-1,FigureClone_K
TGTGCCGGTGCCGGAA-1,FigureClone_K
CCAACCTTATGTAACT-1,FigureClone_K
TGGGATGCACTCATTC-1,FigureClone_K
TCCTGGCGCTGCCTGG-1,FigureClone_K
CGTCGCGGCGGGATTT-1,FigureClone_K
GGTCGGTAATTAGACA-1,FigureClone_K
AAATCGTGTACCACAA-1,FigureClone_K
GGTGAACGGGCTAGCC-1,FigureClone_K
ACTTGCCATATTGTAC-1,FigureClone_K
TGTATCAGACTGAAGC-1,FigureClone_K
CCATAAACAACCCGAC-1,FigureClone_K
AGGGTCAGTAACCCTA-1,FigureClone_K
CGTAGCGAATTGTCAG-1,FigureClone_K
ATCGTTAGCTAGCGGA-1,FigureClone_K
AGAGGTATCTCGGTCC-1,FigureClone_K
GCCCGATCTGTGGTCG-1,FigureClone_K
TTACCATTGATTACCC-1,FigureClone_K
AAGAAGGATCAGTTAG-1,FigureClone_K
CTCGTTTCTAATGTTT-1,FigureClone_K
GGAATAACCTCAAGAA-1,FigureClone_K
AGGTAACCTCCTATTC-1,FigureClone_K
GAGGGCATCGCGTATC-1,FigureClone_K
CGGTATAGGTATTAGC-1,FigureClone_K
CTTTAACTTTCAAAGG-1,FigureClone_K
GAGAACGGTTCTGACT-1,FigureClone_K
ATACTGCCTTACACCG-1,FigureClone_K
CATATTATTTGCCCTA-1,FigureClone_K
TATGAAGAATTAAGGT-1,FigureClone_K
CCAAGTTTCTACAGAT-1,FigureClone_K
GTATCCTTTGGTAACC-1,FigureClone_K
TTGCCGCTTTCTAGTA-1,FigureClone_K
GGATGGCTTGAAGTAT-1,FigureClone_K
GGAGGGTCAAGTAAGA-1,FigureClone_K
TCCACTTTATCTAGGT-1,FigureClone_K
CTGGCGGGAATAAGTA-1,FigureClone_K
ACGGAATTTAGCAAAT-1,FigureClone_K
GGACCTACGGTAACGT-1,FigureClone_K
AGGGAAACGAGGTACT-1,FigureClone_K
CCTGCGTTCTACGCTT-1,FigureClone_K
ATAAGTACCCGATTGT-1,FigureClone_K
ATACCAGCAAATTGCT-1,FigureClone_K
ATCTCCCACGGAATAT-1,FigureClone_K
TCGCCCAACTGACTCC-1,FigureClone_K
AATGTTGTCGTGAGAC-1,FigureClone_K
TCGCTGCCAATGCTGT-1,FigureClone_K
TAAAGCGTTAGGAGAA-1,FigureClone_K
TTGGATATCGTCTACG-1,FigureClone_K
GTGCGCAGCTTGCTCC-1,FigureClone_K
GACCTTCCACGTCTAC-1,FigureClone_K
GTCATTGCATTGACCC-1,FigureClone_K
AGGTCGCCACTTCGGT-1,FigureClone_K
CCGGGACCCGCAGAGA-1,FigureClone_K
GATGGTGCCCTAGGCA-1,FigureClone_K
TCGTTCGTTATTATGT-1,FigureClone_K
ATGTTCGTCGACCCAC-1,FigureClone_K
ACGCAAACTAATAGAT-1,FigureClone_K
TGAAGAGCGGTCCTAG-1,FigureClone_K
CTACTCTAGGCCCGGC-1,FigureClone_K
GATGTCGGTCAACTGC-1,FigureClone_K
CACCGCCGACCAGCGA-1,FigureClone_K
CATACAAAGCCGAACC-1,FigureClone_K
CATCTTACACCACCTC-1,FigureClone_K
CCTGGAAACGTTCTGC-1,FigureClone_K
AATATCGAATCAATGC-1,FigureClone_K
GGGCCCTACGAAAGGG-1,FigureClone_K
TTCTATTAAACGCAGC-1,FigureClone_K
GGTTGTGCTCTTGTCC-1,FigureClone_K
ATCTGACATGGAAGGA-1,FigureClone_K
AAATGGTCAATGTGCC-1,FigureClone_K
GCGCGATGGGTCAAGT-1,FigureClone_K
CCAGTCCATTATTCGA-1,FigureClone_K
AAAGGGCAGCTTGAAT-1,FigureClone_K
TGGAATTAGACGCTTT-1,FigureClone_K
ATTACGCGCTGGCAGG-1,FigureClone_K
TCGTAAGCTCCGAGGA-1,FigureClone_K
CCGCCGGTCAACACAC-1,FigureClone_K
GTGAGTGGTACAACGC-1,FigureClone_K
CAAATTGTCAGCAAGC-1,FigureClone_K
CATCATTACCCTGAGG-1,FigureClone_K
AAGTAGTGACGCGAGG-1,FigureClone_K
GCGAAGAATCTGACGG-1,FigureClone_K
ACCACGTGCAGCTATA-1,FigureClone_K
CCTCGCGCGATATAGG-1,FigureClone_K
TGCCAGTACGTGGAGA-1,FigureClone_K
TTAACCAACCCTCCCT-1,FigureClone_K
AGCCAAGCTTTGTGTC-1,FigureClone_K
CTGTGGTCGGGAGATA-1,FigureClone_K
GAGGAATGGAGAGGTT-1,FigureClone_K
CTACGCCATTTCCGAT-1,FigureClone_K
GGTAGACCGTTGGGCG-1,FigureClone_K
AGGGAGACATACTTCG-1,FigureClone_K
CGCTATACCGCCCACT-1,FigureClone_K
TGGCAGCAGTAATAGT-1,FigureClone_K
TATCCATATCATGCGA-1,FigureClone_K
CGATATTAGCCGCAGG-1,FigureClone_K
AGGATATAGGGATTTA-1,FigureClone_K
CTTTGGCTTTAGTAAA-1,FigureClone_K
TTGCACAATTCAGAAA-1,FigureClone_K
GGTCTCTGAATGGACT-1,FigureClone_K
GTGGGCTTAGACACAC-1,FigureClone_K
AGGCCCATTGTACAGG-1,FigureClone_K
GGTTTAGCCTTTCTTG-1,FigureClone_K
CTGGCTGATTCATCCT-1,FigureClone_K
ACCAAGAACGCGTGTC-1,FigureClone_K
TATTCAATTCTAATCC-1,FigureClone_K
GCGCCTCCCACTCCGA-1,FigureClone_K
TGAGTTAAAGACATTC-1,FigureClone_K
GTCACTCTCCAAATCT-1,FigureClone_K
TCACTCTTCGTCTGTC-1,FigureClone_K
CCATCCATACCAAGTC-1,FigureClone_K
AGTATACACAGCGACA-1,FigureClone_K
AAGAGGCCCTTTGGAA-1,FigureClone_K
GTATTCTGAGAAACGA-1,FigureClone_K
TTGAGAGTACTGCTAA-1,FigureClone_K
CAATCCCTATACCAGC-1,FigureClone_K
TAACCTAGGGAGTCCA-1,FigureClone_K
ATCCTGCGTGGAATGG-1,FigureClone_K
AACAGGAAATCGAATA-1,FigureClone_K
ATACAGGCCCTCCAAT-1,FigureClone_K
GCTACGACTTATTGGG-1,FigureClone_K
CACCGGAGATATCTCC-1,FigureClone_K
ACGATCATACATAGAG-1,FigureClone_K
TTGACGATTCAGCACG-1,FigureClone_K
CGCTGTGACGCCGCAC-1,FigureClone_K
CCGTACCCAAGCGCCA-1,FigureClone_K
CGAGAGGGTAGCCGCG-1,FigureClone_K
ACAAGCAGTGCCTAGC-1,FigureClone_K
CGGGAGCTTCAGTGTA-1,FigureClone_K
GAAGCGTGAGGAATTT-1,FigureClone_K
GGCTCTGCTCCAACGC-1,FigureClone_K
TTCGGGCGCTAGTCTT-1,FigureClone_K
TTCCGGCTCGACTTCT-1,FigureClone_K
ACCAACACCACACACT-1,FigureClone_K
GGATGTCCTTACCGCA-1,FigureClone_K
ACAAAGCATGACCTAG-1,FigureClone_K
CTCAGTCACGACAAAT-1,FigureClone_K
GAAGCTTGCTGACCGC-1,FigureClone_K
GACTCACCCACGTGAG-1,FigureClone_K
CCTATGGTCAAAGCTG-1,FigureClone_K
TACCTCACGCTTGTAC-1,FigureClone_K
TATGTCTCATTGTGCC-1,FigureClone_K
ACGGAGCGCAAATTAC-1,FigureClone_K
AAACATTTCCCGGATT-1,FigureClone_K
TTGACTATTGTCCGGC-1,FigureClone_K
AATTCTAGAGTTAGGC-1,FigureClone_K
GGGAGTTAATGAGGCG-1,FigureClone_K
GGGTCTATCGCTTTCC-1,FigureClone_K
GTACGACGGCGCTGCG-1,FigureClone_K
AAACGAGACGGTTGAT-1,FigureClone_K
CTTAGTAGGCCTACAG-1,FigureClone_K
ATAAGTTACCGCGACG-1,FigureClone_K
ATGCATTCCGTGATGG-1,FigureClone_K
CGGCTTTGTATGATAA-1,FigureClone_K
TTCTTGAGCCGCGCTA-1,FigureClone_K
AATGCAACCGGGTACC-1,FigureClone_K
TCCACAATGGTTTACG-1,FigureClone_K
TGTTTAATACTTCATC-1,FigureClone_K
GTTTATGGGATTTAGA-1,FigureClone_K
ACATGGCTCAATTTAG-1,FigureClone_K
TATGTAAAGTGCTTAA-1,FigureClone_K
GTGCACCAGCTTCAAC-1,FigureClone_K
GTTACGAAATCCACGC-1,FigureClone_K
CAATTTGACCGGGAAG-1,FigureClone_K
CTGGCTGCTAACGTAA-1,FigureClone_K
CGCAATTACTTTCGGT-1,FigureClone_K
TTCGACAGAGCCCGTG-1,FigureClone_K
TTGCTCATAGTACGTG-1,FigureClone_K
CCCTGTTGGCAAAGAC-1,FigureClone_K
AAGGATGAGGGACCTC-1,FigureClone_K
CTCTAGCCCTCGGAAA-1,FigureClone_K
ATAACGCCGGAGGGTC-1,FigureClone_K
CGCCAAGAAGCCGAGT-1,FigureClone_K
ATCGTCCAATCGAGTC-1,FigureClone_K
CCATATTGGATCATGA-1,FigureClone_K
CCGAGAAGTCGCATAA-1,FigureClone_K
TTCACTCGAGCACCTA-1,FigureClone_K
CGGCCCAACCTGTAGT-1,FigureClone_K
TCTACCCAATAGAGAG-1,FigureClone_K
GTGGTTTCCGCCTTTC-1,FigureClone_K
TCTAGCAATCTCCGCC-1,FigureClone_K
TGAGCGGAAAGTGTTC-1,FigureClone_K
GAATAGACGCGACCCA-1,FigureClone_K
CGAGGGTATCCAGGTG-1,FigureClone_K
GGTCTCCGTCCAGGTT-1,FigureClone_K
TGCGACACCCTAGTGC-1,FigureClone_K
CCGCTCTTCCGAACTA-1,FigureClone_K
GTCGTATTGGCGTACA-1,FigureClone_K
TACATAGGCATACACC-1,FigureClone_K
CCGACAAAGGGAGTGC-1,FigureClone_K
AATCAGACTGCAGGAC-1,FigureClone_K
GTACTGGAGTTAGACC-1,FigureClone_K
GTAACTGCCCAAGGAG-1,FigureClone_K
CGTAGAGAGTAATTAT-1,FigureClone_K
TCCGCAGCCACCTAGC-1,FigureClone_K
AGGCCTGAGAATCTCG-1,FigureClone_K
GTCCTACAGGCGGCTC-1,FigureClone_K
CGATAGTCGTACTGCA-1,FigureClone_K
AAACGGTTGCGAACTG-1,FigureClone_K
AGCAGCCAGATGAATA-1,FigureClone_K
GCTAGAGTAGAGATGT-1,FigureClone_K
ACACTGATCAAGGTGT-1,FigureClone_K
CGAGCACTTCAAGTTT-1,FigureClone_K
TGAGTGGTCCGTGACG-1,FigureClone_K
AGACAGCTCAGAATCC-1,FigureClone_K
TCATACTTACAGATCC-1,FigureClone_K
CCTCACCTGAGGGAGC-1,FigureClone_K
GGTCCTTCATACGACT-1,FigureClone_K
TAAGGCATAACATCAA-1,FigureClone_K
AGAATTGTTTGACATA-1,FigureClone_K
CTCCGCCCACATGAGG-1,FigureClone_K
GGGTCACCGTGACGGT-1,FigureClone_K
TGCGGAGTAAAGGTGC-1,FigureClone_K
ATCTGGGCTGTTCTTG-1,FigureClone_K
GGCGGTTTGCCGGTGC-1,FigureClone_K
ACCGACTGAGTCCCAC-1,FigureClone_K
AGTAGGAAGGAAGTTG-1,FigureClone_K
GTTCCAGTCTGACCAT-1,FigureClone_K
ATCTGATAGTGTCTTA-1,FigureClone_K
GTCCTTTAATGACTTC-1,FigureClone_K
GAAAGTGACTAACTGC-1,FigureClone_K
GCTCATTACTGCATGT-1,FigureClone_K
CGTACCTGATAGGCCT-1,FigureClone_K
GCGACGATAGTTGTAC-1,FigureClone_K
CGGCACCGTTAGCGCC-1,FigureClone_K
TGCTTCCCAAGCAGTA-1,FigureClone_K
CTCCGGCTTGTAGACA-1,FigureClone_K
TATACGCGTCATCACT-1,FigureClone_K
TGCTTGAAACCATGCA-1,FigureClone_K
ATTAGATTCCTCAGCA-1,FigureClone_K
GAACGTCTCATGGTCG-1,FigureClone_K
TTCTGCTAGACTCCAA-1,FigureClone_K
TGTACGAACAAATCCG-1,FigureClone_K
ATAACGGAGTCCAACG-1,FigureClone_K
GTACGTTTGCCCGTCA-1,FigureClone_K
CCTACATTCACAGACG-1,FigureClone_K
CAGATCATTTAAAGTC-1,FigureClone_K
CATGATGGAAGTTAGC-1,FigureClone_K
AACCTTTACGACGTCT-1,FigureClone_K
ACTCTTGTATAGTAAC-1,FigureClone_K
CGCTTTCATACCGGTG-1,FigureClone_K
TGGCGATCAAGTTATG-1,FigureClone_K
GCACAAGTGGATCATA-1,FigureClone_K
CACAGTCCCGCTTCGC-1,FigureClone_K
CCTAACTAAGGCTCTA-1,FigureClone_K
CTTCGGCCAATTGTTT-1,FigureClone_K
TATCCTGCATGGGAAT-1,FigureClone_K
GAATGCCGAAATGACC-1,FigureClone_K
GGATTTCACTTCTATA-1,FigureClone_K
TACGTGGGCCCAGGGC-1,FigureClone_K
ATCCTACCTAAGCTCT-1,FigureClone_K
CGGTGGGCTCCAGCCT-1,FigureClone_K
CATTCCCTAAGTACAA-1,FigureClone_K
AGAATTATGGATTCGA-1,FigureClone_K
CATGAGATGCACTCTC-1,FigureClone_K
AACTGGTGTGGGCCTT-1,FigureClone_K
CTTGAGGTTATCCCGA-1,FigureClone_K
TGTTTCGGTACTTCTC-1,FigureClone_K
TTAGCAACATGGATGT-1,FigureClone_K
CTTTGGGATTGTTGCA-1,FigureClone_K
ATACTACCCGTACCAC-1,FigureClone_K
ACGTACAGATTTCTCT-1,FigureClone_K
CTCGGTCCGTAGCCTG-1,FigureClone_K
GCTAAACCTGAGGTGA-1,FigureClone_K
CACGCAGCGAGGCTTT-1,FigureClone_K
GGGAAGACGGTCTGTC-1,FigureClone_K
ACCCAACGCCCGTGGC-1,FigureClone_K
AGCGACCAACGATATT-1,FigureClone_K
TACGACGCTTGCTGCG-1,FigureClone_K
CGTTGTCGGCAATTGA-1,FigureClone_K
CCAAGCGTAACTCGTA-1,FigureClone_K
GTGAGTCTAAGACGGA-1,FigureClone_K
TAAGCAGGCGACACGC-1,FigureClone_K
CCAATGTCACAGCAAG-1,FigureClone_K
CTAGACATATATGTAG-1,FigureClone_K
TATGATCCGGCACGCC-1,FigureClone_K
AGTTCTGCGTTGTATC-1,FigureClone_K
TGAGAATGCTTTACCG-1,FigureClone_K
CCATGCCTGTTTAGTA-1,FigureClone_K
TTCCAGACGAGATTTA-1,FigureClone_K
TGGCGGTGTGCGATTG-1,FigureClone_K
CGTAAACGCTTGAGTG-1,FigureClone_K
CTGGTTTCGAGCAAGA-1,FigureClone_K
GGTGGACCACGTGTTA-1,FigureClone_K
ACCCTTCATCTGCGAA-1,FigureClone_K
TTGATTATGCAGATGA-1,FigureClone_K
AAACAGAGCGACTCCT-1,FigureClone_K
AGGAAGCTGTCCGCCG-1,FigureClone_K
TCGCTGGGCGGATTGT-1,FigureClone_K
TGTACCTACACGAGGG-1,FigureClone_K
ACTCTGACCTAATAGA-1,FigureClone_K
ATCTGCACCTCTGCGA-1,FigureClone_K
TCGCATAAAGGGCGCA-1,FigureClone_K
TTGTATCACACAGAAT-1,FigureClone_K
CTAGTATTCGGAATTA-1,FigureClone_K
ATTCGCGCCTTGAGAG-1,FigureClone_K
TTGCTGAAGGAACCAC-1,FigureClone_K
GTGCGGGACCATCGGC-1,FigureClone_K
GTCCATTACTGCTACG-1,FigureClone_K
TCACTATCGTGCAATC-1,FigureClone_K
TTAGTTCAAGTGTTCG-1,FigureClone_K
GTGTCAGTGTACGTGG-1,FigureClone_K
AAGGATCGATCGCTTG-1,FigureClone_K
AGCATCGTCGATAATT-1,FigureClone_K
AGTGTGGTCTATTGTG-1,FigureClone_K
CTATAAGAGCCAATCG-1,FigureClone_K
TTACACGATCTGCGAC-1,FigureClone_K
TCATCCCAGAGGGTGG-1,FigureClone_K
GTGAAGCCGTATAGTC-1,FigureClone_K
TTCCTCGAGGGTGTCT-1,FigureClone_K
TTCCTTTCTGTGTTGC-1,FigureClone_K
GTTTGGTAGGGTCAAC-1,FigureClone_K
GCACTGTGCAAATGTA-1,FigureClone_K
TACGAGAACTTCACGT-1,FigureClone_K
GCCGCATTAGTCCGGC-1,FigureClone_K
GGTTAGTTACGGCGCC-1,FigureClone_K
TGAAACTTATGCAAGC-1,FigureClone_K
CCAGCTCGAACGCATT-1,FigureClone_K
GGGCGGTCCTATTGTC-1,FigureClone_K
GCTAGCAGGGAGTGGG-1,FigureClone_K
CAGACACCGATCGCTG-1,FigureClone_K
GCCGAAATTCCTACGT-1,FigureClone_K
AACACACGCTCGCCGC-1,FigureClone_K
CCCGGGTCGTTCAGGG-1,FigureClone_K
GAGAGGGCGCGAGGTT-1,FigureClone_K
GCGGGCGAGCCTTACC-1,FigureClone_K
CTGTTCATCTCACGGG-1,FigureClone_K
GACGCCGTAAAGGCTA-1,FigureClone_K
GACAGCCAGACCTGAC-1,FigureClone_K
GTCATGCACCTCCGTT-1,FigureClone_K
CCTCGGACCGGGATAG-1,FigureClone_K
GGCTCGCGTTGAGGTA-1,FigureClone_K
GGCTGAGCATCGTAAG-1,FigureClone_K
GAGCTGTCGTCTCGGA-1,FigureClone_K
TTCGTTCAACGAAGTT-1,FigureClone_K
TTACAGACCTAAATGA-1,FigureClone_K
ATTTAACTCGTATTAC-1,FigureClone_K
CTAGCAACTAATTTAC-1,FigureClone_K
CCCTTTAATGGAGTTC-1,FigureClone_K
AGTATCCATAATAACG-1,FigureClone_K
TACTATGGTTCCTCAG-1,FigureClone_K
GGATTGCTGTGACTCC-1,FigureClone_K
CCTGTTTGAAGACACG-1,FigureClone_K
CGAATGACGCATAATG-1,FigureClone_K
CGTCACGTCCATTGGT-1,FigureClone_K
CCAGATAGTTGAGTGA-1,FigureClone_K
TAGAATTAAGGGCAAC-1,FigureClone_K
TCCGATAATTGCCATA-1,FigureClone_K
GGGCCCGTCTTAAACA-1,FigureClone_K
AACCATGGGATCGCTA-1,FigureClone_K
TCGTATTACCCATTGC-1,FigureClone_K
CCGGTTTGTAATTGTG-1,FigureClone_K
CTTAACTTCGAAGTAC-1,FigureClone_K
TGGTCTGTTGGGCGTA-1,FigureClone_K
GTAGTCTACGATATTG-1,FigureClone_K
CAGTGTCGGCTGGCCC-1,FigureClone_K
GACGGACCGCGTTCCT-1,FigureClone_K
ATAGGCTAGCTTCGCA-1,FigureClone_K
CCTCTGGCCTAGACGG-1,FigureClone_K
CGATCCGACCCAGTGC-1,FigureClone_K
GAAAGCAGTGCACTTT-1,FigureClone_K
GAGCCAGCTACCTGTG-1,FigureClone_K
GTGAGCGTGCTGCACT-1,FigureClone_K
ATCTTGACCTGCAACG-1,FigureClone_K
TAGAGCTACGAAGAAC-1,FigureClone_K
TCTGTTACCCAGCATA-1,FigureClone_K
GCGGTGAACTGCGCTC-1,FigureClone_K
GAGTGTGCGGTACCCA-1,FigureClone_K
AAAGACTGGGCGCTTT-1,FigureClone_K
GCCTATTCCGATATAG-1,FigureClone_K
CCTCCTGTTGTGTCGT-1,FigureClone_K
GCTGCTAAGTAGTCGA-1,FigureClone_K
ACACGGGAACTTAGGG-1,FigureClone_K
ACCGTGACCACGTGGG-1,FigureClone_K
CGGGCAGCTAAACCGC-1,FigureClone_J
TCGTATAGTGCAATTA-1,FigureClone_J
CGGCCAGAGCGACCAT-1,FigureClone_J
GACATACTGTCGCAGA-1,FigureClone_I
ACCGTTCCCGCTCTGA-1,FigureClone_I
TTGGGACACTGCCCGC-1,FigureClone_I
CGCATGCCGAATGCGT-1,FigureClone_I
TCGCTACTGGCTTTGA-1,FigureClone_I
GAGGTACGCGTGTCCC-1,FigureClone_I
TTCACTTCCTAGAACG-1,FigureClone_I
TTCTTGGACGATCTGC-1,FigureClone_I
GATGAGGAACCTTCGG-1,FigureClone_I
TTAAACAGAGTCCCGC-1,FigureClone_I
CGGGCGATGGATCACG-1,FigureClone_I
CGGTTGGGTTCAAGTT-1,FigureClone_I
CCCGAGTTTCTCCGTA-1,FigureClone_I
CAGTGTCCGCAGAATG-1,FigureClone_I
TACCTTAAGATTTCCC-1,FigureClone_I
AAGTTCGGCCAACAGG-1,FigureClone_I
TACCAAATAGCCCAGA-1,FigureClone_I
GCCGGGTTAGGGTCGC-1,FigureClone_I
GGTCGGCCAGGAGCTT-1,FigureClone_I
ATGCTCAGTGTTGCAT-1,FigureClone_I
CATACCCGTACCCAGT-1,FigureClone_I
TGCTCGGCGAAACCCA-1,FigureClone_I
AAACCTAAGCAGCCGG-1,FigureClone_I
GAACTGTGGAGAGACA-1,FigureClone_I
GGTCGGATAAACGGCG-1,FigureClone_I
TTGATTAGCTGTTTCT-1,FigureClone_I
TGACACTTCTCTTTGC-1,FigureClone_I
CCGCGGGTACGAAGAA-1,FigureClone_I
CGAGAGATGTGAACCT-1,FigureClone_I
GTCTAGTGAGCCGCTT-1,FigureClone_I
TAAGGCCCGTCACCCT-1,FigureClone_I
ACACGGCACTATGCAT-1,FigureClone_I
GATACGATGGGAGTCA-1,FigureClone_I
TGTATCCTTATTCCAT-1,FigureClone_I
CTGCCATGCATCACAT-1,FigureClone_I
CATCCGCAGGCCCGAA-1,FigureClone_I
CACTTCGCCACAGGCT-1,FigureClone_I
TGGGCCTTGCCTGCAT-1,FigureClone_I
TATCACAGCACGGGCA-1,FigureClone_I
TCAGTGTATACGTCAT-1,FigureClone_I
CACGTTCGTGCTCTAG-1,FigureClone_I
TATCTACCACAGCGGG-1,FigureClone_I
GAAGTCAGTTGCACTA-1,FigureClone_I
CAGCGATTCCCTTCAA-1,FigureClone_I
CCGTGTTAAATTCCAT-1,FigureClone_I
TCAGGGCGCAAACTCG-1,FigureClone_I
AAGCGGCGTCATGGGT-1,FigureClone_I
CGAACCCGCATGCGTC-1,FigureClone_I
AAATTACCTATCGATG-1,FigureClone_I
TGCTCTTGAGAGTTTG-1,FigureClone_I
GAGCGAGGGAGTACCG-1,FigureClone_I
CGTACCGAAAGTCTAG-1,FigureClone_I
TGGACGTAGGCGAATC-1,FigureClone_I
GGTTTACAATCTCAAT-1,FigureClone_I
TAAGATTTAGCGGGAG-1,FigureClone_I
GGGAACGGGAGGTTAG-1,FigureClone_I
GAACGTTAGGAAGACG-1,FigureClone_I
TATGTCAAGACCGACT-1,FigureClone_I
GTTCGCCATAAGTGCC-1,FigureClone_I
CTAGATGTGAGTGTAA-1,FigureClone_I
CACTTCGTCTTATCTC-1,FigureClone_I
CAGCAGTCCAGACTAT-1,FigureClone_I
AGATTATAGGACGTTT-1,FigureClone_I
GTCGGATATCTCAGAC-1,FigureClone_I
GCTCTAAACCCTGACG-1,FigureClone_I
GAACGACCGAATGATA-1,FigureClone_I
AAACGAAGAACATACC-1,FigureClone_I
CCAAGAAAGTGGGCGA-1,FigureClone_I
GCCGGAAACACATCTT-1,FigureClone_I
GTTGGATTCAGTGGCT-1,FigureClone_I
GGGAGGATGCCCGAAA-1,FigureClone_I
TAGCCGGCGGTCAGCG-1,FigureClone_I
ACTGCCGTCGTAACTC-1,FigureClone_I
GTCCCAACGTAAAGTA-1,FigureClone_I
TCGAGCCAGGCAGGCC-1,FigureClone_I
GGGCTATGATCGATGG-1,FigureClone_I
ACTGTACGATACACAT-1,FigureClone_I
TACAGAAACGGTGGGC-1,FigureClone_I
CAAACGGTCGCACTTT-1,FigureClone_I
GGACTCGACAGCGCAT-1,FigureClone_I
GGCCGTTTGGGTTTCA-1,FigureClone_I
GTCTCAAGGCCCGGCT-1,FigureClone_I
ATGTACGATGACGTCG-1,FigureClone_I
TAGCTAGTGATGATGG-1,FigureClone_I
GGCGCGTTCGAGTTTA-1,FigureClone_I
CAATTAAGGGTGATGA-1,FigureClone_I
GTAGAGGGAGACAAGT-1,FigureClone_I
AATATTGGAGTATTGA-1,FigureClone_I
CTATAGGCGTTGATGT-1,FigureClone_I
TGAATGAGTGTTTCCC-1,FigureClone_I
AAGCGTCCCTCATCGA-1,FigureClone_I
ATTATTATGTCCGTCA-1,FigureClone_I
AACAATACATTGTCGA-1,FigureClone_I
CACATCGTGCACGCGC-1,FigureClone_I
TCGGAGTACATGAGTA-1,FigureClone_I
TACGCCGAGGGTACCC-1,FigureClone_I
TCTATCGGTCGCAACA-1,FigureClone_I
TAAACCCAGGAGGGCA-1,FigureClone_I
TATAGAGTCGCTTGAA-1,FigureClone_I
TAACTCCATGGAGGCT-1,FigureClone_I
CGCTATTCAATGTATG-1,FigureClone_I
TAGTCCGTATGCATAA-1,FigureClone_I
TGGAGTGATGCGATGA-1,FigureClone_I
ACCATATCCGCAATAA-1,FigureClone_I
TACATTTCTAACGTGC-1,FigureClone_I
AAGCGCAGGGCTTTGA-1,FigureClone_I
ACACGTAGGCCACAAG-1,FigureClone_I
GCCGATTGGCCAAGCT-1,FigureClone_I
CCAACGATGCACTGAT-1,FigureClone_I
ACCCGGAAACTCCCAG-1,FigureClone_I
CCTTTAAGGGAGCACT-1,FigureClone_I
CGGAAAGAATCAAACG-1,FigureClone_I
CATTACGTCGGCCCGT-1,FigureClone_I
GGGCAGAGCAATCGTT-1,FigureClone_I
TGCACGAGTCGGCAGC-1,FigureClone_I
GGATTCAGTACGGTGG-1,FigureClone_I
CTCGAGATCCAAAGCA-1,FigureClone_I
TTGGGAAGACGAGCCG-1,FigureClone_I
GCTGAGCAACGGTTCT-1,FigureClone_I
AGCGATGCGCCTAATA-1,FigureClone_I
TATCCTATCAACTGGT-1,FigureClone_I
ATTACATGTCAGTCTT-1,FigureClone_I
CGACAGTTCGCGTTAT-1,FigureClone_I
TGTTCCGCTTCCATGA-1,FigureClone_I
TGGGTAAGGTTCCCGC-1,FigureClone_I
CAACCTACCGAGCAGT-1,FigureClone_I
TATCACCCAACCGACC-1,FigureClone_I
ATGCGACAGTCCCATT-1,FigureClone_I
CTAGTGAAGGACAGGA-1,FigureClone_I
AACCCTGGTGGAACCA-1,FigureClone_I
TAGTCCCGGAGACCAC-1,FigureClone_I
CCATTTCTACCTATTA-1,FigureClone_I
AGCGGACACTTCGTAG-1,FigureClone_I
GAGCGCGCACGAGTAG-1,FigureClone_I
CTGTTACCCAATCTAG-1,FigureClone_I
TCGCTCGGCACCAGCG-1,FigureClone_I
ATATACGCTCGTGACG-1,FigureClone_I
TAGAGGTTCTACTTGT-1,FigureClone_I
CATTGTGTGCTAGATC-1,FigureClone_I
GGGTCGTGGCAAGTGT-1,FigureClone_I
TGCTATACAAACGGAC-1,FigureClone_I
GAATTATAGTGAAAGG-1,FigureClone_I
TGGAAGGATAAAGATG-1,FigureClone_I
AGTACTCTTATGCCCA-1,FigureClone_I
TAACTATCGAAGGTCC-1,FigureClone_I
GCTCAACCTCTTAGAG-1,FigureClone_I
TAGCAGTATGACTAAA-1,FigureClone_I
TTGGTCACACTCGTAA-1,FigureClone_I
GTGACTTCAGTAGTGC-1,FigureClone_I
AGCTAAGTACGCAGGC-1,FigureClone_I
CAGTAATCCCTCCCAG-1,FigureClone_I
CAGAGGCGATGCATGA-1,FigureClone_I
CTAGCATAGTATAATG-1,FigureClone_I
ATTGGGAATATCTTGG-1,FigureClone_I
ATCCTGAATCGCTGCG-1,FigureClone_I
ACTTCCATGCGGGACA-1,FigureClone_I
TCCGAGAAGGCTAAGC-1,FigureClone_I
TCGCCGAAGTTGCGTC-1,FigureClone_I
TTAAGTATTGTTATCC-1,FigureClone_I
TGTCTACAGTTTCTGT-1,FigureClone_I
CATACTTCTTTCTCCG-1,FigureClone_I
AGTGTGCTAAGATCGC-1,FigureClone_I
CGGTTCCGGCTTCTTG-1,FigureClone_I
AAGTTGTGATGTTATA-1,FigureClone_I
CTGCCTTTCTAGTAAA-1,FigureClone_I
AAAGTCACTGATGTAA-1,FigureClone_I
CGTAATAATTACGAGT-1,FigureClone_I
CGCGGCAGTATTACGG-1,FigureClone_I
AACGGACGTACGTATA-1,FigureClone_I
CGATTAAATATCTCCT-1,FigureClone_I
AAATCCGATACACGCC-1,FigureClone_I
TAAACGTCGTCAATGA-1,FigureClone_I
TATTCGTGCCAGAATA-1,FigureClone_I
ACATAATAAGGCGGTG-1,FigureClone_I
GACGCCTGTTGCAGGG-1,FigureClone_I
AAGTAGAAGACCGGGT-1,FigureClone_I
GGACCAACAGGATAAC-1,FigureClone_I
ACGCGGGCCAAGGACA-1,FigureClone_I
TGACCAGCTTCAAAGT-1,FigureClone_I
GCAAATATTACGCTTT-1,FigureClone_I
TCTGACTGTAATGGTT-1,FigureClone_I
CGTCAGCTATTTACTC-1,FigureClone_I
TCCGCGGCCCAATGAA-1,FigureClone_I
AAGTGACGACCGAATT-1,FigureClone_I
ATATTCAGTTAAACCT-1,FigureClone_I
GATGTTTGTGCGAGAT-1,FigureClone_I
CGCTTTCTTGCATTCG-1,FigureClone_I
GAATCTGAACATTCTC-1,FigureClone_I
CTAGATAAACTCCTCG-1,FigureClone_I
GATATCAGTATGTATC-1,FigureClone_I
TCACCCTCTTAAGATT-1,FigureClone_I
GCCAACCATTTCCGGA-1,FigureClone_I
ACAAATTCAGATCTGA-1,FigureClone_I
ACGTTCCGCGCTCCGT-1,FigureClone_I
TTCGCTATCTGACGTG-1,FigureClone_I
GCGCTGCTTTGCATTT-1,FigureClone_I
AGACCATGGGATACAA-1,FigureClone_I
CTCACATTTACTAAAT-1,FigureClone_I
GCATTGTAATTCATAT-1,FigureClone_I
TAATTAGATGGATATG-1,FigureClone_I
CTATGTCTATTGAAAC-1,FigureClone_I
CATATAGGTACAGTCA-1,FigureClone_I
GACATCGATTTATAAC-1,FigureClone_I
CTGGGATAAATAATGG-1,FigureClone_I
CCCAATGAGATTTGCA-1,FigureClone_I
ACGTGCGCCTCGTGCA-1,FigureClone_I
ACCATCGTATATGGTA-1,FigureClone_I
AAAGGGATGTAGCAAG-1,FigureClone_I
GCGCTAATTGAATAGA-1,FigureClone_I
AGATATAATACGACTA-1,FigureClone_I
CCTGAATATTTACATA-1,FigureClone_I
CGTTCTTCGCACACCT-1,FigureClone_I
CGTCTGGAAGGGCCCG-1,FigureClone_I
TCAGGGTGCACGAAAC-1,FigureClone_I
AGATGAGGGTTGCGAT-1,FigureClone_I
GAGCCGAGCGTTTATT-1,FigureClone_I
CGGCTCTTCGTCGAAC-1,FigureClone_I
TACGTAAAGCGGAGTG-1,FigureClone_I
AGGGACTCTACGCGAC-1,FigureClone_I
CCCGCAGCGCGAACTA-1,FigureClone_I
CGCTGAGGACGTCCAA-1,FigureClone_I
TGGGCAATAGTTGGGT-1,FigureClone_I
CTAATTCTCAGATATT-1,FigureClone_I
AGCTTCTTCTCGAGCA-1,FigureClone_I
TGTAACTTGTCAACCT-1,FigureClone_I
GCGGTAACCCAAATGA-1,FigureClone_I
TTAATGTGTTTGCAGG-1,FigureClone_I
GAGGAGATCCTCATGC-1,FigureClone_I
CATTCACTGACAGCTA-1,FigureClone_I
ATTACAACTACCGGCC-1,FigureClone_I
GTCAAAGTTTACATAG-1,FigureClone_I
AACCAGTATCACTCTT-1,FigureClone_I
AAGGAGAACTTATAAG-1,FigureClone_I
CAAAGTCAGGTTAGCT-1,FigureClone_I
GAAGCCACTGATTATG-1,FigureClone_I
AGGGCAGCGGCGTGGT-1,FigureClone_I
AGTACGTGGCCTGTCT-1,FigureClone_I
CATACGGGTGCATGAT-1,FigureClone_I
CACTACTCAGTTCTGT-1,FigureClone_I
GTATCGGGACGAGCTG-1,FigureClone_I
AGGCTTCCCGAAGAAG-1,FigureClone_I
CGTCAATCTTTAACAT-1,FigureClone_I
CCAAAGCAGTTGGTTG-1,FigureClone_I
ATGCCAATCGCTCTGC-1,FigureClone_I
AGAATGCGGGTTCGGA-1,FigureClone_I
ATAGCTGCTCTTGTTA-1,FigureClone_I
GAGACCCTGCAACGCC-1,FigureClone_I
TAGCAACCTGTCACAA-1,FigureClone_I
CGAAGCTATAAATTCA-1,FigureClone_I
AGTCGGCCCAAACGAC-1,FigureClone_I
TCCCGTCAGTCCCGCA-1,FigureClone_I
CACGCACAGCGCAGCT-1,FigureClone_I
AGCAGAAGGAGAAAGA-1,FigureClone_I
TCTGTGCCATCATAGT-1,FigureClone_I
TAAAGCTGCAATAGGG-1,FigureClone_I
GTATATGTTACGGCGG-1,FigureClone_I
CAGTAACTATTTATTG-1,FigureClone_I
GGGATACGGTAATAAT-1,FigureClone_I
GACTGGGCGCCGCAAC-1,FigureClone_I
CCCGCTTGCCCTCGTC-1,FigureClone_I
GCACTGCCTACCTTTA-1,FigureClone_I
CATGATGCACAATTCT-1,FigureClone_I
CACATGATTCAGCAAC-1,FigureClone_I
ATACGTCCACTCCTGT-1,FigureClone_I
AATCCATGCAAGGGTG-1,FigureClone_I
CGGATAAGCGGACATG-1,FigureClone_I
CTGAAAGAGATCCGAC-1,FigureClone_I
GAGGAGTAATTCCTAC-1,FigureClone_I
TGTAGCCATCCCATTC-1,FigureClone_I
GGCTAAAGGGCGGGTC-1,FigureClone_I
TCGGGTGAAACTGCTA-1,FigureClone_I
CATACTATGTAATTGT-1,FigureClone_I
TCCTAAAGATTCAGAC-1,FigureClone_I
AATCCAAGGGCCTGAG-1,FigureClone_I
GGATTAAGCTAAGGTC-1,FigureClone_I
ACACACTTTCTACACG-1,FigureClone_I
TATCACTTCGAGTAAC-1,FigureClone_I
CATCATCTACCCGGAC-1,FigureClone_I
ACCACCAATGTAACAA-1,FigureClone_I
CCGTAGGGTTGTTTAC-1,FigureClone_I
AATAGTCCGTCCCGAC-1,FigureClone_I
AACCCGACAACCCGTG-1,FigureClone_I
CGCCACCCGCATTAAC-1,FigureClone_I
AACGTTATCAGCACCT-1,FigureClone_I
AGAGTTAGAGACCGAT-1,FigureClone_I
GTTATATTATCTCCCT-1,FigureClone_I
AGAGTAAACTTCACTA-1,FigureClone_I
CTACGTGTTGCCACCA-1,FigureClone_I
TTCTTGTAACCTAATG-1,FigureClone_I
TGGGTGTAATAGATTT-1,FigureClone_I
ACCCTCCCGTCAGGGC-1,FigureClone_I
TCACGGTCATCGCACA-1,FigureClone_I
ATGACGCCGGCTCTAA-1,FigureClone_I
ATTATTCAGAGTCACT-1,FigureClone_I
TCAACGCAGGAAATAA-1,FigureClone_I
CGGCGCCATCAATCCC-1,FigureClone_I
CGTAGCGCCGACGTTG-1,FigureClone_I
TAACCTACCGTCCGAG-1,FigureClone_I
TCTGTGGCTACATTTC-1,FigureClone_I
GTGTATGACTTTAAAG-1,FigureClone_I
TTAGATAGGTCGATAC-1,FigureClone_I
GCCTGCTACACTGAGA-1,FigureClone_I
GTCTGGGCGGTCGAGA-1,FigureClone_I
CGCAGGCGATCCAAAC-1,FigureClone_I
CCACAGTACCCATCCT-1,FigureClone_I
TAATTACGTCAGTAGA-1,FigureClone_I
CACGGCGCGCCAAAGG-1,FigureClone_I
TAATGAAAGACCCTTG-1,FigureClone_I
TGCAATCTAACACGGT-1,FigureClone_I
CATCAACACCTACTAA-1,FigureClone_I
CGCCGCCCATGCCTGT-1,FigureClone_I
GGAAACTAAATGGGCC-1,FigureClone_I
TTATATTTGGCAATCC-1,FigureClone_I
AGCCTTAAAGCGGAAG-1,FigureClone_I
AGCGCTTATGGGCAAG-1,FigureClone_I
GTCATGCGCGAGGGCT-1,FigureClone_I
CTAAAGTCCGAAGCTA-1,FigureClone_I
CAAATGTCCTTCCGTG-1,FigureClone_I
GACAGGCACACACTAT-1,FigureClone_I
TGTGGCGGGCTTCTGG-1,FigureClone_I
CAACGACCCGTTTACA-1,FigureClone_I
GGTGATAAGGAGCAGT-1,FigureClone_I
TGCGAGAATATTACCC-1,FigureClone_I
TGAGTAAATTAGCGTA-1,FigureClone_I
ACAACGGTCCCTGCGA-1,FigureClone_I
ATTAGATTGATAGCGG-1,FigureClone_I
CGACATGCGATCTTCT-1,FigureClone_I
CTAAGTACAGGGCTAC-1,FigureClone_I
TGTCCTAAGTCACCGC-1,FigureClone_I
TGGCCGTATATTGACC-1,FigureClone_I
GGGCGAATTTCTCCAC-1,FigureClone_I
GTTAAGGGTGCGATGT-1,FigureClone_I
TGCGATGCTAATGGCT-1,FigureClone_I
GAATGTTGGGTAATCT-1,FigureClone_I
AACGCATGATCTGGGT-1,FigureClone_I
GTAGCGCTGTTGTAGT-1,FigureClone_I
GTTTCCTGGAGGGTGA-1,FigureClone_I
TGGGTGGGATGTCATT-1,FigureClone_I
AGGGTGGATAGTGCAT-1,FigureClone_I
CTCACTTGGCTGGTAA-1,FigureClone_I
ATACTCTCGCCACTCT-1,FigureClone_I
CACTCGAGCTGAACAA-1,FigureClone_I
ATGATGCAATGGTACA-1,FigureClone_I
ATCGGCAAGCAGTCCA-1,FigureClone_I
AGGTCGCGGAGTTACT-1,FigureClone_I
CGCTACCGCCCTATGA-1,FigureClone_I
GTGAGGAGCGGTTGAG-1,FigureClone_I
CCGACAAACACATGAG-1,FigureClone_I
TTCTAACCGAAGCTTA-1,FigureClone_I
GTCCGGGTTCACATTA-1,FigureClone_I
AGTTGCTGACTGATAT-1,FigureClone_I
GGGACTGCATAGATAG-1,FigureClone_I
TGATGTCAATTAAGTG-1,FigureClone_I
CACGAAAGTTAGTCCC-1,FigureClone_I
AACGCGGTCTCCAGCC-1,FigureClone_I
AGTTCACCGGTTGGAC-1,FigureClone_I
TCACAGGTTATTGGGC-1,FigureClone_I
AGGGTTTAGTTCGGGA-1,FigureClone_I
TATGGATGTGCTACGC-1,FigureClone_I
TGCCTGACATCGGTCA-1,FigureClone_I
GGTGTAAATCGATTGT-1,FigureClone_I
TATACACAGACGCCTT-1,FigureClone_I
GTAGACAACCGATGAA-1,FigureClone_I
GTAATAAAGGGCTCCC-1,FigureClone_I
TGATTCCCGGTTACCT-1,FigureClone_I
CATCTATCCCGTGTCT-1,FigureClone_I
CTGCGTTACGATATAA-1,FigureClone_I
GCGGGAACCAGGCCCT-1,FigureClone_I
CCTCATGCAGCTACGA-1,FigureClone_I
CGCGCCCGACTTAATA-1,FigureClone_I
AGCGTACGAGAGCTAG-1,FigureClone_I
TACTGAACAGATTTAG-1,FigureClone_I
CCTCACCTTAGCATCG-1,FigureClone_I
GATCTTCATTGTCCTC-1,FigureClone_I
TGCAGGATCGGCAAAG-1,FigureClone_I
CCTGTGCATAGGAGAC-1,FigureClone_I
AACGATATGTCAACTG-1,FigureClone_I
GACTCGCGGGAATGAC-1,FigureClone_I
GACAACGACCATTGAA-1,FigureClone_I
ATTTGTTCCAGGGCTC-1,FigureClone_I
GAAGGGCATAACCATG-1,FigureClone_I
TCCGATGACTGAGCTC-1,FigureClone_I
AATTACTCGTACGCTC-1,FigureClone_I
CAGCCTCCTGCAGAGG-1,FigureClone_I
ATCGCACGATTGTTCA-1,FigureClone_I
TTAAGACGAACGAACC-1,FigureClone_I
GATGCGTCCTGCATTC-1,FigureClone_I
TTGTTTCACATCCAGG-1,FigureClone_I
ATTTCCGGGTTCTGCG-1,FigureClone_I
ACAATTTGAGCAGTGG-1,FigureClone_I
CCTCGCGCTGTGCGAT-1,FigureClone_I
GAGCTAAGGGCATATC-1,FigureClone_I
AGGTTGAGGCACGCTT-1,FigureClone_I
GCTGTATTACTGGCCC-1,FigureClone_I
GATTGACACTCTGCTC-1,FigureClone_I
CGGCCCAGGTATATCC-1,FigureClone_I
AACGCGAACGGCAACA-1,FigureClone_I
AGCGCATAATGAATCG-1,FigureClone_I
ACACCTTAAGTAGGGC-1,FigureClone_I
AAGGCGCGTAAAGCTT-1,FigureClone_I
CAGCAGCCCGTTCCTT-1,FigureClone_I
TTCTAGAAAGTCTTAT-1,FigureClone_I
AGCGGGTCTGACACTC-1,FigureClone_I
CGGGTTCGGCACGTAT-1,FigureClone_I
TACTCTTACTTTACTG-1,FigureClone_I
GAAGGAGTCGAGTGCG-1,FigureClone_I
AAATTTGCGGGTGTGG-1,FigureClone_I
TGGCGACTGCTCCAAA-1,FigureClone_I
GTGCCTAGCTATGCTT-1,FigureClone_I
TCAGCAAATGCATCTC-1,FigureClone_I
CGCTTAGTATTGATAC-1,FigureClone_I
ATAGGGATATCCTTGA-1,FigureClone_I
TTATAGATGCACATTA-1,FigureClone_I
CAAGTGAACTTTGGTT-1,FigureClone_I
GAGTCAGACCAGAATC-1,FigureClone_I
GTGGAGTCGGCGGTTG-1,FigureClone_I
ATACCAGGCTAATAGA-1,FigureClone_I
GAATCGACATGGTCAC-1,FigureClone_I
GATGGCGCACACATTA-1,FigureClone_I
ATTGCGATCAGTAACT-1,FigureClone_I
CGCTCGACATAATGAT-1,FigureClone_I
TTCTAGGCCAATTGTG-1,FigureClone_I
CGAGCGTTGATCAGCC-1,FigureClone_I
GTCGTCAATTATAAGG-1,FigureClone_I
TTCGACGGGAAGGGCG-1,FigureClone_I
TACGAACACGACTTCA-1,FigureClone_I
TGCGCGATTAACGGAG-1,FigureClone_I
CGTATTAAGAGATCTA-1,FigureClone_I
GAAATGGCGGTGTTAG-1,FigureClone_I
AGTCCAGCGGGTACGT-1,FigureClone_I
GTGTACCTTGGCTACG-1,FigureClone_I
CGCAGAAACATTTGCG-1,FigureClone_I
CGGTAGAGGTGCAGGT-1,FigureClone_I
AGGTGGTGACCTTCGC-1,FigureClone_I
GGTGAAGTACAGGGAT-1,FigureClone_I
ACGTTCGTTCAGGAAA-1,FigureClone_I
AGGCCACCCGTTATGA-1,FigureClone_I
CTCTGTGCCTGCTATG-1,FigureClone_I
GCGGTCCCTAGACGCA-1,FigureClone_I
TCCCGCGTACTCCTGG-1,FigureClone_I
TTGTGTTTCCCGAAAG-1,FigureClone_I
ATTTACAGTTTACTGG-1,FigureClone_I
CATAGCGTTGCCCACC-1,FigureClone_I
TTGGCCATCTTGCGCT-1,FigureClone_I
TTGGCTCGCATGAGAC-1,FigureClone_I
TACTTTACTGAGCCGG-1,FigureClone_I
GTCATCTCCTACAGCT-1,FigureClone_I
AAAGGTAAGCTGTACC-1,FigureClone_I
AAACGGGCGTACGGGT-1,FigureClone_I
CACCGCGTCCACTCTA-1,FigureClone_I
GCTGGACCCAAAGTGG-1,FigureClone_I
CAAGCGGCACATAATT-1,FigureClone_I
AACTTCTGCGTCTATC-1,FigureClone_I
GGATCATCCCGTACGC-1,FigureClone_I
CGTTGTTTCAATTCCC-1,FigureClone_I
TGCGTGATTGGGTGTC-1,FigureClone_I
TGGCAAGCACAAGTCG-1,FigureClone_I
CACTACGGGAGCTGCC-1,FigureClone_I
TTGTTTGTGTAAATTC-1,FigureClone_I
CTCCTTTACGCAAGTC-1,FigureClone_I
TGGATAGAGTAACAGA-1,FigureClone_I
GTCAGAATAGTCTATG-1,FigureClone_I
CGAGTTTATCGGACTG-1,FigureClone_I
GGTTTCAATCGGTCAG-1,FigureClone_I
GTAGAAACGGGTGGAG-1,FigureClone_I
AGGCATTGTCGTAGGG-1,FigureClone_I
ACTCCCGAATTCGTTT-1,FigureClone_I
ACTTATACTTACCCGG-1,FigureClone_I
TGTAGGAGAAATTTCC-1,FigureClone_I
TGAAAGGACCTGACTC-1,FigureClone_I
CCCAAACATGCTGCTC-1,FigureClone_I
GCTTATGAAGCAGGAA-1,FigureClone_I
AGGGTGCTCTCGAGGG-1,FigureClone_I
TCCGCGGCAGCATCTG-1,FigureClone_I
ATCTGGTTAAGACTGT-1,FigureClone_I
GTAGACACGCCTGACT-1,FigureClone_I
AAATACCTATAAGCAT-1,FigureClone_I
AATGCACCAAGCAATG-1,FigureClone_I
TCTTGCTCCCGATACT-1,FigureClone_I
GGTTACCACCCTCGGG-1,FigureClone_I
TTGCACGGAGCAGCAC-1,FigureClone_I
AGACTGTTACCGGGTC-1,FigureClone_I
ACCCGGTTACACTTCC-1,FigureClone_I
TATTTGTTACCCTTTA-1,FigureClone_I
ATTGTGACTTCGCTGC-1,FigureClone_I
CGTGGTACCCAAAGGC-1,FigureClone_I
GCAACCACGGCCGCGT-1,FigureClone_I
AGAAGGTTGTAGGTCG-1,FigureClone_I
CTTAGTGTAGTAGCAT-1,FigureClone_I
GGGTCAGGAGCTAGAT-1,FigureClone_I
CGTTGCCCGCGTGGGA-1,FigureClone_I
GGAGCGAGGCCTACTT-1,FigureClone_I
GCCATCGAGCTGCGTG-1,FigureClone_I
CGAGAGCTTTCACTAC-1,FigureClone_I
CACCGTTAGGGATCAC-1,FigureClone_I
GTTTCATATCGTCGCT-1,FigureClone_I
GGAACGGCCTGCAGCC-1,FigureClone_I
ACCAGGAGTGTGATCT-1,FigureClone_I
GGAGTGCCGCCCTGGA-1,FigureClone_I
AGTGATTCAAGCAGGA-1,FigureClone_I
TTAAACCGGTAGCGAC-1,FigureClone_I
GGAACTTTGGCGATTA-1,FigureClone_I
CACCGCCAGAAGGTTT-1,FigureClone_I
TGAGAGATTTACCACG-1,FigureClone_I
CCTGTCGCCCGTAAAT-1,FigureClone_I
ACCTAAGTACCTTTCA-1,FigureClone_I
CAATAAACCTTGGCCC-1,FigureClone_I
AACCCAGAGACGGAGA-1,FigureClone_I
ACAAGGACAAGAGGTT-1,FigureClone_I
GCGTAAATGGCCATAA-1,FigureClone_I
TCGATAGGCTAGTCGC-1,FigureClone_I
TGTATGGCGCAGACAG-1,FigureClone_I
ACCAGTGCGGGAGACG-1,FigureClone_I
GCTAGTAGAGCTTGTA-1,FigureClone_I
CCGACAATAGGCCGCC-1,FigureClone_I
GCGAGAAACGGGAGTT-1,FigureClone_I
ATTCAGTAGCAGGGTC-1,FigureClone_I
ATCCAACGCAGTCATA-1,FigureClone_I
CTGCGGTAGTCACGTG-1,FigureClone_I
GACTAAGTAGGCTCAC-1,FigureClone_I
GACGGTCCTAGGGTGT-1,FigureClone_I
TTGCTGATCATGTTCG-1,FigureClone_I
GTGATCACTAACGCCT-1,FigureClone_I
GTAACATCTAAGATAA-1,FigureClone_I
ACCTCCGCCCTCGCTG-1,FigureClone_I
AGTGGCGTCTGAAGGT-1,FigureClone_I
ACGAAATGGGCGGCAC-1,FigureClone_I
AGCAACATATCTTATT-1,FigureClone_I
AAGTCAATTGTCGTCA-1,FigureClone_I
AGTTGACATCGGCTGG-1,FigureClone_I
TGGTATCGCATCCCAA-1,FigureClone_I
TAATAGTGACGACCAG-1,FigureClone_I
CTCATTTGATGGGCGG-1,FigureClone_I
ATATTCCCACAGGTCA-1,FigureClone_I
TGTATAACAGATCCTG-1,FigureClone_I
CCGGCGCATATTGGAT-1,FigureClone_I
TGCAGTTTCCTCCCAT-1,FigureClone_I
GCTAAGTAGTTTCTCT-1,FigureClone_I
GTATTCTTACCGTGCT-1,FigureClone_I
TAGATATGGACTGGAA-1,FigureClone_I
TGCATGGATCGGATCT-1,FigureClone_I
TGTCATTTGTTGGGAA-1,FigureClone_I
TTGCGCTTGATCAATA-1,FigureClone_I
TTGGAGTCTCCCTTCT-1,FigureClone_I
TGGAGCTAAAGTTCCC-1,FigureClone_I
GCTAGACCGTCTACTG-1,FigureClone_I
GATCCTAAATCGGGAC-1,FigureClone_I
TTGCGGCATCAGAAAG-1,FigureClone_I
TTGCTCCCATACCGGA-1,FigureClone_I
CTAAATCCTATTCCGG-1,FigureClone_I
CCGCCACCACAATCCA-1,FigureClone_I
TTGTAAGGCCAGTTGG-1,FigureClone_I
TGGAAGACGAACACCA-1,FigureClone_I
GCGCATCCAGTCAGCA-1,FigureClone_I
TGCGGCATAGTTCAAC-1,FigureClone_I
CGCGGGAATTAGGCAG-1,FigureClone_I
GGAGGATTGAAAGGAG-1,FigureClone_I
CGAACAGTATGGGCGT-1,FigureClone_I
GTGAAACGGCGCCACC-1,FigureClone_I
CAGTGAATAAATGACT-1,FigureClone_I
GGAGCACCAAGAACTA-1,FigureClone_I
GATATCTCATGCAATA-1,FigureClone_I
AGTCCCGCCTTTAATT-1,FigureClone_I
TGTGACTACGCCAGTC-1,FigureClone_I
TAGTCGATCACGGGTT-1,FigureClone_I
TCGCTTTAAACGTTTG-1,FigureClone_I
AGTGAACAAACTTCTC-1,FigureClone_I
AGCGCGGGTGCCAATG-1,FigureClone_I
TGCATGTGGTAATCTA-1,FigureClone_I
ACTATCTGCCCGCGTA-1,FigureClone_I
CTCATGGCTCACAATC-1,FigureClone_I
CTAGTCACGTCTTAAG-1,FigureClone_I
TTCCACACAGATTTGA-1,FigureClone_I
CGGAGCATGGCGATCC-1,FigureClone_I
CCTCTAATCTGCCAAG-1,FigureClone_I
GGGCGGCAAATGAATT-1,FigureClone_I
GCGTTCGGAGACCGGG-1,FigureClone_I
ATATAAAGCGCTCGTG-1,FigureClone_I
CTGTATGGTGTAGAAA-1,FigureClone_I
GCTACTATAGTAGAGT-1,FigureClone_I
GCCCGTAATACCTTCT-1,FigureClone_I
TACCAGAAGTAGGTTC-1,FigureClone_I
TGACGATGCACTAGAA-1,FigureClone_I
TATTTATACCGAGTAG-1,FigureClone_I
CGTTTCACTTCGGGCG-1,FigureClone_I
TAAAGCGGTATTTCCA-1,FigureClone_I
GGGACCCGTATATCTT-1,FigureClone_I
AATAGAACAGAGTGGC-1,FigureClone_I
CATTTAGCGGACCATG-1,FigureClone_I
GGAACCGTGTAAATTG-1,FigureClone_I
GATATGCGGTAGCCAA-1,FigureClone_I
CTGCAAGCACGTTCCG-1,FigureClone_I
TAAGGCTGAATCCCTC-1,FigureClone_I
AGATGCTATAACGAGC-1,FigureClone_I
CAAGCACCAAATGCCT-1,FigureClone_I
CTGGTCCTAACTTGGC-1,FigureClone_I
TCGGAATGACCATCAA-1,FigureClone_I
TTAATGCGAGGTAACT-1,FigureClone_I
GTTAGAGTGTGCCGCT-1,FigureClone_I
CATTTATCGTTCAAGA-1,FigureClone_I
CCGCTGGTGCCATTCA-1,FigureClone_I
AAATTGCGGCGGTTCT-1,FigureClone_I
CCCTGGTATGGGCGGC-1,FigureClone_I
CGGCTGCAAGATTAAG-1,FigureClone_I
AAACTAACGTGGCGAC-1,FigureClone_I
CACCTAATCAGTTTAC-1,FigureClone_I
CATGCATGGAGACCCT-1,FigureClone_I
CTAAAGGGAAATAGGA-1,FigureClone_I
CGTGCTGGCCTAGTCG-1,FigureClone_I
CATTCAGGTCAGTGCG-1,FigureClone_I
GGGCTCATCGAACCCA-1,FigureClone_I
AGAGAACCGTCTAGGA-1,FigureClone_I
CTCTCGATGTGCGCCT-1,FigureClone_I
CTTGACCCGAAAGATA-1,FigureClone_I
ATCTCCCTGCAATCTA-1,FigureClone_I
AGGCAGATGCGTAAAC-1,FigureClone_I
CAGAGACGGTCACCCA-1,FigureClone_I
ACCAGCCCGGTCTTTG-1,FigureClone_I
AGAGGCTTCGGAAACC-1,FigureClone_I
AGTGTATTGCGCATTG-1,FigureClone_I
AAATAACCATACGGGA-1,FigureClone_I
TCTTACAGAGGTACCG-1,FigureClone_I
TTAGAATAAGGGTCGG-1,FigureClone_I
ATTCATATACTGTCCA-1,FigureClone_I
ATTAAACATGCGGACC-1,FigureClone_I
CTATGCCCGAATGCAA-1,FigureClone_I
TAACCGCCCGCAGTGC-1,FigureClone_I
TAAGGAACTTGTGGGA-1,FigureClone_I
GAAGAACGGTGCAGGT-1,FigureClone_I
AACGATAGAAGGGCCG-1,FigureClone_I
TCCTCTACGAGATGGC-1,FigureClone_I
CCATACCTTTACTTGT-1,FigureClone_I
TTATGCGTCCCGGTCC-1,FigureClone_I
GACCAAACGTTGACTG-1,FigureClone_I
GTAAGCGGGCAGTCAG-1,FigureClone_I
TAATCGATCCGTACGT-1,FigureClone_I
GTACAGAGGCAAGGGT-1,FigureClone_I
TAGCGTTGGGTCTTAC-1,FigureClone_I
ACTTAGTACGACAAGA-1,FigureClone_I
CTAGGTTCGGACGTGA-1,FigureClone_I
GATCGCGGGCTCTCCA-1,FigureClone_I
AAGCCGAAGCGGTTTA-1,FigureClone_I
TCAAGGTTACTACACC-1,FigureClone_I
CCGTGGAACGATCCAA-1,FigureClone_I
CGCTGTGTGGATGTTG-1,FigureClone_I
GATCCTCGACACTGGC-1,FigureClone_I
TATCACCATGTAAAGT-1,FigureClone_I
CGTGTCCCATTCGCGA-1,FigureClone_I
TCTACCGTCCACAAGC-1,FigureClone_I
CATCGCCCGCGGCCAA-1,FigureClone_I
ATAATTAGCTAAGTAG-1,FigureClone_I
ATTCTCGTCTCTTTAG-1,FigureClone_I
ATCGACCCAATACAGA-1,FigureClone_I
TGCCTGATCAAACGAT-1,FigureClone_I
TGGCAATGGGACGGCG-1,FigureClone_I
AACGGCCATCTCCGGT-1,FigureClone_I
CCTGGTCGAATGTGGG-1,FigureClone_I
TAATAGAACAGAGTTA-1,FigureClone_I
ATTCTTCGTACTTATG-1,FigureClone_I
TCCTCTGGCCCATTAG-1,FigureClone_I
AGCTCCATATATGTTC-1,FigureClone_I
GAGTCCGCTTACCGGA-1,FigureClone_I
TCGTCAAGTACGCGCA-1,FigureClone_I
GTACTCCTGGGTATGC-1,FigureClone_I
CCTGACCACCGATGGT-1,FigureClone_I
GGCGTAGGGAAAGCTG-1,FigureClone_I
CTACGAACTAGGTCGA-1,FigureClone_I
ATGAAGCCAAGGAGCC-1,FigureClone_I
CATGAACCTCTTATCA-1,FigureClone_I
GCGAAACGATCGGGAG-1,FigureClone_I
TCTAGGTGGCGACGCT-1,FigureClone_I
GGCTACTATACACTCC-1,FigureClone_I
ACCGGGCCTTTGTTGA-1,FigureClone_I
CGACAATTTGATCTAA-1,FigureClone_I
CATACGGCGTCTGGGC-1,FigureClone_I
GGATGAAGATCGCTGA-1,FigureClone_I
TCTGGGTAGCGCTCAT-1,FigureClone_I
TACTCTTTCGTCTTCA-1,FigureClone_I
CGCTGGTGACTACCCT-1,FigureClone_I
GTTTCAAACGAGTTGT-1,FigureClone_I
GAACCCTCTGTGTTCT-1,FigureClone_I
TTAGTAAACCTGCTCT-1,FigureClone_I
TTCTGTTTCCTGTCGC-1,FigureClone_I
TTCTTAGTGGCTCAGA-1,FigureClone_I
TGTCGGCATGGTGGAA-1,FigureClone_I
GTGATCATAGATCTGC-1,FigureClone_I
ACTGTTTAGTGTAGGC-1,FigureClone_I
CCTGCGATAGAACTGT-1,FigureClone_I
AATTCATAAGGGATCT-1,FigureClone_I
TTCAGAGTAACCTGAC-1,FigureClone_I
TTCGCACTCGCGTGCT-1,FigureClone_I
CCAATTGAATGTTAAT-1,FigureClone_I
AGAACGTGGTACATTC-1,FigureClone_I
CTGTAGCCATCTCACT-1,FigureClone_I
AATAAGTCCTCGAGAC-1,FigureClone_I
CCAATTACGGGTCGAG-1,FigureClone_I
TTATTAGGGAAGCATC-1,FigureClone_I
GTTAACATCACTTAAA-1,FigureClone_I
CCGCCTGCGAATTGGT-1,FigureClone_I
CGTCAGTGCGCACAAG-1,FigureClone_I
TAATAAACAAGGAGAT-1,FigureClone_I
TACGTGCACTATGCTG-1,FigureClone_I
GTAATCTGATTCTTCG-1,FigureClone_I
TATGGTTAGTGGGAGA-1,FigureClone_I
CGGGTGTACCCATTTA-1,FigureClone_I
TGCTCGGTGGGTCACC-1,FigureClone_I
CTTCCGCTCCGTGAAG-1,FigureClone_I
ACCGAAAGGGCCCTGC-1,FigureClone_I
TGCGGACTTGACTCCG-1,FigureClone_I
TAGGTTCGAGTTCGTC-1,FigureClone_I
TTGTTCAGTGTGCTAC-1,FigureClone_I
GTTGGATTTGCGTTGG-1,FigureClone_I
GTGCGGGTCTCCAAAT-1,FigureClone_I
ACAGCATAGAGCCAGT-1,FigureClone_I
TTCCGGCCTTGAGGCT-1,FigureClone_I
GGGTTTAGGATAGGAT-1,FigureClone_I
TTGCCTTCTCGCCGGG-1,FigureClone_I
GTAGCCAAACATGGGA-1,FigureClone_I
AACAGGATGGGCCGCG-1,FigureClone_I
TTCCAATCTGGCTATC-1,FigureClone_I
GGATCCCTACCAGCTA-1,FigureClone_I
TTCATAGCCTTGTAAC-1,FigureClone_I
GAAATGGGATGTAAAC-1,FigureClone_I
GCCGGTTTGGGCGGAT-1,FigureClone_I
TTGTGTATGCCACCAA-1,FigureClone_I
ATGCCATTTGCGACCA-1,FigureClone_I
TCCTTACGACGGTCCG-1,FigureClone_I
AAGAGCTCTTTATCGG-1,FigureClone_I
TGTGGTTGCTAAAGCT-1,FigureClone_I
TGGACCACGGCGTTGA-1,FigureClone_I
CCAAGGAACAGAGAGG-1,FigureClone_I
TGGCTTTGGGTAGACA-1,FigureClone_I
CGAAACGCAATTCATG-1,FigureClone_I
TCCGGCCTAGCGTACA-1,FigureClone_I
TTGCTGGCCGGGCTTC-1,FigureClone_I
AGTGCACGCTTAAGAA-1,FigureClone_I
TGCCGTGGATCGTCCT-1,FigureClone_I
ATATCGGTAGGGAGAT-1,FigureClone_I
AGATACCAATAGAACC-1,FigureClone_I
AATTCCAAGCATGTAC-1,FigureClone_I
AAGTGCCTTGACTGTA-1,FigureClone_I
GGGTGGTCCAGCCTGT-1,FigureClone_I
TAGGGAGCTTGGGATG-1,FigureClone_I
TGTCCCGACATAGCAC-1,FigureClone_I
TCCATTGTGACCTCGT-1,FigureClone_I
CAGGCAGTCTTACCAG-1,FigureClone_I
CTATCGGGTCTCAACA-1,FigureClone_I
TTCGGCTAGAGATGGT-1,FigureClone_I
TTCTACTTGCGAGGGC-1,FigureClone_I
GCCGCTTGTGAGAAAC-1,FigureClone_H
ATTGCCTTTATGTTTG-1,FigureClone_H
TTCCATCATGCGGTGA-1,FigureClone_H
TACGCTATAGAAACCT-1,FigureClone_H
CCATAGTCAGTAACCC-1,FigureClone_H
GTATCAAACGTTAGCT-1,FigureClone_H
TCCGCCTGTCTACAAG-1,FigureClone_H
AATGATGATACGCTAT-1,FigureClone_H
CACCTTGGCGCCTTTG-1,FigureClone_H
GACTCGGTCGGCGGAT-1,FigureClone_H
GGCCCTCACCCACTTA-1,FigureClone_G
CCCGTCAGCGTCTGAC-1,FigureClone_G
GCTCAATCCGTTTATT-1,FigureClone_F
GGTGAGATGCAGATAA-1,FigureClone_F
CGAGGCTAAATATGGC-1,FigureClone_F
ACACATTGACGCAACA-1,FigureClone_F
AGACGACGATGCCGCT-1,FigureClone_E
TGCATATGTCTGTCAC-1,FigureClone_E
AGTGAGACTTCCAGTA-1,FigureClone_E
GGCAAAGGCGCCAATA-1,FigureClone_E
ACAGCGCACCCGCAGC-1,FigureClone_E
TCGTCACACTGTTAGC-1,FigureClone_E
GATAAGGCAGATGCAA-1,FigureClone_E
GATCGCTACCCGATTT-1,FigureClone_E
CGAGACCCTAGAGTGT-1,FigureClone_C
GCGCTTAAATAATTGG-1,FigureClone_A
