"Barcode","Node"
"H2_1_CCCGTAAGTCTAGGCC.1","Clone_A.1"
"H2_1_GTATGAAATTTCACTC.1","Clone_A.1"
"H2_1_AGTTAAGTCAACCGCT.1","Clone_A.1"
"H2_1_GCCCTAGCCGTCGCGA.1","Clone_A.1"
"H2_1_TTATCCTCAAGGAATA.1","Clone_A.1"
"H2_1_CGCGAGTCTGCCGGGT.1","Clone_A.1"
"H2_1_ACTCGTAACCCGTCCT.1","Clone_A.1"
"H2_1_AGCCGTGGCTAAATGT.1","Clone_A.1"
"H2_1_AGCATCATTTCGAAAG.1","Clone_A.1"
"H2_1_GATGTAACGAACCACC.1","Clone_A.1"
"H2_1_ATACGGAACGTCGTTT.1","Clone_A.1"
"H2_1_TCCTCCTAAGACATTC.1","Clone_A.1"
"H2_1_TTGCCATAGCCCGCTC.1","Clone_A.1"
"H2_1_ACCTAAGTACCTTTCA.1","Clone_A.1"
"H2_1_ACGGGAGTGTCGGCCC.1","Clone_A.1"
"H2_1_GACCCAATTATGATAC.1","Clone_A.1"
"H2_1_TCAACAAAGATAATTC.1","Clone_A.1"
"H2_1_AACCCATCCCATGATC.1","Clone_A.1"
"H2_1_GTCAAAGAAGTGGTGT.1","Clone_A.1"
"H2_1_AACACGAGACGCGGCC.1","Clone_A.1"
"H2_1_AAAGTAGCATTGCTCA.1","Clone_A.1"
"H2_1_AATCTAGGTTTACTTG.1","Clone_A.1"
"H2_1_TATCTTGCAATACAAC.1","Clone_A.1"
"H2_1_TCAACGCAGGAAATAA.1","Clone_A.1"
"H2_1_CTCCCTCCTTTCGATC.1","Clone_A.1"
"H2_1_TTGTGGTAGGAGGGAT.1","Clone_A.1"
"H2_1_GGGTATTCTAGCAAAC.1","Clone_A.1"
"H2_1_ATGACGCGTTCTATCC.1","Clone_A.1"
"H2_1_GGAATGCGCTAGCGTG.1","Clone_A.1"
"H2_1_ACAGAACTGAGAACAA.1","Clone_A.1"
"H2_1_GCCGCTTGTGAGAAAC.1","Clone_A.1"
"H2_1_GATCTTTGCAGGGTAT.1","Clone_A.1"
"H2_1_GCGAAGCCATACCCGT.1","Clone_A.1"
"H2_1_TCGTCAAGTACGCGCA.1","Clone_A.1"
"H2_1_AATCTGGCTTTCTAGT.1","Clone_A.1"
"H2_1_CGTGTCTCGTTACGAC.1","Clone_A.1"
"H2_1_CTCATGGTAATTTGCG.1","Clone_A.1"
"H2_1_GTCTATCTGAGTTTCT.1","Clone_A.1"
"H2_1_AGTCGTGGGCATTACG.1","Clone_A.1"
"H2_1_CTTCAGTGGTCGCCTA.1","Clone_A.1"
"H2_1_GAAGCTCGGACCCGTC.1","Clone_A.1"
"H2_1_GGGCAACCGCACGTGC.1","Clone_A.1"
"H2_1_TCGGCTTGTATCGACG.1","Clone_A.1"
"H2_1_AACAATACATTGTCGA.1","Clone_A.1"
"H2_1_GCGACCCAACCATCTG.1","Clone_A.1"
"H2_1_TCAGCAGTAGGCCCTG.1","Clone_A.1"
"H2_1_CTCTCTAACTGCCTAG.1","Clone_A.1"
"H2_1_TTGGAAGAATACAGTC.1","Clone_A.1"
"H2_1_GCCCGATCTGTGGTCG.1","Clone_A.1"
"H2_1_GTGCCATCACACGGTG.1","Clone_A.1"
"H2_1_AACTAGGCTTGGGTGT.1","Clone_A.1"
"H2_1_CGGAGCAATTTAATCG.1","Clone_A.1"
"H2_1_GAAGTCAGTTGCACTA.1","Clone_A.1"
"H2_1_GTTTGGGCTTGTGAGC.1","Clone_A.1"
"H2_1_TGAGCGGAAAGTGTTC.1","Clone_A.1"
"H2_1_ACGGCACTTGCTTGGG.1","Clone_A.1"
"H2_1_CTTTCTGTGCGGGCTT.1","Clone_A.1"
"H2_1_GCTGGCGGCGCATGCT.1","Clone_A.1"
"H2_1_ATACAGGCCCTCCAAT.1","Clone_A.1"
"H2_1_CGATTCGCCTGGCTGC.1","Clone_A.1"
"H2_1_CTAGTTACAACCCGGT.1","Clone_A.1"
"H2_1_GTTTGGTAGGGTCAAC.1","Clone_A.1"
"H2_1_AATTAGCGCTGCAGCG.1","Clone_A.1"
"H2_1_TTAGAAGAACATGACT.1","Clone_A.1"
"H2_1_CGGCAAACATCGTGCG.1","Clone_A.1"
"H2_1_AGGATAAAGTCGGGAT.1","Clone_A.1"
"H2_1_CCCAACATACGTCGCG.1","Clone_A.1"
"H2_1_GCGTCGCCAGGGTGAT.1","Clone_A.1"
"H2_1_TTGTGTTTCCCGAAAG.1","Clone_A.1"
"H2_1_ATGGGTGTATACCTCC.1","Clone_A.1"
"H2_1_TACTTTCCGCACGCCA.1","Clone_A.1"
"H2_1_GGACCTCTAGGCCGCC.1","Clone_A.1"
"H2_1_CCGTATCTCGTCGTAG.1","Clone_A.1"
"H2_1_CTACTATCATAGGTTT.1","Clone_A.1"
"H2_1_TTAAGGCCCGTACTTT.1","Clone_A.1"
"H2_1_AATGTGCCCGAGGTGT.1","Clone_A.1"
"H2_1_AAGGGACTATGCATTC.1","Clone_A.1"
"H2_1_CCAAGAAAGTGGGCGA.1","Clone_A.1"
"H2_1_TTGTTTCATTAGTCTA.1","Clone_A.1"
"H2_1_TATATATCGAGAAATG.1","Clone_A.1"
"H2_1_CCCTATGTAGAGCAGA.1","Clone_A.1"
"H2_1_AACAGCTGTGTGGCAA.1","Clone_A.1"
"H2_1_GAAGAAACGATATTGT.1","Clone_A.1"
"H2_1_GCGGCAAAGTATTGCC.1","Clone_A.1"
"H2_1_ACGCGAAGTCAGACGA.1","Clone_A.1"
"H2_1_CTCTTGTCCCGCTTGG.1","Clone_A.1"
"H2_1_TTGTGCAGCCACGTCA.1","Clone_A.1"
"H2_1_ATCTGACATGGAAGGA.1","Clone_A.1"
"H2_1_GGTTTAATTACCATCG.1","Clone_A.1"
"H2_1_ATATAAAGCGCTCGTG.1","Clone_A.1"
"H2_1_TGTTCGTATTGCGGTG.1","Clone_A.1"
"H2_1_TATTAACCTGACCGCG.1","Clone_A.1"
"H2_1_AGCGCATAATGAATCG.1","Clone_A.1"
"H2_1_CACCGTTAGGGATCAC.1","Clone_A.1"
"H2_1_TCTGTTACCCAGCATA.1","Clone_A.1"
"H2_1_TTCCGGCCTTGAGGCT.1","Clone_A.1"
"H2_1_GGCAAAGGCGCCAATA.1","Clone_A.1"
"H2_1_CCAGAAAGCAACTCAT.1","Clone_A.1"
"H2_1_CGATCCGACCCAGTGC.1","Clone_A.1"
"H2_1_TAAGTCGCCGAGTATC.1","Clone_A.1"
"H2_1_GCGGAGAAACTTCGCA.1","Clone_A.1"
"H2_1_GCTCAATCCGTTTATT.1","Clone_A.1"
"H2_1_GGTCTCTGAATGGACT.1","Clone_A.1"
"H2_1_AGTCTCACAAGACTAC.1","Clone_A.1"
"H2_1_ATTTGCGCGAGTAGCT.1","Clone_A.1"
"H2_1_GCGAGGCCCGAGCAGA.1","Clone_A.1"
"H2_1_TGAGCCATACAGTCTC.1","Clone_A.1"
"H2_1_AGACGACGATGCCGCT.1","Clone_A.1"
"H2_1_GGTATTGCCGAGTTTA.1","Clone_A.1"
"H2_1_TCCAACTTTAAATTCT.1","Clone_A.1"
"H2_1_TTGTTTCACATCCAGG.1","Clone_A.1"
"H2_1_GAAGTTTCCACTCAAT.1","Clone_A.1"
"H2_1_CTACAAGAAATAACCC.1","Clone_A.1"
"H2_1_ACATCGATCGTTTACC.1","Clone_A.1"
"H2_1_AGTTAAACACTTGCGA.1","Clone_A.1"
"H2_1_ACGTTAGATTTGCCCG.1","Clone_A.1"
"H2_1_CACTCCTATGTAAGAT.1","Clone_A.1"
"H2_1_CAGCGATTCCCTTCAA.1","Clone_A.1"
"H2_1_CTGTAGCCATCTCACT.1","Clone_A.1"
"H2_1_TCAGTGTATACGTCAT.1","Clone_A.1"
"H2_1_CAATATTCTTGACCTA.1","Clone_A.1"
"H2_1_CCTCTGTACTATTCTA.1","Clone_A.1"
"H2_1_ATCGACCCAATACAGA.1","Clone_A.1"
"H2_1_CAGAGGCGATGCATGA.1","Clone_A.1"
"H2_1_CAGATCCTGGTTTGAA.1","Clone_A.1"
"H2_1_CACCCGGTTTGTGACT.1","Clone_A.1"
"H2_1_GTCGCCGTTGTGTGTT.1","Clone_A.1"
"H2_1_GGGCGGGTTCCCTACG.1","Clone_A.1"
"H2_1_TTAGGTCATAACCGAC.1","Clone_A.1"
"H2_1_TCTAATACTGCCTCAG.1","Clone_A.1"
"H2_1_AGAGAAGGAGTACAAT.1","Clone_A.1"
"H2_1_AAATTGATAGTCCTTT.1","Clone_A.1"
"H2_1_GATGACAAGTAGGGCA.1","Clone_A.1"
"H2_1_TCATCGATGGTCCCAA.1","Clone_A.1"
"H2_1_ACAATGAATACGGAGA.1","Clone_A.1"
"H2_1_CAAAGATTATTGGGCC.1","Clone_A.1"
"H2_1_AGGCAGGGAGCGTACT.1","Clone_A.1"
"H2_1_GGTAACCGGGAGGATA.1","Clone_A.1"
"H2_1_GACAGATTTCTGGCTC.1","Clone_A.1"
"H2_1_CTACTCAAGGTATAGT.1","Clone_A.1"
"H2_1_GTGGAGTCGGCGGTTG.1","Clone_A.1"
"H2_1_ACGCAAACTAATAGAT.1","Clone_A.1"
"H2_1_TAAACCCAGGAGGGCA.1","Clone_A.1"
"H2_1_CCGGTTTGTAATTGTG.1","Clone_A.1"
"H2_1_AAGTGAGTCGGGTTTA.1","Clone_A.1"
"H2_1_TCCTAGCAAAGAAGCT.1","Clone_A.1"
"H2_1_CTGGACGCAGTCCGGC.1","Clone_A.1"
"H2_1_TTGCATGCTGATCACG.1","Clone_A.1"
"H2_1_CAGACACCGATCGCTG.1","Clone_A.1"
"H2_1_CTCGGTTGTCGGCCCT.1","Clone_A.1"
"H2_1_GGCCGTTTGGGTTTCA.1","Clone_A.1"
"H2_1_AGACTGTTACCGGGTC.1","Clone_A.1"
"H2_1_TACTATGGTTCCTCAG.1","Clone_A.1"
"H2_1_CTAAATCCGGTGTACA.1","Clone_A.1"
"H2_1_ATTATTATGTCCGTCA.1","Clone_A.1"
"H2_1_TAAAGCGGTATTTCCA.1","Clone_A.1"
"H2_1_AAGATGGCACCGGACC.1","Clone_A.1"
"H2_1_CCCGTAGCTGGGAAGA.1","Clone_A.1"
"H2_1_GCAGGAACTTAGATCT.1","Clone_A.1"
"H2_1_GCACGCCTACTTAGAT.1","Clone_A.1"
"H2_1_CGTTTGTGTAGAGGGT.1","Clone_A.1"
"H2_1_AGATACCGGTGTTCAC.1","Clone_A.1"
"H2_1_CCTACATTCACAGACG.1","Clone_A.1"
"H2_1_GGCTCCTCCACCTGTT.1","Clone_A.1"
"H2_1_ACGTTCGTTCAGGAAA.1","Clone_A.1"
"H2_1_ACTGCTCGGAAGGATG.1","Clone_A.1"
"H2_1_CCCAATGAGATTTGCA.1","Clone_A.1"
"H2_1_TAGTAGCTTATACCAG.1","Clone_A.1"
"H2_1_TTCTTGGACGATCTGC.1","Clone_A.1"
"H2_1_TGCGACGGCCGAACGT.1","Clone_A.1"
"H2_1_AACTCAAGTTAATTGC.1","Clone_A.1"
"H2_1_ACATCGGTCAGCCGCG.1","Clone_A.1"
"H2_1_TGCGTCATGACTGAGC.1","Clone_A.1"
"H2_1_CTATTCATGTGTCCCA.1","Clone_A.1"
"H2_1_CTTTACCGAATAGTAG.1","Clone_A.1"
"H2_1_GGACCAACAGGATAAC.1","Clone_A.1"
"H2_1_GGCGCATGAATTGATG.1","Clone_A.1"
"H2_1_TCAGACGCTATAGAAG.1","Clone_A.1"
"H2_1_CCCAAACATGCTGCTC.1","Clone_A.1"
"H2_1_TTAGAATAAGGGTCGG.1","Clone_A.1"
"H2_1_TGATACATTTAGCCGT.1","Clone_A.1"
"H2_1_GTTACTTTGGGCCTAG.1","Clone_A.1"
"H2_1_CACATCGTGCACGCGC.1","Clone_A.1"
"H2_1_TTAACTTCAGGTAGGA.1","Clone_A.1"
"H2_1_TTGCGGCATCAGAAAG.1","Clone_A.1"
"H2_1_TGGCGACTGCTCCAAA.1","Clone_A.1"
"H2_1_ACTATTTCCGGGCCCA.1","Clone_A.1"
"H2_1_TACGTACTAGTGCTGA.1","Clone_A.1"
"H2_1_GCCGAAATTCCTACGT.1","Clone_A.1"
"H2_1_ACGATGCATATGTTAT.1","Clone_A.1"
"H2_1_AAGTGACGACCGAATT.1","Clone_A.1"
"H2_1_GTTGAACCGGTTCCAT.1","Clone_A.1"
"H2_1_TGGCTACACTCTACCT.1","Clone_A.1"
"H2_1_AAGCGTCCCTCATCGA.1","Clone_A.1"
"H2_1_TGCAACCCATCTGCGG.1","Clone_A.1"
"H2_1_ACACTGATCAAGGTGT.1","Clone_A.1"
"H2_1_GAAGTGATTTATCGTG.1","Clone_A.1"
"H2_1_TTCGCCGCTCGCGCTA.1","Clone_A.1"
"H2_1_ATTCAACCATTTAAGG.1","Clone_A.1"
"H2_1_TGATGTCAATTAAGTG.1","Clone_A.1"
"H2_1_CCTATATTTGTCCTGG.1","Clone_A.1"
"H2_1_ATGGAGCAGGCCGTGA.1","Clone_A.1"
"H2_1_CCCGGTGTATCGGAAT.1","Clone_A.1"
"H2_1_TAACATACACGCGATC.1","Clone_A.1"
"H2_1_GAGTTGATGGCAATTT.1","Clone_A.1"
"H2_1_GTGGCAAACAGCGGCA.1","Clone_A.1"
"H2_1_TCACGATGTCCGTGGA.1","Clone_A.1"
"H2_1_CTCACTTGGCTGGTAA.1","Clone_A.2"
"H2_1_TCGTTGCTATCCGGTC.1","Clone_A.2"
"H2_1_TCCACCTCTAGCCTTT.1","Clone_A.2"
"H2_1_GTGGTATAGTCTGCCG.1","Clone_A.2"
"H2_1_TTCGGGCGCTAGTCTT.1","Clone_A.2"
"H2_1_GGAGACCATCTACATA.1","Clone_A.2"
"H2_1_TCGGCGTACTGCACAA.1","Clone_A.2"
"H2_1_CATTTGAGTGGTACGT.1","Clone_A.2"
"H2_1_CGGTGCAGATAGAACG.1","Clone_A.2"
"H2_1_AGAAGGTACACTTCAC.1","Clone_A.2"
"H2_1_CCGACGGGCATGAGGT.1","Clone_A.2"
"H2_1_CTTTGGGATTGTTGCA.1","Clone_A.2"
"H2_1_AGCCCGGTAGCCTGTA.1","Clone_A.2"
"H2_1_TTGGACATGTGGCTTA.1","Clone_A.2"
"H2_1_AGGATCACGCGATCTG.1","Clone_A.2"
"H2_1_ACCGACACATCTCCCA.1","Clone_A.2"
"H2_1_CGCCTGGCCTACGTAA.1","Clone_A.2"
"H2_1_CTCCTCCAGCTCACAC.1","Clone_A.2"
"H2_1_CTCGCCGAATGTAGGG.1","Clone_A.2"
"H2_1_CCTCGCGCTGTGCGAT.1","Clone_A.2"
"H2_1_GACTGCAAATCGAGCT.1","Clone_A.2"
"H2_1_TGCTCGGCGAAACCCA.1","Clone_A.2"
"H2_1_TAAGGCATAACATCAA.1","Clone_A.2"
"H2_1_GACATCGATTTATAAC.1","Clone_A.2"
"H2_1_TTCGCGCGCCATACGA.1","Clone_A.2"
"H2_1_CCTTCAGTTAAAGTGA.1","Clone_A.2"
"H2_1_TCACAGCAAACTCGAA.1","Clone_A.2"
"H2_1_TACTCTTTCGTCTTCA.1","Clone_A.2"
"H2_1_TCGGGAGACAGCGTAC.1","Clone_A.2"
"H2_1_TTCTAGAAAGTCTTAT.1","Clone_A.2"
"H2_1_CGGAAAGAATCAAACG.1","Clone_A.2"
"H2_1_GAAAGCAGTGCACTTT.1","Clone_A.2"
"H2_1_TCCTGCGTTGATACTC.1","Clone_A.2"
"H2_1_GTTTCATATCGTCGCT.1","Clone_A.2"
"H2_1_GGGCAGAGCAATCGTT.1","Clone_A.2"
"H2_1_ATAAATATTAGCAGCT.1","Clone_A.2"
"H2_1_CCTTTAAGGGAGCACT.1","Clone_A.2"
"H2_1_AAACAGGGTCTATATT.1","Clone_A.2"
"H2_1_AGCCCATACATGTAAG.1","Clone_A.2"
"H2_1_CTCAAACCACTGCCCG.1","Clone_A.2"
"H2_1_TAGCTAGAAGGCATGA.1","Clone_A.2"
"H2_1_GTCGGGAAGCAGAAAC.1","Clone_A.2"
"H2_1_TGTGAGACTAGCCCAA.1","Clone_A.2"
"H2_1_AAATGGCCCGTGCCCT.1","Clone_A.2"
"H2_1_GATCTAACCGTATTCA.1","Clone_A.2"
"H2_1_GCGTCCCTAAGACATA.1","Clone_A.2"
"H2_1_GCTCCTGACATACTGG.1","Clone_A.2"
"H2_1_AAGAGGATGTACGCGA.1","Clone_A.2"
"H2_1_AGCAAAGGCCGCTAGT.1","Clone_A.2"
"H2_1_ATCAGCTCGTCCACTA.1","Clone_A.2"
"H2_1_AGACCAAACCACACCT.1","Clone_A.2"
"H2_1_ATACCTAACCAAGAAA.1","Clone_A.2"
"H2_1_ATGTGAAAGCCTAATG.1","Clone_A.2"
"H2_1_TATCAGTGGCGTAGTC.1","Clone_A.2"
"H2_1_CGACGCATCCGTACCT.1","Clone_A.2"
"H2_1_TCAAATTTGAGACTCA.1","Clone_A.2"
"H2_1_CTCGAGACATACGATA.1","Clone_A.2"
"H2_1_TCCAGGGTATATACGA.1","Clone_A.2"
"H2_1_AGCGGCGGTTAGCGGT.1","Clone_A.2"
"H2_1_TCCTAACCGTCGGGCA.1","Clone_A.2"
"H2_1_TACCAAATAGCCCAGA.1","Clone_A.2"
"H2_1_TACCTACTCCCAGTAT.1","Clone_A.2"
"H2_1_AACGAAAGTCGTCCCA.1","Clone_A.2"
"H2_1_CGAACGGCCGGACAAC.1","Clone_A.2"
"H2_1_ATGGAAATTTAAGGAG.1","Clone_A.2"
"H2_1_CCTAGGTAAAGGTAGC.1","Clone_A.2"
"H2_1_AAACCGGGTAGGTACC.1","Clone_A.2"
"H2_1_TATTAACACCAAAGCA.1","Clone_A.2"
"H2_1_ACCATCCGCCAACTAG.1","Clone_A.2"
"H2_1_TTGAATCGTTGTATAA.1","Clone_A.2"
"H2_1_GTCCTACTCTACGGGC.1","Clone_A.2"
"H2_1_GGTCGGTCGTCCACAG.1","Clone_A.2"
"H2_1_TCTAAAGAACAGTCTC.1","Clone_A.2"
"H2_1_CCGGCGTGAGACTCTG.1","Clone_A.2"
"H2_1_AGCCTAATACCCACGT.1","Clone_A.2"
"H2_1_ACAGTAATACAACTTG.1","Clone_A.2"
"H2_1_ATTGATCACCACATTT.1","Clone_A.2"
"H2_1_TCGGTCCCGACAATAG.1","Clone_A.2"
"H2_1_TGGCCAATTTGGTACT.1","Clone_A.2"
"H2_1_TTGTCACCGCGGTATC.1","Clone_A.2"
"H2_1_GGGACCCGTATATCTT.1","Clone_A.2"
"H2_1_TGAGGAGTGCCAGCTT.1","Clone_A.2"
"H2_1_AATAGTCCGTCCCGAC.1","Clone_A.2"
"H2_1_CGTCGGGTCTAAGCGC.1","Clone_A.2"
"H2_1_TACGTTTACCGGCAAT.1","Clone_A.2"
"H2_1_TATACGCGTCATCACT.1","Clone_A.2"
"H2_1_CGTGCATTGTCGACGC.1","Clone_A.2"
"H2_1_ACGCGCTACACAGGGT.1","Clone_A.2"
"H2_1_GAAACCTATACAAATG.1","Clone_A.2"
"H2_1_CCGAACACTGGGCCTC.1","Clone_A.2"
"H2_1_CGCCACAGGTCGCGAT.1","Clone_A.2"
"H2_1_AGGGACTCTACGCGAC.1","Clone_A.2"
"H2_1_CACCGTTGCGCGATAT.1","Clone_A.2"
"H2_1_TAGGTGTTCCACAGAT.1","Clone_A.1"
"H2_1_TATCCGCACCGTCGGG.1","Clone_A.1"
"H2_1_AAGACCCAACTGAACA.1","Clone_A.1"
"H2_1_TTCGCACTGTACGACA.1","Clone_A.1"
"H2_1_CAACTGCTCATCCGAT.1","Clone_A.1"
"H2_1_TTACCCTAGGGATTGG.1","Clone_A.1"
"H2_1_ACTACGCGTTAGAATT.1","Clone_A.1"
"H2_1_TACCGTAGGTTAACTA.1","Clone_A.1"
"H2_1_CCGGAGCGTACTTTCT.1","Clone_A.1"
"H2_1_AAAGGCTACGGACCAT.1","Clone_A.1"
"H2_1_CCAGTCTTGTCATAGA.1","Clone_A.1"
"H2_1_GACGGGTTGGCCCGTA.1","Clone_A.1"
"H2_1_TACCTCAGTTGTCTGT.1","Clone_A.1"
"H2_1_CGGTCCGTCGCAAGCC.1","Clone_A.1"
"H2_1_TCCAATAAAGGCTACC.1","Clone_A.1"
"H2_1_AGTATTTGGCACGACC.1","Clone_A.1"
"H2_1_GAAGCCTGCACATTCC.1","Clone_A.1"
"H2_1_ACCCGTGTCATCAGTA.1","Clone_A.1"
"H2_1_GATCTGCTATCTAAGG.1","Clone_A.1"
"H2_1_ACTTATTAGGATCGGT.1","Clone_B"
"H2_1_GGGTTAACATTTGAGT.1","Clone_B"
"H2_1_AGATTCACAACCGATA.1","Clone_B"
"H2_1_TAGTCCGCAGAGAATG.1","Clone_B"
"H2_1_AGCTGTAACCTCAATC.1","Clone_B"
"H2_1_CCTCTATCGATTAGCA.1","Clone_B"
"H2_1_GTGATTCGCCGCTCAA.1","Clone_B"
"H2_1_TGCCAATGGGTACTCT.1","Clone_B"
"H2_1_GCGATTGTTAACGTTA.1","Clone_B"
"H2_1_TCCCAGCTTTAGTCTG.1","Clone_B"
"H2_1_GACCGTGCTGACGGTG.1","Clone_B"
"H2_1_GATCGCGGGCTCTCCA.1","Clone_B"
"H2_1_GATGCGTCCTGCATTC.1","Clone_B"
"H2_1_GGAGACGACACCTTTG.1","Clone_B"
"H2_1_CCAATGTCACAGCAAG.1","Clone_B"
"H2_1_ACAATTTGAGCAGTGG.1","Clone_B"
"H2_1_CAGGATATATCGTTGT.1","Clone_B"
"H2_1_TAGCCGGCGGTCAGCG.1","Clone_B"
"H2_1_GTCCCAACGTAAAGTA.1","Clone_B"
"H2_1_GTTACAATTGGTGACG.1","Clone_B"
"H2_1_GGGAGGATGCCCGAAA.1","Clone_B"
"H2_1_TCCACTTTATCTAGGT.1","Clone_B"
"H2_1_TATGGGACCGAGCAGG.1","Clone_B"
"H2_1_TGGACTGTTCGCTCAA.1","Clone_B"
"H2_1_GTTCGCCATAAGTGCC.1","Clone_B"
"H2_1_TCAGGGTGTAACGTAA.1","Clone_B"
"H2_1_ACTCGTCAGTAATCCC.1","Clone_B"
"H2_1_CCGTAAGTTGGTCCCA.1","Clone_B"
"H2_1_GCTTCCGTCCCTAGAC.1","Clone_B"
"H2_1_TACTGAACAGATTTAG.1","Clone_B"
"H2_1_TAGTCTAACAACGAGA.1","Clone_B"
"H2_1_ATAGACGAAGAGAAAG.1","Clone_B"
"H2_1_CTATGTCACTAGCCCA.1","Clone_B"
"H2_1_TGTATAACAGATCCTG.1","Clone_B"
"H2_1_ATTAGGCGATGCTTTC.1","Clone_B"
"H2_1_GGATGACGCGAGTTTA.1","Clone_B"
"H2_1_TCTTCGATACCAATAA.1","Clone_B"
"H2_1_TTGCCCTGATCACGGG.1","Clone_B"
"H2_1_CGAGGCTAAATATGGC.1","Clone_B"
"H2_1_CAGCTCACTGAGACAT.1","Clone_B"
"H2_1_CCCAATTTCACAACTT.1","Clone_B"
"H2_1_ATATTCAGTTAAACCT.1","Clone_B"
"H2_1_GTACACTTACCTGAAG.1","Clone_B"
"H2_1_CCTAAATTAACGGTTC.1","Clone_B"
"H2_1_GATGTTCAATCCACGA.1","Clone_B"
"H2_1_TGTTCTTCCATTGACT.1","Clone_B"
"H2_1_TTAATGTAGACCAGGT.1","Clone_B"
"H2_1_AAGACTGCAAGCTACT.1","Clone_B"
"H2_1_CGTTTCGCTCATTACA.1","Clone_B"
"H2_1_TAGTGCCCTCCAGAGT.1","Clone_B"
"H2_1_CTAACCGCGCGCCCGT.1","Clone_B"
"H2_1_CCGCACAAAGACCAAC.1","Clone_B"
"H2_1_CGGTCAAGTGGGAACC.1","Clone_B"
"H2_1_GGGAGAACTCACAGTA.1","Clone_B"
"H2_1_GCCCGTAATACCTTCT.1","Clone_B"
"H2_1_CTTCATTGTCAGTGGA.1","Clone_B"
"H2_1_GCAAATATTACGCTTT.1","Clone_B"
"H2_1_GTCGCGTAACCCGTTG.1","Clone_B"
"H2_1_TAGAAAGGTGGCGCTA.1","Clone_B"
"H2_1_TGTTCCGCTTCCATGA.1","Clone_B"
"H2_1_TCCTCGGGCTGGGCTT.1","Clone_B"
"H2_1_TCGAGACCAACACCGT.1","Clone_B"
"H2_1_AATCGCCTCAGCGCCA.1","Clone_B"
"H2_1_GGCACTCCACTGGGCA.1","Clone_B"
"H2_1_TACGAACACGACTTCA.1","Clone_B"
"H2_1_GGGCTGGTTAGTCGCG.1","Clone_B"
"H2_1_TATGTCTCATTGTGCC.1","Clone_B"
"H2_1_CCAATAGTGCCGTCGA.1","Clone_B"
"H2_1_GAGATCTGTCACTCCG.1","Clone_B"
"H2_1_CATGGTATTAGTTTGT.1","Clone_B"
"H2_1_CAGGCCGTTTGGGTGT.1","Clone_B"
"H2_1_TACCTTAAGATTTCCC.1","Clone_B"
"H2_1_GCAGCACACAGCCCAG.1","Clone_B"
"H2_1_CCTATACCGTCCTGTC.1","Clone_B"
"H2_1_GCACAACCTCGGGCGT.1","Clone_B"
"H2_1_CTTCGTAGATAGGTGA.1","Clone_B"
"H2_1_CATACTATGTAATTGT.1","Clone_B"
"H2_1_CGAGACCCTAGAGTGT.1","Clone_B"
"H2_1_AGGGTTTAGTTCGGGA.1","Clone_B"
"H2_1_GTGCTCAAGTACTGTC.1","Clone_B"
"H2_1_GACGCTTGCTTCTAAA.1","Clone_B"
"H2_1_TTGGTTGCGGTGCGCG.1","Clone_B"
"H2_1_AATGACAGCAATGTCT.1","Clone_B"
"H2_1_GTTGGATTTGCGTTGG.1","Clone_B"
"H2_1_AGGACGACCCATTAGA.1","Clone_B"
"H2_1_CAAACGAGTATCGCAG.1","Clone_B"
"H2_1_TGCGACACCCTAGTGC.1","Clone_B"
"H2_1_GATACGATGGGAGTCA.1","Clone_B"
"H2_1_CTAAAGGGAAATAGGA.1","Clone_B"
"H2_1_GACACTGAGTTCAGTG.1","Clone_B"
"H2_1_AACGGCCATCTCCGGT.1","Clone_B"
"H2_1_GTGCGAAATCGAACAC.1","Clone_B"
"H2_1_CGGAACGTAAACATAG.1","Clone_B"
"H2_1_GGTGAAGTACAGGGAT.1","Clone_B"
"H2_1_GTCTGGGCGGTCGAGA.1","Clone_B"
"H2_1_GGGATGGTCGTAACCG.1","Clone_B"
"H2_1_TGAGTGCCTCTTAAAT.1","Clone_B"
"H2_1_GTGCCGCTTCAAAGGT.1","Clone_B"
"H2_1_ATCCTGCGTGGAATGG.1","Clone_B"
"H2_1_GCCACAATTTAAGGAC.1","Clone_B"
"H2_1_ACCATCGTATATGGTA.1","Clone_B"
"H2_1_CTGTACTTCTTAGCAT.1","Clone_B"
"H2_1_GCGCTATGCCGAGGCA.1","Clone_B"
"H2_1_TAACTCATCCGCGCGG.1","Clone_B"
"H2_1_ATCAATCTGGGCTGCA.1","Clone_B"
"H2_1_ATTACGCGCTGGCAGG.1","Clone_B"
"H2_1_GATTCGACGGTTCACG.1","Clone_B"
"H2_1_GAGCTAAGGGCATATC.1","Clone_B"
"H2_1_GATCGGTGGCCATAAC.1","Clone_B"
"H2_1_TAATAGTGACGACCAG.1","Clone_B"
"H2_1_TCCAGGCGAGTACGGT.1","Clone_B"
"H2_1_AGCTCTAGACGTTCCA.1","Clone_B"
"H2_1_TTACTCCGGCCGGGAA.1","Clone_B"
"H2_1_AATTAAAGGTCGGCGT.1","Clone_B"
"H2_1_CACATGATTCAGCAAC.1","Clone_B"
"H2_1_GTTTGACCAAATCCTA.1","Clone_B"
"H2_1_GATCATTCCAAACATT.1","Clone_B"
"H2_1_CGGGCAGCTAAACCGC.1","Clone_B"
"H2_1_CTACGCACGGAGTACC.1","Clone_B"
"H2_1_TTGTAATCCGTACTCG.1","Clone_B"
"H2_1_ACGCGGGCCAAGGACA.1","Clone_B"
"H2_1_CTGTGCAGGGTAGGTC.1","Clone_B"
"H2_1_ATAACGGAGTCCAACG.1","Clone_B"
"H2_1_CAATAAACCTTGGCCC.1","Clone_B"
"H2_1_ATCCTACCTAAGCTCT.1","Clone_B"
"H2_1_TTGTAAGGCCAGTTGG.1","Clone_B"
"H2_1_AAACGAGACGGTTGAT.1","Clone_B"
"H2_1_CCACAATGTACGTCTT.1","Clone_B"
"H2_1_CCTGTCACCCGGGCTC.1","Clone_B"
"H2_1_GACCAGAGCCCTGTAG.1","Clone_B"
"H2_1_TCGTAAGACGACATTG.1","Clone_B"
"H2_1_TGGCCAAACTGAAGTA.1","Clone_B"
"H2_1_AAGAGGCATGGATCGC.1","Clone_B"
"H2_1_GCTAGTAGAGCTTGTA.1","Clone_B"
"H2_1_CCAGCCTGGACCAATA.1","Clone_B"
"H2_1_AGTCAACACCACCATC.1","Clone_B"
"H2_1_AAGAGCTCTTTATCGG.1","Clone_B"
"H2_1_TGCATATGTCTGTCAC.1","Clone_B"
"H2_1_GCTGCTCTCCGGACAC.1","Clone_B"
"H2_1_ACTGTACGATACACAT.1","Clone_B"
"H2_1_GGTCGGCCAGGAGCTT.1","Clone_B"
"H2_1_GATCCGGGAATTAACA.1","Clone_B"
"H2_1_ATATCTTAGGGCCTTC.1","Clone_B"
"H2_1_TATGGGTACGTATCGT.1","Clone_B"
"H2_1_GTACTGGAGTTAGACC.1","Clone_B"
"H2_1_TATGGTCTGAGTAACA.1","Clone_B"
"H2_1_ATCTGGTTAAGACTGT.1","Clone_B"
"H2_1_GTGTGAATAACTTAGG.1","Clone_B"
"H2_1_CGAGTGAAGGTACCAG.1","Clone_B"
"H2_1_CAGCAGCCCGTTCCTT.1","Clone_B"
"H2_1_TGCAGAGTACCGAGCA.1","Clone_B"
"H2_1_ATAAAGGCTCGGTCGT.1","Clone_B"
"H2_1_TGCTGTTGAAGAACTC.1","Clone_B"
"H2_1_AGTGAGACTTCCAGTA.1","Clone_B"
"H2_1_CTTACACGGTATTCCA.1","Clone_B"
"H2_1_CGGAGCATGGCGATCC.1","Clone_B"
"H2_1_TTGGGACACTGCCCGC.1","Clone_B"
"H2_1_GTCATTAGAGCGAACG.1","Clone_B"
"H2_1_CGCGGGAATTAGGCAG.1","Clone_B"
"H2_1_TGAGTGGTCCGTGACG.1","Clone_B"
"H2_1_TCTGGGTAGCGCTCAT.1","Clone_B"
"H2_1_GGTCTGAGAATCTGGA.1","Clone_B"
"H2_1_TGCATGTGGTAATCTA.1","Clone_B"
"H2_1_TTCAAAGTCTCTAGCC.1","Clone_B"
"H2_1_ACGTTAATGTCGAAGA.1","Clone_B"
"H2_1_AGGGCTGCAGTTACAG.1","Clone_B"
"H2_1_TCTAGTTATCAGAAGA.1","Clone_B"
"H2_1_GGCAATAGTCAATGAG.1","Clone_B"
"H2_1_TAGCGTTGGGTCTTAC.1","Clone_B"
"H2_1_GGGCCCGTCTTAAACA.1","Clone_B"
"H2_1_ACGCATTCGTGAGTAC.1","Clone_B"
"H2_1_CACAATGAGCTGCTAT.1","Clone_B"
"H2_1_CTAGCATAGTATAATG.1","Clone_B"
"H2_1_CGAGAGATGTGAACCT.1","Clone_B"
"H2_1_TTGAATATGGACTTTC.1","Clone_B"
"H2_1_TAAGTAACATCTTGAC.1","Clone_B"
"H2_1_AAATTAACGGGTAGCT.1","Clone_B"
"H2_1_ACGTAGATTGCTGATG.1","Clone_B"
"H2_1_CCTATGGGTTACCGTC.1","Clone_B"
"H2_1_CACAGCACCCACGGCA.1","Clone_B"
"H2_1_TGACCCACGTTAGACA.1","Clone_B"
"H2_1_GTTTCTGCAGTCTCCC.1","Clone_B"
"H2_1_TTGCTGATCATGTTCG.1","Clone_B"
"H2_1_TATTCAATTCTAATCC.1","Clone_B"
"H2_1_CTCTCACAATCGATGA.1","Clone_B"
"H2_1_GAAGCGTGAGGAATTT.1","Clone_B"
"H2_1_CCATGCCTGTTTAGTA.1","Clone_B"
"H2_1_CCTGTAAGACATGATA.1","Clone_B"
"H2_1_GGCGGAGTAATATTAG.1","Clone_B"
"H2_1_ATCCAGGATTCGTGAA.1","Clone_B"
"H2_1_ACTTGTAGTCCCTTCA.1","Clone_B"
"H2_1_ATTGAAGATCTTAGTG.1","Clone_B"
"H2_1_CCGGGCGGTCTCGTCA.1","Clone_B"
"H2_1_CGATACCTCGCGGACA.1","Clone_B"
"H2_1_GCTACGACTTATTGGG.1","Clone_B"
"H2_1_TCCAGAGCACCGGTTC.1","Clone_B"
"H2_1_TGGAAGAAGGGAACGT.1","Clone_B"
"H2_1_TCTTGATGCGTAGCGA.1","Clone_B"
"H2_1_ACTTCGCCATACGCAC.1","Clone_B"
"H2_1_TTATATACGCTGTCAC.1","Clone_B"
"H2_1_TCTCATGAGATAGGGT.1","Clone_B"
"H2_1_AACGTGCGAAAGTCTC.1","Clone_B"
"H2_1_GACACAAGGGAAGAAA.1","Clone_B"
"H2_1_CTAAAGAATGCCTACT.1","Clone_B"
"H2_1_ATTGCTGCTCCTCCAT.1","Clone_B"
"H2_1_TCGCTGGGCGGATTGT.1","Clone_B"
"H2_1_AAATGGTCAATGTGCC.1","Clone_B"
"H2_1_GCTAAGTAGTTTCTCT.1","Clone_B"
"H2_1_TGAAAGGACCTGACTC.1","Clone_B"
"H2_1_ACTGTCCAGGATTATA.1","Clone_B"
"H2_1_TCACGCATTGTAGATC.1","Clone_B"
"H2_1_AGATTATAGGACGTTT.1","Clone_B"
"H2_1_TATTCGTGCCAGAATA.1","Clone_B"
"H2_1_ATAACGCCGGAGGGTC.1","Clone_B"
"H2_1_CCCAGTAAACTTGGGA.1","Clone_B"
"H2_1_CGACAGTTCGCGTTAT.1","Clone_B"
"H2_1_TTGGGCGGCGGTTGCC.1","Clone_B"
"H2_1_TGATTTATTAGCTGTG.1","Clone_B"
"H2_1_AACGTACTGTGGGTAC.1","Clone_B"
"H2_1_CACTTAATCAGACGGA.1","Clone_B"
"H2_1_CTAGTCACGTCTTAAG.1","Clone_B"
"H2_1_TCACAGGTTATTGGGC.1","Clone_B"
"H2_1_ACCACAAGTTTCTATC.1","Clone_B"
"H2_1_TTGAAGAATTCCCAGG.1","Clone_B"
"H2_1_CAAGGATCGCATGTTC.1","Clone_B"
"H2_1_GGTACAAACATGCTAT.1","Clone_B"
"H2_1_TCCGCGGCAGCATCTG.1","Clone_B"
"H2_1_TGCGCAAAGCATTTGG.1","Clone_B"
"H2_1_AGATCTCAGGTGTGAT.1","Clone_B"
"H2_1_CCACCCAAGGAAAGTG.1","Clone_B"
"H2_1_AAACATTTCCCGGATT.1","Clone_C"
"H2_1_TTCCATCGACAGCGTG.1","Clone_C"
"H2_1_GGATTGCTGTGACTCC.1","Clone_C"
"H2_1_GCACACACTGGTAGCC.1","Clone_C"
"H2_1_TCCTTTAAATCCGCTT.1","Clone_C"
"H2_1_ACAAAGCATGACCTAG.1","Clone_C"
"H2_1_GCCTCCGACAATTCAC.1","Clone_C"
"H2_1_CTCATTGCTCTAACAA.1","Clone_C"
"H2_1_TGTGCCGGTGCCGGAA.1","Clone_C"
"H2_1_CACACACGCTAACGAG.1","Clone_C"
"H2_1_CCATGCCCTAGATTTC.1","Clone_C"
"H2_1_CACTCTTCTGCTAGCC.1","Clone_C"
"H2_1_GCGCGTCATTGGTACA.1","Clone_C"
"H2_1_AATCATGTAAAGACTC.1","Clone_C"
"H2_1_ACAGCGACATTCTCAT.1","Clone_C"
"H2_1_CCGTAGGAAATCCCTG.1","Clone_C"
"H2_1_TAGGTGACGATAACCT.1","Clone_C"
"H2_1_CTGCAGAGAATCAGAG.1","Clone_C"
"H2_1_GTTTCAAACGAGTTGT.1","Clone_C"
"H2_1_TGTACCTACACGAGGG.1","Clone_C"
"H2_1_AAGCTAGATCGAGTAA.1","Clone_C"
"H2_1_GCTAGAGTAGAGATGT.1","Clone_C"
"H2_1_ATATCGTTCCTCGAAC.1","Clone_C"
"H2_1_GCCACTCAGAGCGCGA.1","Clone_C"
"H2_1_AGTCACTAGCTCTCGA.1","Clone_C"
"H2_1_ACCCATTTGTCCCTCT.1","Clone_C"
"H2_1_GGAACTTTGGCGATTA.1","Clone_C"
"H2_1_AACTCCAGAGCGTGTT.1","Clone_C"
"H2_1_AGTGCACGCTTAAGAA.1","Clone_C"
"H2_1_AGTACTCTTATGCCCA.1","Clone_C"
"H2_1_GATTAACCGAAAGCCC.1","Clone_C"
"H2_1_TCGTGTTCGACCACAA.1","Clone_C"
"H2_1_GCTAACTGAAGTCTGA.1","Clone_C"
"H2_1_ACTGAAACGCCGTTAG.1","Clone_C"
"H2_1_GCAGTGTGGCTATAGG.1","Clone_C"
"H2_1_CCTGTTTGAAGACACG.1","Clone_C"
"H2_1_CTCAACTAACCCGGAT.1","Clone_C"
"H2_1_TATGATCTTCTCTTTA.1","Clone_C"
"H2_1_CACAGGGCCATATAGT.1","Clone_C"
"H2_1_CCACTGTTTGGATTAA.1","Clone_C"
"H2_1_CATGGATTGTCTTCCG.1","Clone_C"
"H2_1_CGAGAGGGTAGCCGCG.1","Clone_C"
"H2_1_GGTCTCCGTCCAGGTT.1","Clone_C"
"H2_1_CAACCTACCGAGCAGT.1","Clone_C"
"H2_1_ACGCATACGTTTACTA.1","Clone_C"
"H2_1_CAGTGTCGGCTGGCCC.1","Clone_C"
"H2_1_ATATACGCTCGTGACG.1","Clone_C"
"H2_1_GTGATCCTTGTCATGA.1","Clone_C"
"H2_1_GGGCGTGGTTTCCCAG.1","Clone_C"
"H2_1_ACGGACTCTCAAAGCG.1","Clone_C"
"H2_1_GGAAACTAAATGGGCC.1","Clone_C"
"H2_1_CGCGAAGTGGCATACT.1","Clone_C"
"H2_1_ACTCAAGTGCAAGGCT.1","Clone_C"
"H2_1_CACAGTCCCGCTTCGC.1","Clone_C"
"H2_1_TAGATGGTTCCTTACT.1","Clone_C"
"H2_1_CGAGAGCTTTCACTAC.1","Clone_C"
"H2_1_CATAAGAAGCTTGGCT.1","Clone_C"
"H2_1_TCTGCATACCTTGCTT.1","Clone_C"
"H2_1_ACTTCCATGCGGGACA.1","Clone_C"
"H2_1_TTAAGTATTGTTATCC.1","Clone_C"
"H2_1_AGCCACAGGTTACCCG.1","Clone_C"
"H2_1_CCTATGTCCACTCCAC.1","Clone_C"
"H2_1_CTAGTAGAAAGGGATT.1","Clone_C"
"H2_1_TGGACCAATCTAAGAT.1","Clone_C"
"H2_1_GAGTGTCAACCAGAAA.1","Clone_C"
"H2_1_TAGAATAGCCGATGAA.1","Clone_C"
"H2_1_ACAAGGATGCTTTAGG.1","Clone_C"
"H2_1_TTAATTGCTTTGGGTG.1","Clone_C"
"H2_1_ATCTCCCACGGAATAT.1","Clone_C"
"H2_1_GAGATGGGAGTCGACA.1","Clone_C"
"H2_1_TTGTGAACCTAATCCG.1","Clone_C"
"H2_1_ATCTAATATCCTACGG.1","Clone_C"
"H2_1_CATGAGATGCACTCTC.1","Clone_C"
"H2_1_TAAGGGCCTGTCCGAT.1","Clone_C"
"H2_1_TCGCACCAGGAGGCAG.1","Clone_C"
"H2_1_TGGCTATGTGACATAC.1","Clone_C"
"H2_1_GGTCAGTGGGTCCCAC.1","Clone_C"
"H2_1_TACAGAAACGGTGGGC.1","Clone_C"
"H2_1_GAGCCAGCTACCTGTG.1","Clone_C"
"H2_1_CTTCAACTCCACTTGG.1","Clone_C"
"H2_1_GCGAAACGATCGGGAG.1","Clone_C"
"H2_1_GCTAGGCACCACGGAG.1","Clone_C"
"H2_1_CCGAACCTTCCCGGCC.1","Clone_C"
"H2_1_ATGACTATGCGACATT.1","Clone_C"
"H2_1_CCTAACCCAAACAAGT.1","Clone_C"
"H2_1_AAGCTCTTTCATGGTG.1","Clone_C"
"H2_1_GTCTATTGGTTCCGGT.1","Clone_C"
"H2_1_GTTTACGTTCCATCTG.1","Clone_C"
"H2_1_ACCAATATGCAAGTTA.1","Clone_C"
"H2_1_AAACTGCTGGCTCCAA.1","Clone_C"
"H2_1_GCAGATCCATAAGACT.1","Clone_C"
"H2_1_GGTAGAAGACCGCCTG.1","Clone_C"
"H2_1_AACGATAATGCCGTAG.1","Clone_C"
"H2_1_CAAGCGGCACATAATT.1","Clone_C"
"H2_1_GTCCCGCGACGTTATG.1","Clone_C"
"H2_1_TACCGGCTCACTGCCC.1","Clone_C"
"H2_1_CACATCTCACCGACGA.1","Clone_C"
"H2_1_GTTACCTACAACTTGC.1","Clone_C"
"H2_1_ATGCTCTGGCGCGGTA.1","Clone_C"
"H2_1_CCGCTATCAGCACCAG.1","Clone_C"
"H2_1_AACGCTGTTGCTGAAA.1","Clone_C"
"H2_1_ATACTGCCTTACACCG.1","Clone_C"
"H2_1_CGCCGTTCAGCATAGT.1","Clone_C"
"H2_1_GGAGCAACATTTCAAG.1","Clone_C"
"H2_1_TTCACTCGAGCACCTA.1","Clone_C"
"H2_1_ATTGGATTACAGCGTA.1","Clone_C"
"H2_1_CTAACTGATAATCGCC.1","Clone_C"
"H2_1_AAGTTCACTCCAAGCT.1","Clone_C"
"H2_1_AGTGATAACCTGCGCG.1","Clone_C"
"H2_1_CACGTTTCGTACACAC.1","Clone_C"
"H2_1_TCCGCGGCCCAATGAA.1","Clone_C"
"H2_1_ATAAACGTTGCACCAC.1","Clone_C"
"H2_1_CACTACGGGAGCTGCC.1","Clone_C"
"H2_1_GACGAGGCTAATAAAC.1","Clone_C"
"H2_1_TACCAATAAAGTACCA.1","Clone_C"
"H2_1_CACCCTAACAAGATCT.1","Clone_C"
"H2_1_CAATGCGAGAAGTATC.1","Clone_C"
"H2_1_GGTGGACTGCTCTGGC.1","Clone_C"
"H2_1_CTTTAATATTGGTCGA.1","Clone_C"
"H2_1_AAATAGGGTGCTATTG.1","Clone_C"
"H2_1_CTGTGGTCGGGAGATA.1","Clone_C"
"H2_1_TGCTAAGTGTCTATTT.1","Clone_C"
"H2_1_AGCTCCTTCGCACATC.1","Clone_C"
"H2_1_CGGGAATTTATGTAAA.1","Clone_C"
"H2_1_AACGGACGTACGTATA.1","Clone_C"
"H2_1_CCATTTCTACCTATTA.1","Clone_C"
"H2_1_GCGCTTAAATAATTGG.1","Clone_C"
"H2_1_AGGAGGCCTTCGCGCG.1","Clone_C"
"H2_1_CGCGACCGCGACAGAT.1","Clone_C"
"H2_1_GTTCGTCTAAAGAACT.1","Clone_C"
"H2_1_CATCCTCTCAAAGATC.1","Clone_C"
"H2_1_CTGCACAACTACATAT.1","Clone_C"
"H2_1_GCTATCATACTCATGG.1","Clone_C"
"H2_1_CTGGAAGACACGGTGG.1","Clone_C"
"H2_1_TAGCGTCCGGTGTGGT.1","Clone_C"
"H2_1_ACAATTGTGTCTCTTT.1","Clone_C"
"H2_1_CTGCACTCCAGTACAG.1","Clone_C"
"H2_1_CTATCGACGAAATACA.1","Clone_C"
"H2_1_ATACGTACTTAGCCAC.1","Clone_C"
"H2_1_TATTCCGAGCTGTTAT.1","Clone_C"
"H2_1_AAATACCTATAAGCAT.1","Clone_C"
"H2_1_ACAAATCGCACCGAAT.1","Clone_C"
"H2_1_ATATAAATGTAGCTGC.1","Clone_C"
"H2_1_TTCTGCCGCGCCTAGA.1","Clone_C"
"H2_1_CTGCTTGGCGATAGCT.1","Clone_C"
"H2_1_GTCCGGACCTGAAATT.1","Clone_C"
"H2_1_TCCTAAATTGGGAAGC.1","Clone_C"
"H2_1_CTAGGCGCCCTATCAG.1","Clone_C"
"H2_1_TCGTCTTAGGCGTTAA.1","Clone_C"
"H2_1_TTCTGACCGGGCTCAA.1","Clone_C"
"H2_1_AGCACTACCTCACCAG.1","Clone_C"
"H2_1_ACTTACGCATCCACGC.1","Clone_C"
"H2_1_GTATCAAACGTTAGCT.1","Clone_C"
"H2_1_ATAAGGTGGAGAACAT.1","Clone_C"
"H2_1_AAGCATACTCTCCTGA.1","Clone_C"
"H2_1_ACTTCAGGCTGATCCC.1","Clone_C"
"H2_1_ATATTCCACATAGTGA.1","Clone_C"
"H2_1_CATGGGTATGCCTTAT.1","Clone_C"
"H2_1_ATCAGCCTCATGCTGC.1","Clone_C"
"H2_1_TTGGACCTATAACAGT.1","Clone_C"
"H2_1_GTTGAGTCCCGCCGGT.1","Clone_C"
"H2_1_TAAGTTGCGACGTAGG.1","Clone_C"
"H2_1_ATCGGAGACAGACGGC.1","Clone_C"
"H2_1_ACACGTAGGCCACAAG.1","Clone_C"
"H2_1_GTAGCCAAACATGGGA.1","Clone_C"
"H2_1_AACACACGCTCGCCGC.1","Clone_C"
"H2_1_CATGTAAGAGACATTT.1","Clone_C"
"H2_1_GACGACGATCCGCGTT.1","Clone_C"
"H2_1_AACCTTTAAATACGGT.1","Clone_C"
"H2_1_TCTGATGTATTCTGTC.1","Clone_C"
"H2_1_ACAAGGAAATCCGCCC.1","Clone_C"
"H2_1_GCTGCTACTGCGTAGC.1","Clone_C"
"H2_1_ACGGATGGTGCGGATA.1","Clone_C"
"H2_1_GTTAACATCACTTAAA.1","Clone_C"
"H2_1_CCTATAATGAGTGCCC.1","Clone_C"
"H2_1_GTCCTACGAATAGTCT.1","Clone_C"
"H2_1_GTGTCGTATAGCGTTC.1","Clone_C"
"H2_1_TGCCAGTACGTGGAGA.1","Clone_C"
"H2_1_TGGTCCCACGCTACGG.1","Clone_C"
"H2_1_CGTCGTCCTTCGCGAA.1","Clone_C"
"H2_1_TGGTTCAACGGGTAAT.1","Clone_C"
"H2_1_ATACTACCCGTACCAC.1","Clone_C"
"H2_1_TCTAGCATGCCCAGAA.1","Clone_C"
"H2_1_ATCGTTAGCTAGCGGA.1","Clone_C"
"H2_1_TCTCCCTGGGCAGCGT.1","Clone_C"
"H2_1_TAACCTAGGGAGTCCA.1","Clone_C"
"H2_1_ACAGGCTTGCCCGACT.1","Clone_C"
"H2_1_TCTGAAGCACGTGGTC.1","Clone_C"
"H2_1_TAGAGGTTCTACTTGT.1","Clone_C"
"H2_1_CATCATTACCCTGAGG.1","Clone_C"
"H2_1_TATCCAATTGGTTATC.1","Clone_C"
"H2_1_TTGAGAAGTTTAGCAT.1","Clone_C"
"H2_1_CCCGCAGCGCGAACTA.1","Clone_C"
"H2_1_TCCGCCTGTCTACAAG.1","Clone_C"
"H2_1_TCTACCCAATAGAGAG.1","Clone_C"
"H2_1_TTCCGGTTACCCACTT.1","Clone_C"
"H2_1_CAGAACTTAGCCCTCT.1","Clone_C"
"H2_1_CCTGACCACCGATGGT.1","Clone_C"
"H2_1_TCACAAACCGAGGTAC.1","Clone_C"
"H2_1_TGCCTAATTGAAGATT.1","Clone_C"
"H2_1_ATAATCTTGGAGAACC.1","Clone_C"
"H2_1_CGGATCCTCAAGGACT.1","Clone_C"
"H2_1_ATAATAGCTGTTGAAT.1","Clone_C"
"H2_1_GCCTCTATACATAGCA.1","Clone_C"
"H2_1_ACTTATTTATGTGCCA.1","Clone_C"
"H2_1_TGGGCCCATACTAATT.1","Clone_C"
"H2_1_CCACAGTACCCATCCT.1","Clone_C"
"H2_1_ATACGTCCACTCCTGT.1","Clone_C"
"H2_1_AGTCAAGATGACACTT.1","Clone_C"
"H2_1_GCTACTATAGTAGAGT.1","Clone_C"
"H2_1_ACCAGTGCGGGAGACG.1","Clone_C"
"H2_1_AGCATATCAATATGCT.1","Clone_C"
"H2_1_TTAGTTATTCGTGGCA.1","Clone_C"
"H2_1_TAGTCGATCACGGGTT.1","Clone_C"
"H2_1_CGGGAGCTTCAGTGTA.1","Clone_C"
"H2_1_CGGCGCCATCAATCCC.1","Clone_C"
"H2_1_CTTTGCATCGCTCTTG.1","Clone_C"
"H2_1_CTTGTCAACATTCGAG.1","Clone_D"
"H2_1_GTTAAAGTAGGACTGG.1","Clone_D"
"H2_1_TGTTATTGTATGTGGC.1","Clone_D"
"H2_1_TCCTTACGACGGTCCG.1","Clone_D"
"H2_1_GCGGGCGAGCCTTACC.1","Clone_D"
"H2_1_CGAACAGTATGGGCGT.1","Clone_D"
"H2_1_GGTTAGCTATATGTCT.1","Clone_D"
"H2_1_AACCGCTAAGGGATGC.1","Clone_D"
"H2_1_TTCGACAGAGCCCGTG.1","Clone_D"
"H2_1_ACCGTGACCACGTGGG.1","Clone_D"
"H2_1_GCGACGATAGTTGTAC.1","Clone_D"
"H2_1_GCCATCGAGCTGCGTG.1","Clone_D"
"H2_1_GGGAACGGGAGGTTAG.1","Clone_D"
"H2_1_TGGCATGAAGTTTGGG.1","Clone_D"
"H2_1_ACATCGTATGCAATGG.1","Clone_D"
"H2_1_CTGTTACCCAATCTAG.1","Clone_D"
"H2_1_AGTCGTCGACCACCAA.1","Clone_D"
"H2_1_CGCATGGTGCGATGCT.1","Clone_D"
"H2_1_CTTTGTCGAATGCTCC.1","Clone_D"
"H2_1_CATAGCGTTGCCCACC.1","Clone_D"
"H2_1_CTGGCTGGTTGTCAGT.1","Clone_D"
"H2_1_CGCGCAAATGTCCAGA.1","Clone_D"
"H2_1_AGCAGCCAGATGAATA.1","Clone_D"
"H2_1_CTAGGTTCGGACGTGA.1","Clone_D"
"H2_1_GAGAGGGCGCGAGGTT.1","Clone_D"
"H2_1_GCTGCTAAGTAGTCGA.1","Clone_D"
"H2_1_TATATAGGGCTTTACG.1","Clone_D"
"H2_1_AAAGGCTCTCGCGCCG.1","Clone_D"
"H2_1_TATAGAGTCGCTTGAA.1","Clone_D"
"H2_1_CTCTATTTGGCTGCAG.1","Clone_D"
"H2_1_CACCAGTCAGCATGCA.1","Clone_D"
"H2_1_CTCTTCTGGAAGTTAG.1","Clone_D"
"H2_1_CCGTAGGGTTGTTTAC.1","Clone_D"
"H2_1_TTGCCGCTTTCTAGTA.1","Clone_D"
"H2_1_CGCTGTGTGGATGTTG.1","Clone_D"
"H2_1_GACCAAACGTTGACTG.1","Clone_D"
"H2_1_ACAACAGCATGAGCTA.1","Clone_D"
"H2_1_GATCTTGGAGGGCATA.1","Clone_D"
"H2_1_CTACACTCGCAGATGG.1","Clone_D"
"H2_1_GACGCCGTAAAGGCTA.1","Clone_D"
"H2_1_TATCTACCACAGCGGG.1","Clone_D"
"H2_1_GGGTACTTCATGAACT.1","Clone_D"
"H2_1_GCAAACCTTGGCCATA.1","Clone_D"
"H2_1_GTTGGTCATGCTATCC.1","Clone_D"
"H2_1_GTAGTCGCGGGAATCA.1","Clone_D"
"H2_1_TTATCCGGGATCTATA.1","Clone_D"
"H2_1_ACATTAGTTTATATCC.1","Clone_D"
"H2_1_CCATCGCAGTTAAACT.1","Clone_D"
"H2_1_ATGACTATCAGCTGTG.1","Clone_D"
"H2_1_GATCAACATAAAGGGA.1","Clone_D"
"H2_1_CGATGTTGTTATCTAC.1","Clone_D"
"H2_1_TCCGCTTATCCCATTA.1","Clone_D"
"H2_1_GGAGCACCAAGAACTA.1","Clone_D"
"H2_1_TATACACAGACGCCTT.1","Clone_D"
"H2_1_GGATCCGGAATATACT.1","Clone_D"
"H2_1_GAGATCTTCCATGACA.1","Clone_D"
"H2_1_GCGAAACTTAACTGGA.1","Clone_D"
"H2_1_GTGGTGGCCAAGTGAA.1","Clone_D"
"H2_1_TTCAGCCCTGGTCCAC.1","Clone_D"
"H2_1_ACAAGGGCAGGCTCTG.1","Clone_D"
"H2_1_GAATGTGGTCCGGATT.1","Clone_D"
"H2_1_GACTGCACCAGCCCAG.1","Clone_D"
"H2_1_GCGGAGAGGGAGAACG.1","Clone_D"
"H2_1_CGAGGGACTGCGGTCG.1","Clone_D"
"H2_1_AATTGAACGCTCTGGT.1","Clone_D"
"H2_1_AATAGAATCTGTTTCA.1","Clone_D"
"H2_1_TCCTACATCCACGGCC.1","Clone_D"
"H2_1_CATGTCTCATTTATGG.1","Clone_D"
"H2_1_ACCCTCCCTTGCTATT.1","Clone_D"
"H2_1_TTCCTCGGACTAACCA.1","Clone_D"
"H2_1_ACTATGTCCAGCTGCC.1","Clone_D"
"H2_1_GCCGATTGGCCAAGCT.1","Clone_D"
"H2_1_ACGCCGCTAGACGACC.1","Clone_D"
"H2_1_AGATACTCAAGATCGA.1","Clone_D"
"H2_1_GATGCTGTATTTCATC.1","Clone_D"
"H2_1_CGCCGCCCATGCCTGT.1","Clone_D"
"H2_1_ATAGAGTTATCAACTT.1","Clone_D"
"H2_1_CTAGGTCTGAAGGAAT.1","Clone_D"
"H2_1_TTGTGTATGCCACCAA.1","Clone_D"
"H2_1_TTACATGCCACAACTA.1","Clone_D"
"H2_1_GCGTGGTACTGGGTTA.1","Clone_D"
"H2_1_TCCGCTGTCATCCCGG.1","Clone_D"
"H2_1_ACTCCCTAATGCTAAA.1","Clone_D"
"H2_1_TCCCGTGTGCAATTTG.1","Clone_D"
"H2_1_TTAGACGAGTCACCTC.1","Clone_D"
"H2_1_TATGGTTAGTGGGAGA.1","Clone_D"
"H2_1_GCAAACCCTACATTAT.1","Clone_D"
"H2_1_CGGGTGTACCCATTTA.1","Clone_D"
"H2_1_GCGCCGTTCCACGATA.1","Clone_D"
"H2_1_GTCGTTATTCGCTTAT.1","Clone_D"
"H2_1_TGCCCGTACCGTTAAA.1","Clone_D"
"H2_1_AGACCCACCGCTGATC.1","Clone_E"
"H2_1_GAAAGAACAGCGTTAT.1","Clone_E"
"H2_1_GAACGCGGGTCACACG.1","Clone_E"
"H2_1_ATAGCAACTAGGGAAG.1","Clone_E"
"H2_1_TCGTGTACTATGGATG.1","Clone_E"
"H2_1_CACCGTATCCCATCCG.1","Clone_E"
"H2_1_TAACCTACCGTCCGAG.1","Clone_E"
"H2_1_TCATTTAGAAGTGTGA.1","Clone_E"
"H2_1_CCTAGGCGTAGCGATC.1","Clone_E"
"H2_1_TCTTCGAATAGACGTT.1","Clone_E"
"H2_1_GTAATAAAGGGCTCCC.1","Clone_E"
"H2_1_TTGGACCATCTGGCAA.1","Clone_E"
"H2_1_TCAGCCAATCCGTAAA.1","Clone_E"
"H2_1_TCCCTGGCGTATTAAC.1","Clone_E"
"H2_1_AAACACCAATAACTGC.1","Clone_E"
"H2_1_ACGAGGTTTACAACGT.1","Clone_E"
"H2_1_AGGGTTCCCTTTGGTT.1","Clone_E"
"H2_1_AGACGAAGTGCCGGTC.1","Clone_E"
"H2_1_GGCGAAATCTAACTTG.1","Clone_E"
"H2_1_GATCGCTACCCGATTT.1","Clone_E"
"H2_1_TGACGATGCACTAGAA.1","Clone_E"
"H2_1_GTGGAGCGTTTACCGA.1","Clone_E"
"H2_1_CCGACAATAGGCCGCC.1","Clone_E"
"H2_1_TAGACGCCCGTACCGG.1","Clone_E"
"H2_1_GCCTATAGTGTCAGGG.1","Clone_E"
"H2_1_CATCGGACGGGTTAAT.1","Clone_E"
"H2_1_TGACTCCGAATCATAC.1","Clone_E"
"H2_1_GCTCCCAGTCGGTCCA.1","Clone_E"
"H2_1_ACCTCCGCCCTCGCTG.1","Clone_E"
"H2_1_ACCCATCTTGAGGGTA.1","Clone_E"
"H2_1_CCCGTTTCGCAGATGT.1","Clone_E"
"H2_1_ACATCCCGGCCATACG.1","Clone_E"
"H2_1_AGCAACCGAAAGTAAT.1","Clone_E"
"H2_1_GCTGTTGCTACCGAAC.1","Clone_E"
"H2_1_TCACAGGGAATCGCAA.1","Clone_E"
"H2_1_TTATGAATGAAAGGGA.1","Clone_E"
"H2_1_CTGGGATAAATAATGG.1","Clone_E"
"H2_1_AGTGATTCAAGCAGGA.1","Clone_E"
"H2_1_ATGCTTAGGAGTTGAT.1","Clone_E"
"H2_1_CAGACCTGTAAGTGTT.1","Clone_E"
"H2_1_CGGTTATCCAACAGTG.1","Clone_E"
"H2_1_CTGACTGCGCAGCTCG.1","Clone_E"
"H2_1_AAAGTGTGATTTATCT.1","Clone_E"
"H2_1_CAAGTGTGGTTGCAAA.1","Clone_E"
"H2_1_CCAGTAGTCTGATCCA.1","Clone_E"
"H2_1_CGCGGCTCAACTTGAA.1","Clone_E"
"H2_1_AATGACGTAGGATGTC.1","Clone_E"
"H2_1_GATCCTAAATCGGGAC.1","Clone_E"
"H2_1_CTTAGTAGGCCTACAG.1","Clone_E"
"H2_1_TAGGGAGCTTGGGATG.1","Clone_E"
"H2_1_CTAACGAAACTTGCTG.1","Clone_E"
"H2_1_TACGCCATATTCTAAT.1","Clone_E"
"H2_1_AAGGGACAGATTCTGT.1","Clone_E"
"H2_1_TAAGGCTGAATCCCTC.1","Clone_E"
"H2_1_ATGGTCGCGTGGTTTC.1","Clone_E"
"H2_1_GCGCAAGAGCGCGCTG.1","Clone_E"
"H2_1_GCTAGACCGTCTACTG.1","Clone_E"
"H2_1_GTTCGCTGAGACGTCT.1","Clone_E"
"H2_1_CGAGTTTATCGGACTG.1","Clone_E"
"H2_1_TAGGTCGCCGGAACTG.1","Clone_E"
"H2_1_AAGTCAATTGTCGTCA.1","Clone_E"
"H2_1_GCTCGCTCATGTCCAA.1","Clone_E"
"H2_1_GCTTGGATCGATTAGG.1","Clone_E"
"H2_1_AAATTACCTATCGATG.1","Clone_E"
"H2_1_CTAGATGTGAGTGTAA.1","Clone_E"
"H2_1_AGAGTAAACTTCACTA.1","Clone_E"
"H2_1_TCTTAGAGTGAACTCT.1","Clone_E"
"H2_1_ACCGCGGTGGAAGTCG.1","Clone_E"
"H2_1_CCATATGGAAACTATA.1","Clone_E"
"H2_1_TAGACTACCTAGCGTT.1","Clone_E"
"H2_1_TGGGCAATAGTTGGGT.1","Clone_E"
"H2_1_ACGGCCAACATGGACT.1","Clone_E"
"H2_1_CGTGGCCGAATATCTA.1","Clone_E"
"H2_1_CGCAGGCGATCCAAAC.1","Clone_E"
"H2_1_TGCGTTTGTTGACACT.1","Clone_E"
"H2_1_AACTCTCAATAGAGCG.1","Clone_E"
"H2_1_ATCATAGCCCTATGTA.1","Clone_E"
"H2_1_CCTTGACCACTTTATT.1","Clone_E"
"H2_1_CACGTTCGTGCTCTAG.1","Clone_E"
"H2_1_ACCACCAATGTAACAA.1","Clone_E"
"H2_1_TACGTAAAGCGGAGTG.1","Clone_E"
"H2_1_ACCATATCCGCAATAA.1","Clone_E"
"H2_1_GGTGATAAGGAGCAGT.1","Clone_E"
"H2_1_CGCCTCCCTCCTCTAT.1","Clone_E"
"H2_1_CTTGAGTTAGGGTAAT.1","Clone_E"
"H2_1_TTAAACTCGAATTCAT.1","Clone_E"
"H2_1_CGTGCCCTCCCGAAGA.1","Clone_E"
"H2_1_GTACAGAGGCAAGGGT.1","Clone_E"
"H2_1_ACTTGACTCCCTCTTT.1","Clone_E"
"H2_1_TCGGACGCCCAGCCCA.1","Clone_E"
"H2_1_GTGTTACTATGCGTCC.1","Clone_E"
"H2_1_TATAGATGGTCGCAGT.1","Clone_E"
"H2_1_ATTGCGATCAGTAACT.1","Clone_E"
"H2_1_TCAACTGCAGAGTCAG.1","Clone_E"
"H2_1_CCGGGCTGCTCCATAC.1","Clone_E"
"H2_1_GATAGGTAACGTTGAC.1","Clone_E"
"H2_1_TCACCGCTCGGCACTC.1","Clone_E"
"H2_1_CAGCTCGACAAGTTAA.1","Clone_E"
"H2_1_TCTAGTGATATCGTGG.1","Clone_E"
"H2_1_TCTGAACTCGTACCCG.1","Clone_E"
"H2_1_CGCTGGTGACTACCCT.1","Clone_E"
"H2_1_AGAGGCTTCGGAAACC.1","Clone_E"
"H2_1_TAGCCATTTCAAAGTC.1","Clone_E"
"H2_1_ATAGTGAAGCGTTCTC.1","Clone_E"
"H2_1_ATCAATGCCGTGGCTG.1","Clone_E"
"H2_1_GTCCATTACTGCTACG.1","Clone_E"
"H2_1_CATCTTACACCACCTC.1","Clone_E"
"H2_1_CTAGATTTACGACGGC.1","Clone_E"
"H2_1_AGTGCTTGCACGAATA.1","Clone_E"
"H2_1_GCGCTGCTTTGCATTT.1","Clone_E"
"H2_1_TGCTCCACAGTTCTTA.1","Clone_E"
"H2_1_AAGATTGGCGGAACGT.1","Clone_E"
"H2_1_ACATCCTGGTAACTGT.1","Clone_E"
"H2_1_TCGCAAAGATGCATTT.1","Clone_E"
"H2_1_TGTATGGCGCAGACAG.1","Clone_E"
"H2_1_GTGCGTGTATATGAGC.1","Clone_E"
"H2_1_AGGGTGCTCTCGAGGG.1","Clone_E"
"H2_1_TATATCCCTGGGAGGA.1","Clone_E"
"H2_1_GTTATAATACGGTGAA.1","Clone_E"
"H2_1_AAGGTGATAAACCAGC.1","Clone_E"
"H2_1_ATAGACAACGGGACCT.1","Clone_E"
"H2_1_TTATGATCTTAACGAA.1","Clone_E"
"H2_1_GCGTAAATGGCCATAA.1","Clone_E"
"H2_1_TTCTAACCGAAGCTTA.1","Clone_E"
"H2_1_ATGCCATTTGCGACCA.1","Clone_E"
"H2_1_CGCACATGTCCACTAC.1","Clone_E"
"H2_1_ACCCGGAAACTCCCAG.1","Clone_E"
"H2_1_ATTGTACAACTCGGCT.1","Clone_E"
"H2_1_GCGACATGTAAACATC.1","Clone_E"
"H2_1_ATCAAACACTGTTCCA.1","Clone_E"
"H2_1_CGGCCCAGGTATATCC.1","Clone_E"
"H2_1_GACACTGGAACCCGAT.1","Clone_E"
"H2_1_ATGCGAGTCCCACCAC.1","Clone_E"
"H2_1_TCTCGAGGAGGTTCGC.1","Clone_E"
"H2_1_CCCGAGTTTCTCCGTA.1","Clone_E"
"H2_1_TCGGCGAACCCAAACC.1","Clone_E"
"H2_1_AAATAGCTTAGACTTT.1","Clone_E"
"H2_1_ATTACATGTCAGTCTT.1","Clone_E"
"H2_1_CATGACTTCGCTGAAT.1","Clone_E"
"H2_1_CCCTCCTCGCTCGTAT.1","Clone_E"
"H2_1_ATATCAACCTACAGAG.1","Clone_E"
"H2_1_CGCACGTGCGCTATCA.1","Clone_E"
"H2_1_AATATCGAATCAATGC.1","Clone_E"
"H2_1_CGCTAGAGACCGCTGC.1","Clone_E"
"H2_1_CACCCAAATCTTATGT.1","Clone_E"
"H2_1_AGTTTGGCACGGGTTG.1","Clone_E"
"H2_1_CAGAATAACACACGGA.1","Clone_E"
"H2_1_ATCGCCAGTCAACATT.1","Clone_E"
"H2_1_CATGATGGAAGTTAGC.1","Clone_E"
"H2_1_ATAGTTCCACCCACTC.1","Clone_E"
"H2_1_CTACCCTAAGGTCATA.1","Clone_E"
"H2_1_CTATGGGAAGCGGAAT.1","Clone_E"
"H2_1_GGTTCTACTCGTCTGA.1","Clone_E"
"H2_1_TGGTAGAATATATGGG.1","Clone_E"
"H2_1_CGACAATTTGATCTAA.1","Clone_E"
"H2_1_TGGCAATGGGACGGCG.1","Clone_E"
"H2_1_ACTATCCAGGGCATGG.1","Clone_E"
"H2_1_TGTACGAACAAATCCG.1","Clone_E"
"H2_1_GACTCACCCACGTGAG.1","Clone_E"
"H2_1_GCCTCATCTGGAAATA.1","Clone_E"
"H2_1_GTAACATCTAAGATAA.1","Clone_E"
"H2_1_CGGCAATAAGATCGCC.1","Clone_E"
"H2_1_GTGATCACTAACGCCT.1","Clone_E"
"H2_1_AGAGCCGCCGAGATTT.1","Clone_E"
"H2_1_AAGTGCCTTGACTGTA.1","Clone_E"
"H2_1_TTAAGATAGGATTGAC.1","Clone_E"
"H2_1_AGCTCTTCGTAACCTT.1","Clone_E"
"H2_1_GGTTTAGCCTTTCTTG.1","Clone_E"
"H2_1_AAATCTAGCCCTGCTA.1","Clone_E"
"H2_1_AGTCCATTGGCTGATG.1","Clone_E"
"H2_1_TAATCGATCCGTACGT.1","Clone_E"
"H2_1_CTACTATCTTTCAGAG.1","Clone_E"
"H2_1_GGGACAGAGTTACTCC.1","Clone_E"
"H2_1_TATTACCATCCTGCTT.1","Clone_E"
"H2_1_CCATCTCACCAGTGAA.1","Clone_E"
"H2_1_AGGGTCGATGCGAACT.1","Clone_E"
"H2_1_AGGCATTGTCGTAGGG.1","Clone_E"
"H2_1_GCGCATCCAGTCAGCA.1","Clone_E"
"H2_1_CATAACGGACAGTCGT.1","Clone_E"
"H2_1_CAGCAGTCCAGACTAT.1","Clone_E"
"H2_1_TTGAATTCACGTGAGG.1","Clone_E"
"H2_1_TCCGTTAAGCTAATAT.1","Clone_E"
"H2_1_GAATAGACGCGACCCA.1","Clone_E"
"H2_1_ACCGGGCCTTTGTTGA.1","Clone_E"
"H2_1_AGTGAACAAACTTCTC.1","Clone_E"
"H2_1_TTGACAGGAGCTCCCG.1","Clone_E"
"H2_1_ACTTGTGGATGGAACG.1","Clone_E"
"H2_1_ACCCGGATGACGCATC.1","Clone_E"
"H2_1_TGTAGGAGAAATTTCC.1","Clone_E"
"H2_1_GGCAGCAAACCTATGC.1","Clone_E"
"H2_1_TTCTTATCCGCTGGGT.1","Clone_E"
"H2_1_ATTGATGAGTCCTAAC.1","Clone_E"
"H2_1_TCTGAGCAATTGACTG.1","Clone_E"
"H2_1_ACTAGTTGCGATCGTC.1","Clone_E"
"H2_1_GGTCAAGACTACTTCG.1","Clone_E"
"H2_1_AAACAAGTATCTCCCA.1","Clone_E"
"H2_1_AGCAACATATCTTATT.1","Clone_E"
"H2_1_GACAAACATATGCAGG.1","Clone_E"
"H2_1_AACCCGAGCAGAATCG.1","Clone_E"
"H2_1_GGGTTTAGGATAGGAT.1","Clone_E"
"H2_1_TCTGAATTCCGTACAA.1","Clone_E"
"H2_1_CCTCGGACCGGGATAG.1","Clone_E"
"H2_1_GAGGCCTGTTGATACA.1","Clone_E"
"H2_1_TACTTGTTAGTAGTCC.1","Clone_E"
"H2_1_TCGGGCCGTCGTGGTA.1","Clone_E"
"H2_1_CACATTTCTTGTCAGA.1","Clone_E"
"H2_1_CCCAGGTCTGAAGGCT.1","Clone_E"
"H2_1_TTGACGCTCCATGAGC.1","Clone_E"
"H2_1_GGATGAAGATCGCTGA.1","Clone_E"
"H2_1_TCTTAGAGCTCCAATT.1","Clone_E"
"H2_1_CACCTTGGCGCCTTTG.1","Clone_E"
"H2_1_GGACACAAGTTTACAC.1","Clone_E"
"H2_1_TTCAATACTCTGAATC.1","Clone_E"
"H2_1_CCTGAACGATATATTC.1","Clone_E"
"H2_1_GCTTAATGTAACTAAC.1","Clone_E"
"H2_1_TGCAGTTTCCTCCCAT.1","Clone_E"
"H2_1_CCGAGAAGTCGCATAA.1","Clone_E"
"H2_1_ACTATCTGCCCGCGTA.1","Clone_E"
"H2_1_CGGGTTTGTTAGGGCT.1","Clone_E"
"H2_1_AACTACCCGTTTGTCA.1","Clone_E"
"H2_1_CGGCTCTAAAGCTGCA.1","Clone_E"
"H2_1_TATACCGAGTGCCACA.1","Clone_E"
"H2_1_GCATCGGCCGTGTAGG.1","Clone_E"
"H2_1_CACAGTTCGCTTCCCA.1","Clone_E"
"H2_1_TCTCTCGCCGCACATA.1","Clone_E"
"H2_1_ACCCTATGCCATATCG.1","Clone_F"
"H2_1_CAGATGTTTGTCCCAA.1","Clone_F"
"H2_1_CCATAACCTGTGCAGT.1","Clone_F"
"H2_1_CCCTGGCTGTTCCTTC.1","Clone_F"
"H2_1_GGGCTACTATTTCGTG.1","Clone_F"
"H2_1_CACCAATCATCCGTCT.1","Clone_F"
"H2_1_CCTTTGAATTATGGCT.1","Clone_F"
"H2_1_GGCGAGCGAAACGGCA.1","Clone_F"
"H2_1_GTGAAGTCACGACTCG.1","Clone_F"
"H2_1_AAGCACCCTGCGTATC.1","Clone_F"
"H2_1_TGATTCAGGTCCCGCG.1","Clone_F"
"H2_1_AGATGCATCCTGTGTC.1","Clone_F"
"H2_1_TATAGCGCACGTTATC.1","Clone_F"
"H2_1_GCAAGCTGGAAACCGC.1","Clone_F"
"H2_1_TCAAAGAGCTATCTGT.1","Clone_F"
"H2_1_TGTGTGACCATGAATC.1","Clone_F"
"H2_1_CCCACTCCACGGTATC.1","Clone_F"
"H2_1_GGGCAGACGTCACTGC.1","Clone_F"
"H2_1_CATACACGGTTCCCAC.1","Clone_F"
"H2_1_GCATTGACTTGCGGAA.1","Clone_F"
"H2_1_GAGTAGATACTAGTTG.1","Clone_F"
"H2_1_AACTCTCAGTGTGCTC.1","Clone_F"
"H2_1_GTCTCAAGGCCCGGCT.1","Clone_F"
"H2_1_TGCTTCCCAAGCAGTA.1","Clone_F"
"H2_1_CCACACTGAGATATTA.1","Clone_F"
"H2_1_GGGTCACCGTGACGGT.1","Clone_F"
"H2_1_ATCTGGGCTGTTCTTG.1","Clone_F"
"H2_1_GAGATCTGCTTGGCAT.1","Clone_F"
"H2_1_TCGAGTCTACGATTCG.1","Clone_F"
"H2_1_GTAGACACGCCTGACT.1","Clone_F"
"H2_1_ATACGTTATGCACGGA.1","Clone_F"
"H2_1_CAGCAGTCTGTGCTGC.1","Clone_F"
"H2_1_TGTGCCAGAGGCAAAG.1","Clone_F"
"H2_1_ATATACATGTATGGTA.1","Clone_F"
"H2_1_TGGCTTATGTATAATG.1","Clone_F"
"H2_1_CTCACATTTACTAAAT.1","Clone_F"
"H2_1_ATTCATCGTTGAGGCA.1","Clone_F"
"H2_1_CTCACTGTGATACTTA.1","Clone_F"
"H2_1_CGCCCAGCACGCCTAG.1","Clone_F"
"H2_1_GGGAACGGTTTCAGAT.1","Clone_F"
"H2_1_CGACCCTTAACGCCGG.1","Clone_F"
"H2_1_AAGGGAACGACTGGCT.1","Clone_F"
"H2_1_TAGCTAGTGATGATGG.1","Clone_F"
"H2_1_AGTATACACAGCGACA.1","Clone_F"
"H2_1_CGTGACCAGTCCTCTG.1","Clone_F"
"H2_1_GGCTTTCAATAAGGGT.1","Clone_F"
"H2_1_ACCAACGCTTATTTAT.1","Clone_F"
"H2_1_GATTACTGAATTTGGG.1","Clone_F"
"H2_1_CCAGCTCGAACGCATT.1","Clone_F"
"H2_1_TCAGCAAATGCATCTC.1","Clone_F"
"H2_1_GAACCTTTAACGATCC.1","Clone_F"
"H2_1_CGTGCAGACTGGGACA.1","Clone_F"
"H2_1_ATCTTATCGCACACCC.1","Clone_F"
"H2_1_AATTCTAGAGTTAGGC.1","Clone_F"
"H2_1_GAAATGGCGGTGTTAG.1","Clone_F"
"H2_1_GTCATGCGCGAGGGCT.1","Clone_F"
"H2_1_AGGCCTGAGAATCTCG.1","Clone_F"
"H2_1_TTCAGCTGGCGTGCCC.1","Clone_F"
"H2_1_TAGGTTCGAGTTCGTC.1","Clone_F"
"H2_1_GAGTAAGGCCACGGGA.1","Clone_F"
"H2_1_TAGATATGGACTGGAA.1","Clone_F"
"H2_1_AGGAAGCTGTCCGCCG.1","Clone_F"
"H2_1_CGTATTAAGAGATCTA.1","Clone_F"
"H2_1_CTTAGTGTAGTAGCAT.1","Clone_F"
"H2_1_TTATAGGTAATTGTCT.1","Clone_F"
"H2_1_GGCGTAGGGAAAGCTG.1","Clone_F"
"H2_1_GGGAGTTAATGAGGCG.1","Clone_F"
"H2_1_ATGCCGGTCTTGCATA.1","Clone_F"
"H2_1_CATACACAAAGTCAGC.1","Clone_F"
"H2_1_CTAGCTTAATGGTCCC.1","Clone_F"
"H2_1_GTTCGGATCGGGAACA.1","Clone_F"
"H2_1_CTTGGCCAAGCTGGGA.1","Clone_F"
"H2_1_CTGCCTTTCTAGTAAA.1","Clone_F"
"H2_1_TAATTACGTCAGTAGA.1","Clone_F"
"H2_1_GGGAAGGGCTTTCTCA.1","Clone_F"
"H2_1_TTGTGGTGGTACTAAG.1","Clone_F"
"H2_1_AATTGCAGCAATCGAC.1","Clone_F"
"H2_1_CAGGCGCCATGCTAGG.1","Clone_F"
"H2_1_TGCAATCTAACACGGT.1","Clone_F"
"H2_1_TTAGTAAACCTGCTCT.1","Clone_F"
"H2_1_TAGGCTAAAGTGGCAC.1","Clone_F"
"H2_1_TGCCGTTCTTAATCGG.1","Clone_F"
"H2_1_ACCAACCGCACTCCAC.1","Clone_F"
"H2_1_GGTTTGTGACCTGAGG.1","Clone_F"
"H2_1_TTAGAGGGATATACAG.1","Clone_F"
"H2_1_GGGCTGCCTAGGGCGA.1","Clone_F"
"H2_1_TCCTTTCTTACGCTTA.1","Clone_F"
"H2_1_CTTAAGCAGCGAGCCG.1","Clone_F"
"H2_1_ACTTCCAGTGGAAGCT.1","Clone_F"
"H2_1_GTGGGTACTGAGCGTA.1","Clone_F"
"H2_1_CGCGCATGTTTGATTG.1","Clone_F"
"H2_1_ACTCTTGTATAGTAAC.1","Clone_F"
"H2_1_TCAACATAGCGCCCTA.1","Clone_F"
"H2_1_TCGGAGTACATGAGTA.1","Clone_F"
"H2_1_ATATTTAACCCTCAAG.1","Clone_F"
"H2_1_GGCGGTAGGATCATTG.1","Clone_F"
"H2_1_ACACGAGACTCCTTCT.1","Clone_F"
"H2_1_GCGGCTCTGACGTACC.1","Clone_F"
"H2_1_AGATAACTTCAGGGCC.1","Clone_F"
"H2_1_CACTAAAGTTGCCTAT.1","Clone_F"
"H2_1_GAATTATAGTGAAAGG.1","Clone_F"
"H2_1_CAATTTCGTATAAGGG.1","Clone_F"
"H2_1_GGGACTGCATAGATAG.1","Clone_F"
"H2_1_CGCTACGGGACATTTA.1","Clone_F"
"H2_1_CGGCCACGCACAAAGT.1","Clone_F"
"H2_1_TTGTTGTGTGTCAAGA.1","Clone_F"
"H2_1_ATCAGACGGCACGCCG.1","Clone_F"
"H2_1_AAGCTCGTGCCAAGTC.1","Clone_F"
"H2_1_GATGCCTTCTGCGGCA.1","Clone_F"
"H2_1_AGAACGTGGTACATTC.1","Clone_F"
"H2_1_GGGCTATGATCGATGG.1","Clone_F"
"H2_1_TCGAGCCAGGCAGGCC.1","Clone_F"
"H2_1_GCGCTAATTGAATAGA.1","Clone_F"
"H2_1_ATGCGACAGTCCCATT.1","Clone_F"
"H2_1_CTATCGGGTCTCAACA.1","Clone_F"
"H2_1_CTGGGTTGAGTTAAAG.1","Clone_F"
"H2_1_TTGTACACCTCGAACA.1","Clone_F"
"H2_1_CGGTACGGCAAACCCA.1","Clone_F"
"H2_1_AGCGGACACTTCGTAG.1","Clone_F"
"H2_1_GCGTCTCTGCATTGGG.1","Clone_F"
"H2_1_ACTCCCTAGAATAGTA.1","Clone_F"
"H2_1_CGAATGAAGTCATTGC.1","Clone_F"
"H2_1_GCCGGGTTAGGGTCGC.1","Clone_F"
"H2_1_TCACGTGCCCGATTCA.1","Clone_F"
"H2_1_ATAAACGGACCCGTAA.1","Clone_F"
"H2_1_TAATAGGTCACCAGAA.1","Clone_F"
"H2_1_CCAAGCGTAACTCGTA.1","Clone_F"
"H2_1_GGTAGTGCTCGCACCA.1","Clone_F"
"H2_1_TTCGGGACTAATCGCG.1","Clone_F"
"H2_1_CCAGATAGTTGAGTGA.1","Clone_F"
"H2_1_GCGAGTTCTGCAAAGA.1","Clone_F"
