"Barcode","Final_Annotations"
"AAACAAGTATCTCCCA-1","Benign"
"AAACACCAATAACTGC-1","Benign"
"AAACAGCTTTCAGAAG-1","Stroma"
"AAACAGGGTCTATATT-1","GG4"
"AAACAGTGTTCCTGGG-1",""
"AAACATTTCCCGGATT-1","Benign"
"AAACCCGAACGAAATC-1","Exclude"
"AAACCGGAAATGTTAA-1","Benign"
"AAACCGGGTAGGTACC-1","PIN"
"AAACCGTTCGTCCAGG-1","Stroma"
"AAACCTAAGCAGCCGG-1","Stroma"
"AAACCTCATGAAGTTG-1","Stroma"
"AAACGAAGATGGAGTA-1","Stroma"
"AAACGAGACGGTTGAT-1","GG2"
"AAACGGGCGTACGGGT-1","Benign"
"AAACGGTTGCGAACTG-1","Stroma"
"AAACTCGGTTCGCAAT-1","Benign"
"AAACTGCTGGCTCCAA-1","Benign"
"AAACTTAATTGCACGC-1","Stroma"
"AAACTTGCAAACGTAT-1","Stroma"
"AAAGACTGGGCGCTTT-1","Nerve"
"AAAGGCCCTATAATAC-1","Benign"
"AAAGGCTACGGACCAT-1","Benign"
"AAAGGCTCTCGCGCCG-1","Benign"
"AAAGGGATGTAGCAAG-1","Stroma"
"AAAGGGCAGCTTGAAT-1","Fat"
"AAAGTAGCATTGCTCA-1","GG2"
"AAAGTCGACCCTCAGT-1","Nerve"
"AAAGTGTGATTTATCT-1","Benign"
"AAAGTTGACTCCCGTA-1","Stroma"
"AAATACCTATAAGCAT-1","Benign"
"AAATAGCTTAGACTTT-1","Benign"
"AAATAGGGTGCTATTG-1","Benign"
"AAATCCGATACACGCC-1","Stroma"
"AAATCGCGGAAGGAGT-1","Stroma"
"AAATCGTGTACCACAA-1","Stroma"
"AAATCTAGCCCTGCTA-1","Benign"
"AAATGACTGATCAAAC-1",""
"AAATGGCCCGTGCCCT-1","GG4"
"AAATGGTCAATGTGCC-1","GG2"
"AAATTAACGGGTAGCT-1","GG2"
"AAATTACCTATCGATG-1","Benign"
"AAATTCCAGGTCCAAA-1","Nerve"
"AAATTGATAGTCCTTT-1","Benign"
"AAATTTGCGGGTGTGG-1","Stroma"
"AACAACTGGTAGTTGC-1","Stroma"
"AACAATACATTGTCGA-1","GG2"
"AACAATTACTCTACGC-1","Stroma"
"AACACACGCTCGCCGC-1","Benign"
"AACACGAGACGCGGCC-1","GG2"
"AACAGCTGTGTGGCAA-1","Benign"
"AACAGGATGGGCCGCG-1","Fat"
"AACAGGTAGTATGGAT-1","Exclude"
"AACATAGCGTGTATCG-1","Exclude"
"AACATTGAAGTTGATC-1","Benign"
"AACATTGTGACTCGAG-1","Benign"
"AACCAAGACTTCTCTG-1","Stroma"
"AACCATAGGGTTGAAC-1","Stroma"
"AACCATGGGATCGCTA-1","Fat"
"AACCCATCCCATGATC-1","GG2"
"AACCCGACAACCCGTG-1","Benign"
"AACCCGAGCAGAATCG-1","Benign"
"AACCCGCTGTATTCCA-1",""
"AACCCTACTGTCAATA-1","Stroma"
"AACCGAGCTTGGTCAT-1","Stroma"
"AACCGCTAAGGGATGC-1","Benign"
"AACCTCGCTTTAGCCC-1","Benign"
"AACCTGTCACGGAATT-1","Stroma"
"AACCTTTAAATACGGT-1","Benign"
"AACGAAAGTCGTCCCA-1","GG2"
"AACGATAATGCCGTAG-1","Benign"
"AACGATAGAAGGGCCG-1","Fat"
"AACGATATGTCAACTG-1","Stroma"
"AACGCGACCTTGGGCG-1","Exclude"
"AACGCGGTCTCCAGCC-1","Stroma"
"AACGCTGTTGCTGAAA-1","Benign"
"AACGGACGTACGTATA-1","Benign"
"AACGGCCATCTCCGGT-1","GG2"
"AACGTACTGTGGGTAC-1","GG2"
"AACGTCAGACTAGTGG-1","Stroma"
"AACGTCATCCGGCTTG-1","Benign"
"AACGTGCGAAAGTCTC-1","GG2"
"AACGTTATCAGCACCT-1","Stroma"
"AACTACCCGTTTGTCA-1","Benign"
"AACTAGGCTTGGGTGT-1","Benign"
"AACTCAAGTTAATTGC-1","GG2"
"AACTCCAGAGCGTGTT-1","Benign"
"AACTCGATGGCGCAGT-1","Stroma"
"AACTCTCAATAGAGCG-1","Benign"
"AACTCTCAGTGTGCTC-1","GG2"
"AACTGAGTTATACTGA-1","Benign"
"AACTTCTGCGTCTATC-1","Stroma"
"AACTTGCCCGTATGCA-1","Fat"
"AACTTTACGGGAGCTT-1","Fat"
"AAGAAGGATCAGTTAG-1","Stroma"
"AAGACCAAATAACTCA-1","Stroma"
"AAGACCCAACTGAACA-1","Benign"
"AAGACTGCAAGCTACT-1","GG2"
"AAGAGATGAATCGGTA-1","Fat"
"AAGAGCTCTTTATCGG-1","GG2"
"AAGAGGATGTACGCGA-1","GG4"
"AAGAGGCATGGATCGC-1","GG2"
"AAGAGGCCCTTTGGAA-1","Exclude"
"AAGATGGCACCGGACC-1","GG2"
"AAGATTGGCGGAACGT-1","Benign"
"AAGCACCCTGCGTATC-1","Benign"
"AAGCATACTCTCCTGA-1","Benign"
"AAGCCACTTGCAGGTA-1","Benign"
"AAGCCGAAGCGGTTTA-1","Stroma"
"AAGCCGCCGTGAAATC-1","Stroma"
"AAGCGCAGGGCTTTGA-1","Benign"
"AAGCGTCCCTCATCGA-1","GG2"
"AAGCTAGATCGAGTAA-1","Benign"
"AAGCTCGTGCCAAGTC-1","GG2"
"AAGCTCTTTCATGGTG-1","Benign"
"AAGGAGCGGTTGGTGC-1","Stroma"
"AAGGATCGATCGCTTG-1","Stroma"
"AAGGATGAGGGACCTC-1","Stroma"
"AAGGCAGGCTGTCTCC-1","Stroma"
"AAGGCGCGTAAAGCTT-1","Stroma"
"AAGGCTGTGCTCATCG-1","Stroma"
"AAGGGAACGACTGGCT-1","Benign"
"AAGGGACAGATTCTGT-1","Benign"
"AAGGGACTATGCATTC-1","Benign"
"AAGGGTTTGATTTCAG-1","Stroma"
"AAGGTATCCTAATATA-1","Stroma"
"AAGGTGATAAACCAGC-1","Benign"
"AAGTAGAAGACCGGGT-1","Stroma"
"AAGTAGTGACGCGAGG-1","Stroma"
"AAGTCAATTGTCGTCA-1","Benign"
"AAGTCTTCTGTGGCCT-1","Stroma"
"AAGTGACGACCGAATT-1","GG4"
"AAGTGAGTCGGGTTTA-1","Benign"
"AAGTGCAAAGGTAGAC-1","Nerve"
"AAGTGCCTTGACTGTA-1","Benign"
"AAGTGCGTTAGAATCT-1","Stroma"
"AAGTGCTTCTCTATTG-1","Benign"
"AAGTGTTTGGAGACGG-1","Stroma"
"AAGTTCACTCCAAGCT-1","Benign"
"AAGTTCGGCCAACAGG-1","Stroma"
"AAGTTTATGGGCCCAA-1","Exclude"
"AATAACAACGCTCGGC-1","Stroma"
"AATAACACTAGAACAA-1","Stroma"
"AATAATCTTCGTATCG-1","Benign"
"AATACAATGTTTCAGG-1","Stroma"
"AATACCGGAGGGCTGT-1","Exclude"
"AATAGAACAGAGTGGC-1","Stroma"
"AATAGAATCTGTTTCA-1","Benign"
"AATAGGCACGACCCTT-1",""
"AATAGTCCGTCCCGAC-1","Benign"
"AATATCCTAGCAAACT-1","Stroma"
"AATATCGAATCAATGC-1","Benign"
"AATATTGGAGTATTGA-1","Stroma"
"AATCAGGTTTCATTTA-1","Benign"
"AATCATGTAAAGACTC-1","Benign"
"AATCCAAGGGCCTGAG-1","Fat"
"AATCCCGCTCAGAGCC-1","Benign"
"AATCGCCTCAGCGCCA-1","GG2"
"AATCGCGCAGAGGACT-1","Stroma"
"AATCGTGAGCCGAGCA-1","Benign"
"AATCTAGGTTTACTTG-1","GG2"
"AATCTCTACTGTGGTT-1","Stroma"
"AATCTGCGTTGGGACG-1","Stroma"
"AATCTGGCTTTCTAGT-1","GG2"
"AATGACAGCAATGTCT-1","GG2"
"AATGACGTAGGATGTC-1","Benign"
"AATGCAACCGGGTACC-1","Stroma"
"AATGGTCCACCGTTCA-1","Nerve"
"AATGTATGGCACTGTA-1","Stroma"
"AATGTGCCCGAGGTGT-1","GG2"
"AATGTGCTAATCTGAG-1","Benign"
"AATGTTAAGACCCTGA-1","Benign"
"AATTAAAGGTCGGCGT-1","GG2"
"AATTAACGGATTTCCA-1","Exclude"
"AATTACGAGACCCATC-1","Stroma"
"AATTAGCGCTGCAGCG-1","Benign"
"AATTCATTGTCATGCA-1","Stroma"
"AATTCCAAGCATGTAC-1","Benign"
"AATTCGATTCGAGGAT-1","Benign"
"AATTCTAGAGTTAGGC-1","Benign"
"AATTGAACGCTCTGGT-1","Benign"
"AATTGCAGCAATCGAC-1","Benign"
"AATTGCGTGGATTACA-1","Stroma"
"ACAAACCATGCGTCCT-1","Stroma"
"ACAAACTCCATCAGAG-1",""
"ACAAAGAAGGTAGGCC-1","Stroma"
"ACAAAGCATGACCTAG-1","Benign"
"ACAAATCGCACCGAAT-1","Benign"
"ACAAATGGTAGTGTTT-1","Stroma"
"ACAACAGCATGAGCTA-1","GG2"
"ACAACGGTCCCTGCGA-1","Stroma"
"ACAAGCAGTGCCTAGC-1","Fat"
"ACAAGGAAATCCGCCC-1","Benign"
"ACAAGGACAAGAGGTT-1","Stroma"
"ACAAGGATGCTTTAGG-1","Benign"
"ACAAGGGCAGGCTCTG-1","Benign"
"ACAATAGTCGTACGTT-1","Stroma"
"ACAATCCATTTAAACC-1","Stroma"
"ACAATGAATACGGAGA-1","Benign"
"ACAATTGTGTCTCTTT-1","Benign"
"ACAATTTAGGAGGCTC-1","Fat"
"ACAATTTGAGCAGTGG-1","GG2"
"ACAATTTGGCCATATT-1","Benign"
"ACACAAAGACGGGTGG-1","Stroma"
"ACACACCAGGACCAGT-1","Exclude"
"ACACATGATCAAATCT-1","Exclude"
"ACACATTTCCGTAGAC-1","Benign"
"ACACCGGTCTGACCGC-1","Stroma"
"ACACCTTAAGTAGGGC-1","Stroma"
"ACACCTTACTACTTGC-1","Stroma"
"ACACGAGACTCCTTCT-1","GG2"
"ACACGGGAACTTAGGG-1","Stroma"
"ACACGTAGGCCACAAG-1","Benign"
"ACACTCCAATGTCACT-1","Stroma"
"ACACTGATCAAGGTGT-1","PIN"
"ACACTGGGACAGTCGT-1","Benign"
"ACAGAACTGAGAACAA-1","GG2"
"ACAGCGACATTCTCAT-1","Benign"
"ACAGGCACGGATCCTT-1","Benign"
"ACAGGCTTGCCCGACT-1","Benign"
"ACAGGTGGAGGTGAGG-1","Stroma"
"ACAGGTGTGTTGTTGC-1","Fat"
"ACAGTAATACAACTTG-1","GG4"
"ACATAAGTCGTGGTGA-1","Stroma"
"ACATCAGCTGGGACGC-1","Stroma"
"ACATCCCGGCCATACG-1","Benign"
"ACATCCTGGTAACTGT-1","Benign"
"ACATCGATCGTTTACC-1","GG2"
"ACATCGGTCAGCCGCG-1","GG2"
"ACATCGTATGCAATGG-1","Benign"
"ACATGGCGCCAAAGTA-1","Stroma"
"ACATTAGTTTATATCC-1","Benign"
"ACATTCGCGCGGAATA-1","Benign"
"ACCAACCGCACTCCAC-1","Benign"
"ACCAACGCTTATTTAT-1","PIN"
"ACCAAGAACGCGTGTC-1","Stroma"
"ACCAATATGCAAGTTA-1","Benign"
"ACCACAAGTTTCTATC-1","GG2"
"ACCACACGGTTGATGG-1","Benign"
"ACCACCAATGTAACAA-1","Benign"
"ACCACGTGCAGCTATA-1","Stroma"
"ACCAGACCATAACAAC-1","Fat"
"ACCAGTGCGGGAGACG-1","Benign"
"ACCATATCCGCAATAA-1","Benign"
"ACCATCCGCCAACTAG-1","GG2"
"ACCATCGTATATGGTA-1","GG2"
"ACCCAACGCCCGTGGC-1","Stroma"
"ACCCACCTACATGCTC-1","Fat"
"ACCCATCTTGAGGGTA-1","GG2"
"ACCCATTTGTCCCTCT-1","Benign"
"ACCCGAGCGAAATTAC-1","Exclude"
"ACCCGATTGGTTCCGA-1","Benign"
"ACCCGGAAACTCCCAG-1","Benign"
"ACCCGGATGACGCATC-1","Benign"
"ACCCGGTTACACTTCC-1","Exclude"
"ACCCGTGTCATCAGTA-1","Benign"
"ACCCTATGCCATATCG-1","GG2"
"ACCCTCCCTTGCTATT-1","Benign"
"ACCGAAGAGTCTGGTT-1","Stroma"
"ACCGACACATCTCCCA-1","Benign"
"ACCGACTGAGTCCCAC-1","Stroma"
"ACCGAGTCTCCTTATT-1","Benign"
"ACCGATATTTAATCAT-1","Stroma"
"ACCGATGGTAGCATCG-1","Stroma"
"ACCGCAATAACTGCCT-1","Stroma"
"ACCGCGGTGGAAGTCG-1","Benign"
"ACCGCTAGTCATTGGT-1","Stroma"
"ACCGGGCCTTTGTTGA-1","Benign"
"ACCGGTCAGGTACACC-1","Exclude"
"ACCGTCCACTGGGCCC-1","Stroma"
"ACCGTGACCACGTGGG-1","GG2"
"ACCTAAGTACCTTTCA-1","GG2"
"ACCTAATCGACTTCCT-1","Stroma"
"ACCTACAGTATGTGGT-1","Stroma"
"ACCTACTATAAATCTA-1",""
"ACCTCCGCCCTCGCTG-1","Benign"
"ACCTCCGTTATTCACC-1","Stroma"
"ACCTCGAACTTATGCT-1","Stroma"
"ACCTGCGTGTCATGTT-1","Stroma"
"ACGAAATGGGCGGCAC-1","Nerve"
"ACGACTGGTCATACTC-1","Exclude"
"ACGAGGATACCACTCT-1","Stroma"
"ACGAGGTTTACAACGT-1","Benign"
"ACGATACATAGAACTA-1","Stroma"
"ACGATCATACATAGAG-1","Stroma"
"ACGATCATCTTGTAAA-1","Exclude"
"ACGATGCATATGTTAT-1","GG2"
"ACGCAAACTAATAGAT-1","GG2"
"ACGCATACGTTTACTA-1","Benign"
"ACGCATTCGTGAGTAC-1","GG2"
"ACGCCACTCGAAACAG-1","Benign"
"ACGCCGCTAGACGACC-1","Benign"
"ACGCGAAGTCAGACGA-1","Benign"
"ACGCGCTACACAGGGT-1","GG4"
"ACGCGGGCCAAGGACA-1","GG2"
"ACGCTGTGAGGCGTAG-1","Stroma"
"ACGGAATTTAGCAAAT-1","Stroma"
"ACGGACTCTCAAAGCG-1","Benign"
"ACGGATGGTGCGGATA-1","Benign"
"ACGGCACTTGCTTGGG-1","Benign"
"ACGGCCAACATGGACT-1","Benign"
"ACGGCGACGATGGGAA-1","Stroma"
"ACGGCTGGATGTAGAA-1","Stroma"
"ACGGGAGTGTCGGCCC-1","GG2"
"ACGTACTTTGGCACGG-1","Benign"
"ACGTAGATTGCTGATG-1","GG2"
"ACGTAGGAGAGTCGCT-1","Benign"
"ACGTATTACTCCGATC-1","Stroma"
"ACGTCTCGTTCCGGGA-1","Stroma"
"ACGTGACAAAGTAAGT-1","Stroma"
"ACGTTAATGTCGAAGA-1","GG2"
"ACGTTAGATTTGCCCG-1","GG2"
"ACGTTATTGGTCACTC-1","Stroma"
"ACGTTCACTATGCCGC-1","Stroma"
"ACGTTCGTTCAGGAAA-1","GG2"
"ACGTTCTGTACAAGTC-1","Benign"
"ACGTTGTCGTTGAAAG-1","Stroma"
"ACTACAAAGAGAGGTG-1","Benign"
"ACTACATCCCGACAAG-1","Stroma"
"ACTACCAGCTCTCTGG-1","Stroma"
"ACTACCATCCGAGGGC-1",""
"ACTACGCGTTAGAATT-1","Benign"
"ACTAGTTGCGATCGTC-1","Benign"
"ACTATCCAGGGCATGG-1","Benign"
"ACTATCTGCCCGCGTA-1","Benign"
"ACTATGTCCAGCTGCC-1","Benign"
"ACTATTTCCGGGCCCA-1","GG2"
"ACTCAAGTGCAAGGCT-1","Benign"
"ACTCAATAAAGGCACG-1","Stroma"
"ACTCATGGCAGCCTTC-1","Benign"
"ACTCCAATATCATCAT-1","Exclude"
"ACTCCCATTCCTAAAG-1","Exclude"
"ACTCCCGAATTCGTTT-1","Stroma"
"ACTCCCTAATGCTAAA-1","Benign"
"ACTCCCTAGAATAGTA-1","Benign"
"ACTCCGGCCGACCACT-1","Benign"
"ACTCGATGTATTTCAT-1","Stroma"
"ACTCGCGATCTGACGC-1","Benign"
"ACTCGTAACCCGTCCT-1","GG2"
"ACTCGTCAGTAATCCC-1","GG2"
"ACTCTCTGACTTAGGT-1","Stroma"
"ACTCTTGTATAGTAAC-1","GG2"
"ACTGAAACGCCGTTAG-1","Benign"
"ACTGAATGGCGAAAGT-1","Exclude"
"ACTGCCCGCCATTCTC-1","Exclude"
"ACTGCGGACACACCGT-1","Stroma"
"ACTGCTCGGAAGGATG-1","GG2"
"ACTGGGATGCCAGTGC-1","Stroma"
"ACTGTACGATACACAT-1","GG2"
"ACTGTAGCACTTTGGA-1","Fat"
"ACTGTCCAGGATTATA-1","GG2"
"ACTGTCTTCTTTAGAA-1","Stroma"
"ACTTACGCATCCACGC-1","Benign"
"ACTTAGTACGACAAGA-1","Fat"
"ACTTATACTTACCCGG-1","Stroma"
"ACTTATTAGGATCGGT-1","GG2"
"ACTTATTTATGTGCCA-1","Benign"
"ACTTCAGGCTGATCCC-1","Benign"
"ACTTCCAGTGGAAGCT-1","GG2"
"ACTTCCATGCGGGACA-1","Benign"
"ACTTCGCCATACGCAC-1","GG2"
"ACTTGACTCCCTCTTT-1","Benign"
"ACTTGGGACCCGGTGG-1","Stroma"
"ACTTGGGCTTTCGCCA-1","Exclude"
"ACTTGTAGTCCCTTCA-1","GG2"
"ACTTGTGGATGGAACG-1","Benign"
"ACTTGTTACCGGATCA-1","Benign"
"ACTTTACCCTCATGAA-1","Stroma"
"ACTTTCCTATAGCTTC-1","Stroma"
"ACTTTGACTGCATCCT-1","Stroma"
"ACTTTGGTCGTGCTCC-1","Exclude"
"ACTTTGTCGACGCACT-1","Stroma"
"AGAAATTATGACTCGC-1","Benign"
"AGAACCCAGCGTGACA-1","Benign"
"AGAACCCTCAATTGGG-1","Stroma"
"AGAACGTGGTACATTC-1","GG2"
"AGAAGAGCGCCGTTCC-1","Benign"
"AGAAGGTACACTTCAC-1","GG2"
"AGAAGGTTGCCGAATT-1","Stroma"
"AGAAGGTTGTAGGTCG-1","Stroma"
"AGAAGTGATTCGTGAT-1","Stroma"
"AGAATAAATCTTCAGG-1","Stroma"
"AGAATTATGGATTCGA-1","Stroma"
"AGACAGCTCAGAATCC-1","Stroma"
"AGACCAAACCACACCT-1","GG2"
"AGACCATGGGATACAA-1","Stroma"
"AGACCCACCGCTGATC-1","Benign"
"AGACCCGCCCTCCTCG-1","Stroma"
"AGACCGCTCCGCGGTT-1","Stroma"
"AGACCGGGAAACCCTG-1","Stroma"
"AGACGAAGTGCCGGTC-1","Benign"
"AGACGACGATGCCGCT-1","GG2"
"AGACTAGCCTTCCAGA-1","Stroma"
"AGACTGTTACCGGGTC-1","GG2"
"AGAGAAACACCAGAAA-1","Benign"
"AGAGAACCGTCTAGGA-1","Stroma"
"AGAGAAGGAGTACAAT-1","GG2"
"AGAGATCTCTAAAGCG-1","Stroma"
"AGAGCAGTTATGAGAC-1","Stroma"
"AGAGCCGCCGAGATTT-1","Benign"
"AGAGCGTACAAGCTCG-1","Fat"
"AGAGGCTTCGGAAACC-1","Benign"
"AGAGTAAACTTCACTA-1","Benign"
"AGATAACTTCAGGGCC-1","GG2"
"AGATACCGGTGTTCAC-1","GG2"
"AGATACTCAAGATCGA-1","Benign"
"AGATATAATACGACTA-1","Benign"
"AGATCTCAGGTGTGAT-1","GG2"
"AGATGATGGAGTCTGG-1","Stroma"
"AGATGCAAGACGTGCA-1","Stroma"
"AGATGCATCCTGTGTC-1","GG2"
"AGATTATAGGACGTTT-1","GG2"
"AGATTCACAACCGATA-1","GG2"
"AGCAAAGGCCGCTAGT-1","Benign"
"AGCAACATATCTTATT-1","Benign"
"AGCAACCGAAAGTAAT-1","Benign"
"AGCACACGTTTAGACT-1","Exclude"
"AGCACCAGTACTCACG-1","Stroma"
"AGCACTACCGGCCTGT-1","Nerve"
"AGCACTACCTCACCAG-1","Benign"
"AGCACTTAAGGACGCC-1","Stroma"
"AGCAGAAGGAGAAAGA-1","Benign"
"AGCAGCCAGATGAATA-1","Benign"
"AGCAGTCGAAGCATGC-1","Benign"
"AGCATATCAATATGCT-1","Benign"
"AGCATCATTTCGAAAG-1","GG2"
"AGCCAAGCTTTGTGTC-1","Benign"
"AGCCACAGGTTACCCG-1","Benign"
"AGCCACTCCCGTGCTT-1","Stroma"
"AGCCATATAGTATGTG-1","Benign"
"AGCCCATACATGTAAG-1","GG4"
"AGCCCGCAACAAGCAG-1","Stroma"
"AGCCCGGCATTAGAGG-1","Exclude"
"AGCCCGGTAGCCTGTA-1","Benign"
"AGCCCTCCCTGGTGGC-1","Benign"
"AGCCCTGTCGCACCGT-1","Benign"
"AGCCCTTGGACATCCC-1","Stroma"
"AGCCGCAAATTCAAAT-1","Fat"
"AGCCGTGGCTAAATGT-1","GG2"
"AGCCTAATACCCACGT-1","GG2"
"AGCCTTAAAGCGGAAG-1","Stroma"
"AGCGACAGGAACGGTC-1","Stroma"
"AGCGACCAACGATATT-1","Stroma"
"AGCGACTTTGAAGACA-1",""
"AGCGAGACGTGAAGGC-1","Stroma"
"AGCGCATAATGAATCG-1","Benign"
"AGCGCGGGTGCCAATG-1","Stroma"
"AGCGCTAGAGCGATGT-1","Benign"
"AGCGGACACTTCGTAG-1","Benign"
"AGCGGCGGTTAGCGGT-1","GG2"
"AGCGGGTCTGACACTC-1","Benign"
"AGCGTGGTATTCTACT-1","Exclude"
"AGCTAACAAGCAATGT-1","Stroma"
"AGCTAAGCTCCGTCCG-1",""
"AGCTAAGTACGCAGGC-1","Stroma"
"AGCTCCATATATGTTC-1","Exclude"
"AGCTCCTTCGCACATC-1","Benign"
"AGCTCTAGACGTTCCA-1","GG2"
"AGCTCTTCGTAACCTT-1","Benign"
"AGCTCTTTACTCAGTT-1","Stroma"
"AGCTGTAACCTCAATC-1","GG2"
"AGCTTGATCTTAACTT-1","Stroma"
"AGGAAGCTGTCCGCCG-1","Benign"
"AGGACAGTCGAATCCC-1","Stroma"
"AGGACGACCCATTAGA-1","PIN"
"AGGAGGCCTTCGCGCG-1","Benign"
"AGGATAAAGTCGGGAT-1","Benign"
"AGGATATAGGGATTTA-1","Stroma"
"AGGATCACGCGATCTG-1","GG4"
"AGGCACGTGACTGTCC-1","Benign"
"AGGCAGATGCGTAAAC-1","Stroma"
"AGGCAGGGAGCGTACT-1","Benign"
"AGGCATTGTCGTAGGG-1","Benign"
"AGGCCACATTGGTTAC-1","Benign"
"AGGCCACCCGTTATGA-1","Fat"
"AGGCCCATTGTACAGG-1","Fat"
"AGGCCCTAGAACGCCA-1","Stroma"
"AGGCCTATCATACCAA-1",""
"AGGCCTGAGAATCTCG-1","Benign"
"AGGCGGTTTGTCCCGC-1","Exclude"
"AGGCTATGGTTAGCTT-1","Stroma"
"AGGCTTAAGTTGCACA-1",""
"AGGCTTCCCGAAGAAG-1","Stroma"
"AGGCTTGCTAGACACC-1","Stroma"
"AGGGACCGGCTGCGTT-1","Stroma"
"AGGGACTCTACGCGAC-1","Benign"
"AGGGCGAGCAGCTGAT-1","Stroma"
"AGGGCGTGATCGGCTA-1","Stroma"
"AGGGCTGCAGTTACAG-1","GG2"
"AGGGTCAGAGCACTCG-1","Benign"
"AGGGTCGATGCGAACT-1","Benign"
"AGGGTGCCGTTCTTTA-1","Exclude"
"AGGGTGCTCTCGAGGG-1","Benign"
"AGGGTGGATAGTGCAT-1","Nerve"
"AGGGTTCAGACGGTCC-1","Stroma"
"AGGGTTCCCTTTGGTT-1","GG2"
"AGGGTTTAGTTCGGGA-1","GG2"
"AGGTAGATCGAGATAT-1","Exclude"
"AGGTAGGTACAAAGCT-1","Stroma"
"AGGTATAATTGATAGT-1","Stroma"
"AGGTATGCGGACATTA-1","Benign"
"AGGTCAGGTGAGAGTG-1","Stroma"
"AGGTGGTGACCTTCGC-1","Benign"
"AGGTGTATCGCCATGA-1","Stroma"
"AGGTTACACCATGCCG-1","Stroma"
"AGGTTCTCCTTTCCGG-1","Stroma"
"AGGTTGAGGCACGCTT-1","Stroma"
"AGGTTTCACACACCTT-1","Exclude"
"AGTACAGAAGCTTATA-1","Benign"
"AGTACGGCCCGTATCG-1","Stroma"
"AGTACGGGCACCTGGC-1","Stroma"
"AGTACTCTTATGCCCA-1","Benign"
"AGTAGAAGGCGCCTCA-1","Benign"
"AGTAGGTAACATACAT-1","Stroma"
"AGTATAATACTAGGCA-1","Stroma"
"AGTATACACAGCGACA-1","GG2"
"AGTATGCTGGAGACCA-1","Stroma"
"AGTATTTGGCACGACC-1","Benign"
"AGTCAAATGATGTGAT-1","Benign"
"AGTCAACACCACCATC-1","PIN"
"AGTCAAGATGACACTT-1","Benign"
"AGTCACTAGCTCTCGA-1","Benign"
"AGTCAGCCACCGCCTG-1","Fat"
"AGTCCATTGGCTGATG-1","Benign"
"AGTCGACGGTCTCAAG-1","Stroma"
"AGTCGGCCCAAACGAC-1","Stroma"
"AGTCGGCTCAACTTTA-1","Stroma"
"AGTCGGTTGCGTGAGA-1","Stroma"
"AGTCGTATAAAGCAGA-1","Stroma"
"AGTCGTCGACCACCAA-1","Benign"
"AGTCGTGGGCATTACG-1","GG2"
"AGTCTCACAAGACTAC-1","GG2"
"AGTCTGGACATCCTTG-1","Stroma"
"AGTCTTCTCCTCAAAT-1","Stroma"
"AGTCTTTAAAGTGTCC-1","Benign"
"AGTGAACAAACTTCTC-1","Benign"
"AGTGACCTACTTTACG-1","Stroma"
"AGTGACTGTGACACAA-1","Stroma"
"AGTGAGACTTCCAGTA-1","GG2"
"AGTGATAACCTGCGCG-1","Benign"
"AGTGATATGAGTAGTT-1","Stroma"
"AGTGATTCAAGCAGGA-1","Benign"
"AGTGCACGCTTAAGAA-1","Benign"
"AGTGCGTAGCTCGTAA-1","Stroma"
"AGTGCTAAACACAGCA-1","Stroma"
"AGTGCTTGCACGAATA-1","Benign"
"AGTGGCGTCTGAAGGT-1","Benign"
"AGTGGCTCCGTCGGCC-1","Stroma"
"AGTGGTGTTACCCGTG-1","Stroma"
"AGTGGTTGCGTATAGG-1","Fat"
"AGTGTGGTCTATTGTG-1","Stroma"
"AGTTAAACACTTGCGA-1","GG2"
"AGTTAAGTCAACCGCT-1","GG2"
"AGTTACCGCACATGGT-1","Stroma"
"AGTTCACCGGTTGGAC-1","Stroma"
"AGTTCCTACAGAATTA-1","Stroma"
"AGTTCCTATTTATGTT-1","Stroma"
"AGTTGACATCGGCTGG-1","Stroma"
"AGTTGACGGTCCTTGC-1","Benign"
"AGTTGCTGACTGATAT-1","Stroma"
"AGTTTGCACCTGCCTC-1","Exclude"
"AGTTTGGCACGGGTTG-1","Benign"
"AGTTTGGCCAGACCTA-1","Stroma"
"ATAAACGGACCCGTAA-1","Benign"
"ATAAACGTTGCACCAC-1","Benign"
"ATAAAGGCTCGGTCGT-1","GG2"
"ATAAATATTAGCAGCT-1","GG4"
"ATAACGCCGGAGGGTC-1","GG2"
"ATAACGGAGTCCAACG-1","GG2"
"ATAAGGTGGAGAACAT-1","Benign"
"ATAAGTAGGGCGACTC-1","Stroma"
"ATAAGTTACCGCGACG-1","Stroma"
"ATAATACCGTTAGCCG-1","Stroma"
"ATAATAGCTGTTGAAT-1","Benign"
"ATAATAGTGTAGGGAC-1","Fat"
"ATAATCTTGGAGAACC-1","Benign"
"ATAATTAGCTAAGTAG-1","Benign"
"ATACAGGCCCTCCAAT-1","Benign"
"ATACCACGGGCAACTT-1","Stroma"
"ATACCTAACCAAGAAA-1","Benign"
"ATACGAGGTTTGTAAG-1","Benign"
"ATACGCCGGCGAAACC-1","Stroma"
"ATACGGAACGTCGTTT-1","Benign"
"ATACGGGTTTCGATTG-1","Stroma"
"ATACGGTGAAGATGCA-1","Fat"
"ATACGTACTTAGCCAC-1","Benign"
"ATACGTCCACTCCTGT-1","Benign"
"ATACGTTATGCACGGA-1","Benign"
"ATACTACCCGTACCAC-1","Benign"
"ATACTGCCTTACACCG-1","Benign"
"ATAGACAACGGGACCT-1","Benign"
"ATAGACGAAGAGAAAG-1","GG2"
"ATAGAGTACTGGGACA-1","Stroma"
"ATAGAGTTATCAACTT-1","Benign"
"ATAGCAACTAGGGAAG-1","Benign"
"ATAGCCTCAGTACCCA-1","Stroma"
"ATAGGCGGCTATAGAA-1","Stroma"
"ATAGGGATATCCTTGA-1","Stroma"
"ATAGGTTGGGCAGATG-1","Stroma"
"ATAGTGAAGCGTTCTC-1","Benign"
"ATAGTTCCACCCACTC-1","Benign"
"ATATAAAGCGCTCGTG-1","Benign"
"ATATAAATGTAGCTGC-1","Benign"
"ATATAACACGGGCGCA-1","Benign"
"ATATACATGTATGGTA-1","GG2"
"ATATACGCTCGTGACG-1","Benign"
"ATATAGAGTATTGGTC-1","Stroma"
"ATATCAACCTACAGAG-1","Benign"
"ATATCAATTCCAGCCT-1","Stroma"
"ATATCGGTAGGGAGAT-1","Stroma"
"ATATCGTTCCTCGAAC-1","Benign"
"ATATCTTAGGGCCTTC-1","GG2"
"ATATGGGATAGCAACT-1","Benign"
"ATATGTCTAGAGCGTG-1","Benign"
"ATATGTCTCCCTAGCC-1","Stroma"
"ATATTCAGTTAAACCT-1","Benign"
"ATATTCCACATAGTGA-1","Benign"
"ATATTTAACCCTCAAG-1","GG2"
"ATCAAACACTGTTCCA-1","Benign"
"ATCAAACGAAGGTTTG-1","Stroma"
"ATCAAAGAGCCGTGGT-1","Benign"
"ATCAAGATCCCAGGAC-1","Stroma"
"ATCAATCTGGGCTGCA-1","GG2"
"ATCAATGCCGTGGCTG-1","Benign"
"ATCACATTAGAATATC-1","Stroma"
"ATCACGTGCTAATTAA-1","Stroma"
"ATCACTTCATCCTCGC-1","Stroma"
"ATCAGACGGCACGCCG-1","PIN"
"ATCAGCCTCATGCTGC-1","Benign"
"ATCAGCTCGTCCACTA-1","GG4"
"ATCAGTAGGCAGGGAT-1","Stroma"
"ATCATAGATCGACGAG-1",""
"ATCATAGCCCTATGTA-1","Benign"
"ATCATCCAATATTTGT-1","Stroma"
"ATCATGGACTACCGAC-1","Benign"
"ATCCAACGCAGTCATA-1","Stroma"
"ATCCAATGGAGGGTCC-1","Stroma"
"ATCCAATGGTACCGAA-1","Fat"
"ATCCACATCGACAGAA-1","Exclude"
"ATCCAGAGCAACAACC-1","Stroma"
"ATCCAGGATTCGTGAA-1","GG2"
"ATCCCATCCACAGCGC-1","Exclude"
"ATCCCATTTCCGTGGG-1","Benign"
"ATCCTACCTAAGCTCT-1","PIN"
"ATCCTGAATCGCTGCG-1","Stroma"
"ATCCTGCGTGGAATGG-1","PIN"
"ATCCTTCTGAAAGAAC-1","Stroma"
"ATCGACCCAATACAGA-1","GG2"
"ATCGACTCTTTCCGTT-1","Stroma"
"ATCGCACGCCGGGAGA-1","Stroma"
"ATCGCCAGTCAACATT-1","Benign"
"ATCGGAGACAGACGGC-1","Benign"
"ATCGGTTACCTAGTAA-1","Fat"
"ATCGTGGAAAGTCTGG-1","Exclude"
"ATCGTTAGCTAGCGGA-1","Benign"
"ATCTAATATCCTACGG-1","Benign"
"ATCTACCATCTGCTCC-1","Benign"
"ATCTAGCTTGTGAGGG-1","Benign"
"ATCTCCCACGGAATAT-1","Benign"
"ATCTCGTGAGCGAAAC-1","Stroma"
"ATCTGACATGGAAGGA-1","Benign"
"ATCTGATAGTGTCTTA-1","Stroma"
"ATCTGCTGTTATCGCC-1","Stroma"
"ATCTGGGCTGTTCTTG-1","Benign"
"ATCTGGTTAAGACTGT-1","GG2"
"ATCTTATCGCACACCC-1","Benign"
"ATGAAGCCAAGGAGCC-1","Stroma"
"ATGACGCGTTCTATCC-1","GG2"
"ATGACTATCAGCTGTG-1","Benign"
"ATGACTATGCGACATT-1","Benign"
"ATGAGGAGTGTTAATC-1","Stroma"
"ATGAGGGCAGCGGCTA-1","Benign"
"ATGATCGGGAATAGAC-1","Fat"
"ATGATGCAATGGTACA-1","Stroma"
"ATGCACCTTCCTTAAT-1","Stroma"
"ATGCACGCGCTGTTCA-1","Exclude"
"ATGCACTACCGCATTG-1","Stroma"
"ATGCATGATCCAGGAT-1","Stroma"
"ATGCCATTTGCGACCA-1","Benign"
"ATGCCGGTCTTGCATA-1","GG2"
"ATGCGACAGTCCCATT-1","GG2"
"ATGCGAGTCCCACCAC-1","Benign"
"ATGCTCAGTGTTGCAT-1","Fat"
"ATGCTCTGGCGCGGTA-1","Benign"
"ATGCTTAGGAGTTGAT-1","Benign"
"ATGGAAATTTAAGGAG-1","GG2"
"ATGGAACCTTTGCACA-1","Stroma"
"ATGGACTGCTTAGTTG-1","Benign"
"ATGGAGCAGGCCGTGA-1","GG2"
"ATGGATTGACCAAACG-1","Stroma"
"ATGGCAGCATTACGAT-1","Stroma"
"ATGGCAGCCGAGAAAC-1","Stroma"
"ATGGGACCTGCTGAAC-1","Stroma"
"ATGGGCCTCGGCCTCT-1","Exclude"
"ATGGGTGTATACCTCC-1","Benign"
"ATGGTATTGGGAACCG-1","Benign"
"ATGGTATTTACTGATT-1","Stroma"
"ATGGTCGCGTGGTTTC-1","Benign"
"ATGTACGATGACGTCG-1","Benign"
"ATGTAGCGCGCGTAGG-1","Exclude"
"ATGTCATAATAAACGA-1","Benign"
"ATGTCATTTCCCATTG-1","Stroma"
"ATGTCTTGTTTGACTC-1","Stroma"
"ATGTGAAAGCCTAATG-1","GG2"
"ATGTGGACATCTTGAT-1","Exclude"
"ATGTTACGAGCAATAC-1","Stroma"
"ATGTTCCTGCCCACCT-1","Exclude"
"ATGTTCGTCGACCCAC-1","Stroma"
"ATGTTGATTAGAGACT-1","Benign"
"ATGTTGTAGTCTGTTT-1","GG2"
"ATTAAACATGCGGACC-1","Exclude"
"ATTAACACCTGAGATA-1","Stroma"
"ATTAATACTACGCGGG-1","Stroma"
"ATTAATGAACCAGTCG-1","Stroma"
"ATTACATGTCAGTCTT-1","Benign"
"ATTACCACACTGCCTG-1","Benign"
"ATTACGCGCTGGCAGG-1","GG4"
"ATTACTAGCCTCTTGC-1","Stroma"
"ATTAGATTGATAGCGG-1","Stroma"
"ATTAGGCGATGCTTTC-1","GG2"
"ATTATCGGAATGTACG-1","Exclude"
"ATTATGAGACCCAATT-1","Stroma"
"ATTATTATGTCCGTCA-1","GG2"
"ATTATTCAGAGTCACT-1","Benign"
"ATTCAACCATTTAAGG-1","Benign"
"ATTCACTGATGTTGGA-1","Exclude"
"ATTCAGTAGCAGGGTC-1","Stroma"
"ATTCATATACTGTCCA-1","Exclude"
"ATTCATCGTTGAGGCA-1","Benign"
"ATTCCCACATAAACAA-1","Fat"
"ATTCCCGAAGGTACAG-1","Stroma"
"ATTCCTCCGCCAGTGC-1","Stroma"
"ATTCGACGCCGGGCCT-1","Stroma"
"ATTCGTGCTATCTCTT-1","Stroma"
"ATTGAAGATCTTAGTG-1","GG2"
"ATTGATCACCACATTT-1","GG2"
"ATTGATGAGTCCTAAC-1","Benign"
"ATTGCCTATTAGACCG-1","Benign"
"ATTGCCTTTATGTTTG-1","Stroma"
"ATTGCGATCAGTAACT-1","Benign"
"ATTGCTGCTCCTCCAT-1","GG2"
"ATTGGATTACAGCGTA-1","Benign"
"ATTGTACAACTCGGCT-1","Benign"
"ATTGTCTGTTTCATGT-1","Benign"
"ATTGTTCAACGATCCG-1","Benign"
"ATTTACAGTTTACTGG-1","Stroma"
"ATTTATACTGGTAAAG-1","Benign"
"ATTTCCGGGTTCTGCG-1","Stroma"
"ATTTGCGCGAGTAGCT-1","GG2"
"ATTTGTCTTGGGAGCT-1","Exclude"
"ATTTGTTCCAGGGCTC-1","Stroma"
"CAAACCCTCCGGCGGG-1",""
"CAAACGAGTATCGCAG-1","Benign"
"CAAACGGTCGCACTTT-1","Stroma"
"CAAACTCGCGACGCCG-1","Stroma"
"CAAAGATTATTGGGCC-1","Benign"
"CAAAGGTCATCTGAAA-1","Benign"
"CAAATCTCTCACAAGG-1","Stroma"
"CAAATGTCCTTCCGTG-1","Stroma"
"CAACCTACCGAGCAGT-1","Benign"
"CAACGACCCGTTTACA-1","Stroma"
"CAACGCGATGAGCCAA-1","Stroma"
"CAACGTGGTGGAGTCT-1","Exclude"
"CAACTCCTTGATCCCG-1","Stroma"
"CAACTGCTCATCCGAT-1","Benign"
"CAAGAGGGCGGAGTAC-1","Stroma"
"CAAGATATTATAACGT-1","Exclude"
"CAAGCAACGTCGGAGT-1","Stroma"
"CAAGCGGCACATAATT-1","Benign"
"CAAGGATCGCATGTTC-1","GG2"
"CAAGGCCAGTGGTGCA-1","Benign"
"CAAGGTCCTATAGGCT-1","Stroma"
"CAAGTAAGTGATAGAC-1","Benign"
"CAAGTCGTTGAAATCT-1","Benign"
"CAAGTGTGGTTGCAAA-1","Benign"
"CAATAAACCTTGGCCC-1","GG2"
"CAATACGAGAGTCTGA-1","Stroma"
"CAATACGCTCTGAGGC-1","Stroma"
"CAATATTCTTGACCTA-1","GG2"
"CAATCCTGCCGTGGAG-1","Stroma"
"CAATGACCCTTAATTT-1","Stroma"
"CAATGCGAGAAGTATC-1","Benign"
"CAATGGATCTCTACCA-1","Stroma"
"CAATGTGCCAACCCTT-1","Nerve"
"CAATTAAGGGTGATGA-1","Stroma"
"CAATTGGGCCGCACTC-1","Stroma"
"CAATTTCGTATAAGGG-1","GG2"
"CACAAGCTAAGAAAGG-1","Benign"
"CACAATGAGCTGCTAT-1","PIN"
"CACACACGCTAACGAG-1","Benign"
"CACACAGCTTGCGCTC-1","Stroma"
"CACACAGGGATAGATT-1","Stroma"
"CACACGCGCTGTCTTA-1","Exclude"
"CACAGAGACGAGGACG-1","Stroma"
"CACAGCACCCACGGCA-1","GG2"
"CACAGGGCCATATAGT-1","Benign"
"CACAGGGCCGTTGTCA-1","Benign"
"CACAGTCCCGCTTCGC-1","Benign"
"CACAGTTCGCTTCCCA-1","Benign"
"CACATATTAGCAGGAT-1","Stroma"
"CACATCGTGCACGCGC-1","GG2"
"CACATCTCACCGACGA-1","Benign"
"CACATGATTCAGCAAC-1","GG2"
"CACATTTCTTGTCAGA-1","Benign"
"CACCAATCATCCGTCT-1","GG2"
"CACCACGCCACACAGA-1","Stroma"
"CACCAGTCAGCATGCA-1","Benign"
"CACCCAAATCTTATGT-1","Benign"
"CACCCACACGTCACCC-1","Stroma"
"CACCCGGTTTGTGACT-1","GG2"
"CACCCTAACAAGATCT-1","Benign"
"CACCCTTGGTGAGACC-1","Stroma"
"CACCGCCAGAAGGTTT-1","Stroma"
"CACCGGTAGAGACATT-1","Stroma"
"CACCGTATCCCATCCG-1","Benign"
"CACCGTTAGGGATCAC-1","GG2"
"CACCGTTGCGCGATAT-1","GG2"
"CACCTAATCAGTTTAC-1","Stroma"
"CACCTTGCGAAACTCG-1","Stroma"
"CACCTTGGCGCCTTTG-1","Benign"
"CACGAAAGTTAGTCCC-1","Stroma"
"CACGAGCAAACCAGAC-1","Exclude"
"CACGCACAGCGCAGCT-1","Stroma"
"CACGCAGCGAGGCTTT-1","Stroma"
"CACGCGGAACTGTTGC-1","Stroma"
"CACGTCGGCAACCTCT-1","Stroma"
"CACGTTCGTGCTCTAG-1","Benign"
"CACGTTTCGTACACAC-1","Benign"
"CACTAAAGTTGCCTAT-1","GG2"
"CACTACGGGAGCTGCC-1","Benign"
"CACTCAAGAGCTATGG-1","Stroma"
"CACTCCTATGTAAGAT-1","GG2"
"CACTCGAGCTGAACAA-1","Stroma"
"CACTCGGTTAGGAGGA-1","Stroma"
"CACTCTCAAGCATCGA-1","Exclude"
"CACTCTTCTGCTAGCC-1","Benign"
"CACTGACGATTGTGGA-1","Stroma"
"CACTGTCCAAGTGAGA-1","Stroma"
"CACTTAATCAGACGGA-1","GG2"
"CACTTCGCCACAGGCT-1","Exclude"
"CACTTCGTCTTATCTC-1","Stroma"
"CAGAACTTAGCCCTCT-1","Benign"
"CAGAATAACACACGGA-1","Benign"
"CAGAATATTCGTTATC-1","Exclude"
"CAGACACCGATCGCTG-1","Benign"
"CAGACCTGTAAGTGTT-1","Benign"
"CAGACGAACCTGATAC-1","Stroma"
"CAGAGACGGTCACCCA-1","Stroma"
"CAGAGCATGAGCTTGC-1","Stroma"
"CAGAGGCGATGCATGA-1","PIN"
"CAGATATGAAGATGAC-1","Benign"
"CAGATCCTGGTTTGAA-1","GG2"
"CAGATGTTTGTCCCAA-1","GG2"
"CAGCAGCCCGTTCCTT-1","GG2"
"CAGCAGTCCAGACTAT-1","Benign"
"CAGCAGTCTGTGCTGC-1","Benign"
"CAGCCTCCTGCAGAGG-1","Stroma"
"CAGCGATTCCCTTCAA-1","GG2"
"CAGCGCCAACACGATA-1","Fat"
"CAGCTCACTGAGACAT-1","GG2"
"CAGCTCGACAAGTTAA-1","Benign"
"CAGCTCTGGGCTCACT-1","Benign"
"CAGCTGGCGTAACCGT-1","Stroma"
"CAGCTTAGTAGGTAGC-1","Fat"
"CAGGATATATCGTTGT-1","GG2"
"CAGGCAGTCTTACCAG-1","Stroma"
"CAGGCCAGTACCACCT-1","Benign"
"CAGGCCGTTTGGGTGT-1","GG2"
"CAGGCGCACGGTGGTC-1","Stroma"
"CAGGCGCCATGCTAGG-1","Benign"
"CAGTAATCCCTCCCAG-1","Stroma"
"CAGTACCAGTTTACGT-1","Stroma"
"CAGTAGCCCACGCGGT-1","Stroma"
"CAGTCGGCCTAGATAT-1","Stroma"
"CAGTCTGTATACTGGG-1","Stroma"
"CAGTGAATAAATGACT-1","Stroma"
"CAGTGTCGGCTGGCCC-1","Benign"
"CAGTGTTAATCTCTCA-1","Exclude"
"CAGTTCAAATTGACAC-1","Stroma"
"CAGTTCCGCGGGTCGA-1","Stroma"
"CAGTTCGAGGACCCGA-1","Stroma"
"CATAACGGACAGTCGT-1","Benign"
"CATAAGAAGCTTGGCT-1","Benign"
"CATAAGCTCTCCGTCT-1","Stroma"
"CATACAAAGCCGAACC-1","Fat"
"CATACACAAAGTCAGC-1","GG2"
"CATACACGGTTCCCAC-1","Benign"
"CATACCCGTACCCAGT-1","Stroma"
"CATACGAACTAGCTGG-1","Benign"
"CATACGGCGTCTGGGC-1","Stroma"
"CATACTATGTAATTGT-1","GG2"
"CATACTTAGGCAATAC-1","Nerve"
"CATACTTCTTTCTCCG-1","Stroma"
"CATAGAGGAGATACTA-1","Benign"
"CATAGCGTTGCCCACC-1","GG2"
"CATAGTAGCATAGTAG-1","Stroma"
"CATAGTCAAATACATA-1","Benign"
"CATAGTCCACAAGAAC-1","Stroma"
"CATATAGGTACAGTCA-1","Stroma"
"CATATGTCAGGCTACG-1","Stroma"
"CATCATTACCCTGAGG-1","Benign"
"CATCCAATATAGTTTG-1","Stroma"
"CATCCGCAGGCCCGAA-1","Stroma"
"CATCCTCTCAAAGATC-1","Benign"
"CATCGCCCGCGGCCAA-1","Fat"
"CATCGGACGGGTTAAT-1","Benign"
"CATCGTCCGGTTACTA-1","Stroma"
"CATCTAGTGAAGGGAA-1","Benign"
"CATCTGCAGGATCATT-1","Fat"
"CATCTTACACCACCTC-1","Benign"
"CATGACTTCGCTGAAT-1","Benign"
"CATGAGATGCACTCTC-1","Benign"
"CATGAGTCCATCACGG-1",""
"CATGATACGGTGAAAC-1","Benign"
"CATGATGCACAATTCT-1","Stroma"
"CATGATGGAAGTTAGC-1","Benign"
"CATGCACATGAGAGGC-1","Benign"
"CATGCCAACTCGCAAA-1","Stroma"
"CATGCGTTGAGAGGAG-1","Benign"
"CATGGATTGTCTTCCG-1","Benign"
"CATGGCAGGAAGATCG-1","Fat"
"CATGGGTATGCCTTAT-1","Benign"
"CATGGGTCGGGTGTGG-1","Stroma"
"CATGGTAAGTAGCGTT-1","Exclude"
"CATGGTATTAGTTTGT-1","GG2"
"CATGGTCTAGATACCG-1","Stroma"
"CATGTAAGAGACATTT-1","Benign"
"CATGTCTCATTTATGG-1","Benign"
"CATTATCCCATTAACG-1","Stroma"
"CATTATGCTTGTTGTG-1","Stroma"
"CATTGCGAAATGGGCG-1","Stroma"
"CATTTAGCGGACCATG-1","Stroma"
"CATTTCTAGCAGACTA-1","Fat"
"CATTTGAGTGGTACGT-1","Benign"
"CCAAACAGAACCCTCG-1","Stroma"
"CCAAATAACAAGATTC-1","Stroma"
"CCAAATCAAAGGGCAA-1","Benign"
"CCAACCTTATGTAACT-1","Benign"
"CCAACGATGCACTGAT-1","Stroma"
"CCAACTTGATAGATCC-1","Exclude"
"CCAAGAAAGTGGGCGA-1","Benign"
"CCAAGCGTAACTCGTA-1","GG2"
"CCAAGGAACAGAGAGG-1","Fat"
"CCAATAGTGCCGTCGA-1","GG2"
"CCAATGTCACAGCAAG-1","GG2"
"CCAATTGAATGTTAAT-1","Stroma"
"CCACAATGTACGTCTT-1","GG2"
"CCACACTGAGATATTA-1","GG2"
"CCACAGTACCCATCCT-1","Benign"
"CCACATACTGCACCCA-1","Stroma"
"CCACATGGCTCTTTAT-1","Stroma"
"CCACCAACTTTACTGT-1","Stroma"
"CCACCCAAGGAAAGTG-1","GG2"
"CCACGAATTTAACCTC-1","Stroma"
"CCACGGAGCCATAAGA-1","Stroma"
"CCACGGCAGGTGTAGG-1","Stroma"
"CCACGGTGCCCGGTAG-1","Stroma"
"CCACTCAGATCCGCAA-1","Benign"
"CCACTGGTGGCTGGTT-1","Stroma"
"CCACTGTTTGGATTAA-1","Benign"
"CCAGAAAGCAACTCAT-1","GG2"
"CCAGAGACAAAGCCGG-1","Stroma"
"CCAGATAGTTGAGTGA-1","GG2"
"CCAGCCTGGACCAATA-1","GG2"
"CCAGCTCGAACGCATT-1","Benign"
"CCAGCTGATGGTACTT-1","Stroma"
"CCAGCTTCCGCCCGCA-1","Nerve"
"CCAGGCTGGCGTCTGA-1","Stroma"
"CCAGGGACGTGGCCTC-1","Stroma"
"CCAGTAGTCTGATCCA-1","Benign"
"CCAGTCAAATCTCTTA-1","Stroma"
"CCAGTCTAGACGGCGC-1","Stroma"
"CCAGTCTTGTCATAGA-1","Benign"
"CCAGTGTACAGACCGA-1","Benign"
"CCATAACCTGTGCAGT-1","GG2"
"CCATACTCGCCTCTCC-1","Fat"
"CCATAGAGGCTGCCAG-1","Stroma"
"CCATAGTCAGTAACCC-1","Stroma"
"CCATATGGAAACTATA-1","Benign"
"CCATCGCAGTTAAACT-1","Benign"
"CCATCTCACCAGTGAA-1","Benign"
"CCATGCCCTAGATTTC-1","Benign"
"CCATGCCTGTTTAGTA-1","GG2"
"CCATGCTCTGCAGGAA-1","Stroma"
"CCATGGCAAACGCTCA-1","Benign"
"CCATGGCCCTTGTACC-1","Stroma"
"CCATGTTCATCTATAT-1","Exclude"
"CCATTAGCGATAATCC-1","Stroma"
"CCATTCCCTGCCCACA-1","Stroma"
"CCATTTCTACCTATTA-1","Benign"
"CCCAAACATGCTGCTC-1","Benign"
"CCCAACATACGTCGCG-1","PIN"
"CCCAAGTCATTACACT-1","Benign"
"CCCAATGAGATTTGCA-1","GG2"
"CCCAATTTCACAACTT-1","GG2"
"CCCACTCCACGGTATC-1","GG2"
"CCCAGATTCCCGTGAC-1",""
"CCCAGGAAGAATTCGA-1","Benign"
"CCCAGGTCTGAAGGCT-1","Benign"
"CCCAGTAAACTTGGGA-1","GG2"
"CCCAGTTAAGGCGCCG-1","Stroma"
"CCCGAAGTTTCGCGAA-1","Stroma"
"CCCGACCATAGTCCGC-1","Stroma"
"CCCGAGTTTCTCCGTA-1","Benign"
"CCCGCAAATAATCATC-1","Benign"
"CCCGCAGCGCGAACTA-1","Benign"
"CCCGCCATGCTCCCGT-1","Stroma"
"CCCGCGCAATGCACCC-1","Stroma"
"CCCGGGTCGTTCAGGG-1","Stroma"
"CCCGGTGGAAGAACCT-1","Fat"
"CCCGGTGTATCGGAAT-1","GG2"
"CCCGTAAGTCTAGGCC-1","GG4"
"CCCGTAGCTGGGAAGA-1","GG2"
"CCCGTGAGGGCGGTGA-1","Stroma"
"CCCGTTTCGCAGATGT-1","Benign"
"CCCTACTTGAACAATG-1","Benign"
"CCCTAGCTCTAAGGTC-1",""
"CCCTAGGCAACAAGAG-1","Stroma"
"CCCTATGTAGAGCAGA-1","Benign"
"CCCTCAAGCTCTTAGT-1","Stroma"
"CCCTCAGATCGAGAAC-1","Benign"
"CCCTCATTCTGGAATT-1","Stroma"
"CCCTCCTCGCTCGTAT-1","Benign"
"CCCTCGATAATACACA-1","Benign"
"CCCTGAAATGAGTTGA-1","Stroma"
"CCCTGACTAACAAATT-1","Stroma"
"CCCTGCCCAATCCGCT-1","Stroma"
"CCCTGCGCTACGCATA-1","Stroma"
"CCCTGGCTGTTCCTTC-1","GG2"
"CCCTGGGAGGGATCCT-1",""
"CCCTTTGACAGGTCTT-1","Stroma"
"CCGAAAGTGGTGAGCA-1","Fat"
"CCGAACACTGGGCCTC-1","GG2"
"CCGAACCTTCCCGGCC-1","Benign"
"CCGAAGCATTGACCAA-1","Stroma"
"CCGAAGTATATTGTTC-1","Stroma"
"CCGACAAACACATGAG-1","Stroma"
"CCGACAAAGGGAGTGC-1","Stroma"
"CCGACAATAGGCCGCC-1","Benign"
"CCGACGGGCATGAGGT-1","GG2"
"CCGAGAAGTCGCATAA-1","Benign"
"CCGATCTCAACCTTAT-1","Exclude"
"CCGATTCGAGGGACCC-1","Stroma"
"CCGCACAAAGACCAAC-1","GG2"
"CCGCACACGAACGTGT-1","Benign"
"CCGCACGTGACCTCGG-1","Fat"
"CCGCATGTGGTACGAT-1","Stroma"
"CCGCCGGAACTTCTCG-1","Stroma"
"CCGCCGTTGAGGATAA-1","Stroma"
"CCGCCTTGCGATGTCG-1","Stroma"
"CCGCGATTTGGTAGGT-1","Stroma"
"CCGCGGAATGCGTCAC-1","Stroma"
"CCGCGGGTACGAAGAA-1","Fat"
"CCGCGTAGGTAAGGGC-1","Stroma"
"CCGCTATCAGCACCAG-1","Benign"
"CCGCTCCAGGGCGATC-1","Benign"
"CCGCTCTTCCGAACTA-1","Exclude"
"CCGCTTACCTCACTCT-1","Stroma"
"CCGGAAGTTATCAGTC-1","Exclude"
"CCGGAATGGTTTCAGT-1","Stroma"
"CCGGAGCGTACTTTCT-1","Benign"
"CCGGCACGACCGTTTC-1","Stroma"
"CCGGCCGCGAGCATAT-1","Stroma"
"CCGGCGTGAGACTCTG-1","GG4"
"CCGGGACCCGCAGAGA-1","Stroma"
"CCGGGCGGTCTCGTCA-1","GG2"
"CCGGGCTAAGAATTTC-1","Benign"
"CCGGGCTGCTCCATAC-1","Benign"
"CCGGGTTCGAGGTTAC-1","Stroma"
"CCGGTAATGGCTAGTC-1","Nerve"
"CCGGTTTGTAATTGTG-1","GG2"
"CCGTAAGTTGGTCCCA-1","GG2"
"CCGTAGGAAATCCCTG-1","Benign"
"CCGTAGGGTTGTTTAC-1","Benign"
"CCGTATCTCGTCGTAG-1","GG2"
"CCGTCAACCTCTGGCG-1","Benign"
"CCGTGCCCATGACGGC-1","Stroma"
"CCGTGTTAAATTCCAT-1","Stroma"
"CCGTTCCGAATCTCGG-1","Stroma"
"CCGTTTCCTTTCCGTG-1","Benign"
"CCTAAATTAACGGTTC-1","GG2"
"CCTAAATTGTATCCTA-1","Benign"
"CCTAACCCAAACAAGT-1","Benign"
"CCTACATTCACAGACG-1","GG2"
"CCTACTGCTTACACTT-1","Stroma"
"CCTAGGCGTAGCGATC-1","Benign"
"CCTAGGTAAAGGTAGC-1","GG2"
"CCTATAATGAGTGCCC-1","Benign"
"CCTATACCGTCCTGTC-1","GG2"
"CCTATATCGTGTCACG-1","Stroma"
"CCTATATTTGTCCTGG-1","Benign"
"CCTATCTATATCGGAA-1","Stroma"
"CCTATGAAGTGGTGCC-1","Stroma"
"CCTATGGCTCCTAGTG-1","Exclude"
"CCTATGGGTTACCGTC-1","GG2"
"CCTATGGTCAAAGCTG-1","Benign"
"CCTATGTCCACTCCAC-1","Benign"
"CCTCAACGATCGCTGT-1","Stroma"
"CCTCACCTTAGCATCG-1","Stroma"
"CCTCCGACAATTCAAG-1","Stroma"
"CCTCCTAGCTAGAGTC-1","Benign"
"CCTCCTGAGCCCACAT-1","Stroma"
"CCTCCTGTTGTGTCGT-1","Exclude"
"CCTCGCGCTGTGCGAT-1","Benign"
"CCTCGGACCGGGATAG-1","Benign"
"CCTCGGATGCTACCTG-1","Fat"
"CCTCGGTTTCCTTGCC-1","Benign"
"CCTCTAATCTGCCAAG-1","Stroma"
"CCTCTACAAGGATTGG-1","Benign"
"CCTCTATCGATTAGCA-1","GG2"
"CCTCTCTCCCATCTAG-1","Stroma"
"CCTCTGTACTATTCTA-1","Benign"
"CCTGAACGATATATTC-1","Benign"
"CCTGAATATTTACATA-1","Stroma"
"CCTGACAAACTCGCGC-1","Stroma"
"CCTGACCACCGATGGT-1","Benign"
"CCTGAGAATAAATGCA-1",""
"CCTGCCCGTTGTCTAG-1","Stroma"
"CCTGCGTTCTACGCTT-1","Stroma"
"CCTGCTATTTGAGAAG-1","Stroma"
"CCTGGAAACGTTCTGC-1","Stroma"
"CCTGGCTAGACCCGCC-1","Stroma"
"CCTGGTCGAATGTGGG-1","Stroma"
"CCTGTAAGACATGATA-1","GG2"
"CCTGTACTCACGCCCA-1","Stroma"
"CCTGTCACCCGGGCTC-1","GG2"
"CCTGTCCCTCACGTTA-1","Nerve"
"CCTGTCGCCCGTAAAT-1","Stroma"
"CCTGTTCAACCTCGGG-1","Exclude"
"CCTGTTTGAAGACACG-1","Benign"
"CCTTCAGTTAAAGTGA-1","Benign"
"CCTTCGTATAGAATCC-1","Stroma"
"CCTTCTCAGCGTTCCT-1","Stroma"
"CCTTCTTGATCCAGTG-1","Stroma"
"CCTTGACCACTTTATT-1","Benign"
"CCTTGTGAACGTGGTT-1",""
"CCTTTAAGGGAGCACT-1","Benign"
"CCTTTGAATTATGGCT-1","GG2"
"CGAAACGCAATTCATG-1","Stroma"
"CGAACAGTATGGGCGT-1","Benign"
"CGAACCCGCATGCGTC-1","Stroma"
"CGAACCTCTTTCCTAG-1","Benign"
"CGAACGGCCGGACAAC-1","GG4"
"CGAAGATCAGTTTCAT-1","Benign"
"CGAAGGGTTTCAGATT-1","Benign"
"CGAAGTTGCTCTGTGT-1","Stroma"
"CGAATCTGCTCGACGC-1","Exclude"
"CGAATGAAGTCATTGC-1","Benign"
"CGAATGACGCATAATG-1","Benign"
"CGAATGGTAGGTCGTC-1",""
"CGACAATTTGATCTAA-1","Benign"
"CGACACGCTCCGACAG-1","Exclude"
"CGACAGTTCGCGTTAT-1","GG2"
"CGACCCTTAACGCCGG-1","GG4"
"CGACCGTTGGTATTCG-1","Stroma"
"CGACCTACTAGACAAT-1","Stroma"
"CGACGCATCCGTACCT-1","GG4"
"CGACTCAGGATGTTAT-1","Stroma"
"CGACTTTGTATAGCCT-1","Stroma"
"CGAGACCCTAGAGTGT-1","GG2"
"CGAGAGATGTGAACCT-1","GG2"
"CGAGAGCGCGTAGATA-1","Stroma"
"CGAGAGCTTTCACTAC-1","Benign"
"CGAGAGGGTAGCCGCG-1","Benign"
"CGAGATTTCGCTCGGG-1","Stroma"
"CGAGCACTTCAAGTTT-1","Fat"
"CGAGCGTTGATCAGCC-1","Stroma"
"CGAGGCCAGGCATTGG-1","Stroma"
"CGAGGCTAAATATGGC-1","GG2"
"CGAGGGACTGCGGTCG-1","GG2"
"CGAGGGTATCCAGGTG-1","Benign"
"CGAGTACTAAAGAGGA-1","Stroma"
"CGAGTGAAGGTACCAG-1","GG2"
"CGAGTTCTGTCCCACC-1","Stroma"
"CGAGTTTATCGGACTG-1","Benign"
"CGATAATACTCAGGTT-1","Stroma"
"CGATACCTCGCGGACA-1","GG2"
"CGATAGCGATACAGTG-1","Stroma"
"CGATAGTCGTACTGCA-1","Stroma"
"CGATCCACCATTGTTG-1","Stroma"
"CGATCCGACCCAGTGC-1","GG2"
"CGATCCTCGCAACATA-1","Stroma"
"CGATCGAGAAGCACCA-1","Benign"
"CGATCTGTTGGAGGAC-1","Stroma"
"CGATGTTGTTATCTAC-1","Benign"
"CGATTAAATATCTCCT-1","Stroma"
"CGATTCGCCTGGCTGC-1","Benign"
"CGATTTGTCATTAATG-1","Benign"
"CGCAAACACGAGTTAC-1","Fat"
"CGCAATTACTTTCGGT-1","Stroma"
"CGCAATTAGGGTAATA-1","Stroma"
"CGCAATTCTACAATAA-1","Stroma"
"CGCACATGTCCACTAC-1","Benign"
"CGCACGTCTGTTTATG-1","Benign"
"CGCACGTGCGCTATCA-1","Benign"
"CGCAGGCGATCCAAAC-1","Benign"
"CGCATGCCGAATGCGT-1","Stroma"
"CGCATGGTGCGATGCT-1","Benign"
"CGCATTAGCTAATAGG-1","Stroma"
"CGCCAAGAAGCCGAGT-1","Stroma"
"CGCCACAGGTCGCGAT-1","GG4"
"CGCCATCCGATTATGA-1","Stroma"
"CGCCCAGCACGCCTAG-1","Benign"
"CGCCCAGCGTTTCACG-1","Benign"
"CGCCCTAATTGTTCAA-1","Stroma"
"CGCCCTTGAAGGCTGA-1","Stroma"
"CGCCGACTATTCGCTA-1","Fat"
"CGCCGCCCATGCCTGT-1","Benign"
"CGCCGCGTTCTGAACG-1","Benign"
"CGCCGTCTACCCATCG-1","Benign"
"CGCCGTTCAGCATAGT-1","Benign"
"CGCCTCCCTCCTCTAT-1","Benign"
"CGCCTGGCCTACGTAA-1","GG4"
"CGCCTTTAGCATGCTC-1","Exclude"
"CGCGAAGTGGCATACT-1","Benign"
"CGCGACACTGCGCAGC-1","Stroma"
"CGCGACCGCGACAGAT-1","Benign"
"CGCGAGTCTGCCGGGT-1","GG2"
"CGCGCAAATGTCCAGA-1","Benign"
"CGCGCATGTTTGATTG-1","GG2"
"CGCGCCCGACTTAATA-1","Stroma"
"CGCGGCTCAACTTGAA-1","Benign"
"CGCGGGAATTAGGCAG-1","GG2"
"CGCGGGAATTCCTTTC-1","Benign"
"CGCGTTCATGAAATAC-1","Stroma"
"CGCTACGGGACATTTA-1","GG2"
"CGCTAGAGACCGCTGC-1","Benign"
"CGCTATTCAATGTATG-1","Fat"
"CGCTATTCTTAGGCTC-1","Exclude"
"CGCTCGACATAATGAT-1","Stroma"
"CGCTCTCCGTAGATTA-1","Stroma"
"CGCTGGTGACTACCCT-1","Benign"
"CGCTGTGTGGATGTTG-1","GG2"
"CGCTTAGTATTGATAC-1","Stroma"
"CGCTTATTCCCGGTCG-1","Stroma"
"CGCTTCCACTGAAATC-1","Stroma"
"CGCTTTCATACCGGTG-1","Fat"
"CGCTTTCCGCCAAGGT-1","Benign"
"CGCTTTCTTGCATTCG-1","Stroma"
"CGGAAAGAATCAAACG-1","Benign"
"CGGAAAGCAAATGTGC-1","Stroma"
"CGGAACGTAAACATAG-1","PIN"
"CGGACCTCTGTAGTTA-1","Stroma"
"CGGACCTTTACGTCCC-1","Benign"
"CGGACGTTACTTGAAG-1","Stroma"
"CGGAGCAATTTAATCG-1","Benign"
"CGGAGCATGGCGATCC-1","GG2"
"CGGAGTTTGAGAGACA-1","Stroma"
"CGGATAAGCGGACATG-1","Stroma"
"CGGATCCTCAAGGACT-1","Benign"
"CGGATGAATGCTGTGA-1","Benign"
"CGGATTCTGCCTTATG-1",""
"CGGCAAACATCGTGCG-1","Benign"
"CGGCAATAAGATCGCC-1","Benign"
"CGGCACTCAAGAAAGT-1","Stroma"
"CGGCAGGGTCGGGTTG-1","Exclude"
"CGGCCACGCACAAAGT-1","GG2"
"CGGCCAGAGCGACCAT-1","Stroma"
"CGGCCCAGGTATATCC-1","Benign"
"CGGCGCCATCAATCCC-1","Benign"
"CGGCTCTAAAGCTGCA-1","Benign"
"CGGGAATATAGTATAC-1","Exclude"
"CGGGAATTTATGTAAA-1","Benign"
"CGGGAGCTTCAGTGTA-1","Benign"
"CGGGAGTATACCGCCG-1","Stroma"
"CGGGCAGCTAAACCGC-1","GG2"
"CGGGCCTTCTTTGTAA-1","Exclude"
"CGGGCGATGGATCACG-1","Benign"
"CGGGTGTACCCATTTA-1","Benign"
"CGGGTTTGTTAGGGCT-1","Benign"
"CGGTACGGCAAACCCA-1","GG2"
"CGGTACTAGAATCAAA-1","Stroma"
"CGGTATGGGCACTCTG-1","Benign"
"CGGTCAAGTGGGAACC-1","GG2"
"CGGTCCGTCGCAAGCC-1","Benign"
"CGGTGAAGACTAAAGT-1","Stroma"
"CGGTGCAGATAGAACG-1","PIN"
"CGGTGCGCGTTGGTCC-1","Stroma"
"CGGTGTACTTGATCCC-1","Fat"
"CGGTTATCCAACAGTG-1","Benign"
"CGGTTGACCTGGCATA-1","Stroma"
"CGGTTGAGTATCCTTC-1","Benign"
"CGGTTGGGCAGGGTCC-1","Benign"
"CGTAAACGCTTGAGTG-1","Stroma"
"CGTAAAGCAAGAAATC-1","Stroma"
"CGTAAATAACAAAGGG-1","Benign"
"CGTAACTTCGACACTT-1","Stroma"
"CGTACCTGATAGGCCT-1","Stroma"
"CGTAGAGAGTAATTAT-1","Stroma"
"CGTATTAAGAGATCTA-1","GG2"
"CGTCAAGGCTATAAAT-1","Nerve"
"CGTCACGTCCATTGGT-1","Stroma"
"CGTCAGCTATTTACTC-1","Stroma"
"CGTCATACCATATCCA-1","Stroma"
"CGTCGCATGTGAGCCA-1","Benign"
"CGTCGCTTGGTTATAC-1","Exclude"
"CGTCGGATAGTGTTGA-1","Stroma"
"CGTCGGGTCTAAGCGC-1","Benign"
"CGTCGTCCTTCGCGAA-1","Benign"
"CGTCTTGAGTGTGACG-1","Stroma"
"CGTGAAGTTAATTCAC-1","Stroma"
"CGTGACCAGTCCTCTG-1","Benign"
"CGTGCACACCACTGTA-1","Benign"
"CGTGCAGACTGGGACA-1","GG2"
"CGTGCATTGTCGACGC-1","GG4"
"CGTGCCCTCCCGAAGA-1","Benign"
"CGTGCTTCTACCTAAA-1","Exclude"
"CGTGGAAGCCTCGTAC-1","Benign"
"CGTGGCCGAATATCTA-1","Benign"
"CGTGGTACCCAAAGGC-1","Benign"
"CGTGTCCCATTCGCGA-1","Stroma"
"CGTGTCTCGTTACGAC-1","GG2"
"CGTTAAACTAGTTAGG-1","Exclude"
"CGTTAATGTCCCGACG-1","Stroma"
"CGTTATCATACTTCCA-1","Stroma"
"CGTTCAAGGAAACGGA-1","Benign"
"CGTTCAGACCCGCGAA-1","Benign"
"CGTTCATGGTGCGCGT-1","Stroma"
"CGTTGAATACCGCGCT-1","Stroma"
"CGTTGAGCGACCGTCG-1","Exclude"
"CGTTGCCCGCGTGGGA-1","Benign"
"CGTTGTAAACGTCAGG-1","Stroma"
"CGTTGTCGGCAATTGA-1","Benign"
"CGTTGTTTCAATTCCC-1","Stroma"
"CGTTTCGCTCATTACA-1","GG2"
"CGTTTGTGTAGAGGGT-1","GG2"
"CTAAAGAATGCCTACT-1","GG2"
"CTAAAGGATGAGATAC-1",""
"CTAAAGGGAAATAGGA-1","GG2"
"CTAAATCCGGTGTACA-1","GG2"
"CTAAATCCTATTCCGG-1","Stroma"
"CTAACAGCACAATAAC-1","Stroma"
"CTAACCGCGCGCCCGT-1","GG2"
"CTAACGAAACTTGCTG-1","Benign"
"CTAACTGATAATCGCC-1","Benign"
"CTAACTGGTCCGGTTC-1","Stroma"
"CTAAGGGAATGATTGG-1","Exclude"
"CTAATTCGCACGCGCT-1","Fat"
"CTAATTTCAACAACAC-1","Stroma"
"CTACAAGAAATAACCC-1","GG2"
"CTACACTCGCAGATGG-1","Benign"
"CTACATATCGCGGGAC-1","Stroma"
"CTACCCTAAGGTCATA-1","Benign"
"CTACGACTAGCTATAA-1","Stroma"
"CTACGATCCTATCCTA-1","Benign"
"CTACGCACGGAGTACC-1","GG2"
"CTACTATCATAGGTTT-1","GG2"
"CTACTATCTTTCAGAG-1","Benign"
"CTACTCAAGGTATAGT-1","GG2"
"CTACTCTAGGCCCGGC-1","Stroma"
"CTACTGCCACCTGACC-1","Stroma"
"CTAGATGTGAGTGTAA-1","Benign"
"CTAGATTTACGACGGC-1","Benign"
"CTAGCATAGTATAATG-1","GG2"
"CTAGCCCGGGAGACGA-1","Stroma"
"CTAGCTTAATGGTCCC-1","Benign"
"CTAGGCGCCCTATCAG-1","Benign"
"CTAGGGATAGGGACAA-1","Stroma"
"CTAGGTCTGAAGGAAT-1","Benign"
"CTAGGTTCGGACGTGA-1","Benign"
"CTAGTAGAAAGGGATT-1","Benign"
"CTAGTCACGTCTTAAG-1","GG2"
"CTAGTGAAGGACAGGA-1","Stroma"
"CTAGTTACAACCCGGT-1","Benign"
"CTAGTTGGGCCCGGTA-1","Stroma"
"CTATACTTAAAGCGAG-1","Stroma"
"CTATAGGCGTTGATGT-1","Stroma"
"CTATATCCAGCCTGGC-1","Stroma"
"CTATCACAACGCTGGA-1","Benign"
"CTATCGACGAAATACA-1","Benign"
"CTATCGCGTAGAGAAC-1","Stroma"
"CTATCGGGTCTCAACA-1","GG2"
"CTATGAACACCTTGCC-1","Benign"
"CTATGCCCGAATGCAA-1","Benign"
"CTATGGGAAGCGGAAT-1","Benign"
"CTATGTCACTAGCCCA-1","GG2"
"CTATGTGAGTCACGGC-1","Stroma"
"CTATTCATGTGTCCCA-1","Benign"
"CTATTTGCTTGGAGGA-1","Benign"
"CTATTTGGTTACGGAT-1","Stroma"
"CTCAAACCACTGCCCG-1","Benign"
"CTCAACTAACCCGGAT-1","Benign"
"CTCACATTTACTAAAT-1","Benign"
"CTCACTGTGATACTTA-1","Benign"
"CTCACTTGGCTGGTAA-1","GG4"
"CTCAGAGCTAATGTCG-1","Benign"
"CTCAGATTGTGATAAG-1","Stroma"
"CTCATGGTAATTTGCG-1","GG2"
"CTCATTGCTCTAACAA-1","Benign"
"CTCCCAATGAGTCGCG-1","Stroma"
"CTCCCTCCTTTCGATC-1","GG2"
"CTCCGCCCACATGAGG-1","Stroma"
"CTCCGGCTTGTAGACA-1","Stroma"
"CTCCTCCAGCTCACAC-1","Benign"
"CTCCTGTTCAAGGCAG-1","Benign"
"CTCGAGACATACGATA-1","GG2"
"CTCGAGGCAAGTTTCA-1",""
"CTCGAGGTCGAACAGT-1","Stroma"
"CTCGCACCTATATAGT-1","Stroma"
"CTCGCATTGCATAGCC-1","Exclude"
"CTCGCCGAATGTAGGG-1","Benign"
"CTCGGGTTCTCTGGCC-1","Exclude"
"CTCGGTACCACTGCTC-1","Stroma"
"CTCGGTCCGTAGCCTG-1","Stroma"
"CTCGGTTGTCGGCCCT-1","Benign"
"CTCGTCGAGGGCTCAT-1","Stroma"
"CTCGTCTGTGCCTTCG-1","Benign"
"CTCGTGGCACTGAAAG-1","Benign"
"CTCGTTACGGCTACCA-1","Benign"
"CTCTACACTGGCGATT-1","Stroma"
"CTCTACATCCTGCGTG-1","Benign"
"CTCTAGCCCTCGGAAA-1","Stroma"
"CTCTATTTGGCTGCAG-1","Benign"
"CTCTCACAATCGATGA-1","GG2"
"CTCTCTAACTGCCTAG-1","Benign"
"CTCTGCAGGCATTCTT-1","Benign"
"CTCTGGACGCCTGGTG-1","Stroma"
"CTCTTCTATTGACTGG-1","Stroma"
"CTCTTCTGGAAGTTAG-1","GG2"
"CTCTTGTCCCGCTTGG-1","Benign"
"CTGAATCCGAGACCTC-1","Stroma"
"CTGACATAGAAATAGA-1","Stroma"
"CTGACTGCGCAGCTCG-1","Benign"
"CTGAGAAAGTTCGGCG-1","Stroma"
"CTGAGCAAGTAACAAG-1","Stroma"
"CTGATAGTGTATCTCA-1","Stroma"
"CTGATCCCTTTATGCA-1","Benign"
"CTGCACAACTACATAT-1","Benign"
"CTGCACCTGGAACCGC-1","Stroma"
"CTGCACTCCAGTACAG-1","Benign"
"CTGCAGAGAATCAGAG-1","Benign"
"CTGCCAAGGTTGGAAG-1","Stroma"
"CTGCCATGCATCACAT-1","Stroma"
"CTGCCCACGAAGCGTT-1","Fat"
"CTGCCTTTAATACCTT-1","Exclude"
"CTGCCTTTCTAGTAAA-1","Benign"
"CTGCGACCTCGCCGAA-1","Benign"
"CTGCGATTTCGAGATT-1","Stroma"
"CTGCGGGTGAAATGTT-1","Stroma"
"CTGCTCTGACGGCAAA-1","Benign"
"CTGCTGAGGCCACGAA-1","Stroma"
"CTGCTGTCTAACGAGC-1","Benign"
"CTGCTTGGCGATAGCT-1","Benign"
"CTGGAAATGGATGCTT-1","Stroma"
"CTGGAAGACACGGTGG-1","Benign"
"CTGGACGCAGTCCGGC-1","GG2"
"CTGGATTTACACTTGA-1","Stroma"
"CTGGCATCCGAATGAG-1","Stroma"
"CTGGCGCACAGGTCTG-1","Stroma"
"CTGGCGGGAATAAGTA-1","Stroma"
"CTGGCTGATTCATCCT-1","Exclude"
"CTGGCTGGTTGTCAGT-1","Benign"
"CTGGGATAAATAATGG-1","Benign"
"CTGGGATACGCTACCC-1","Stroma"
"CTGGGCCTGCTATATC-1","Stroma"
"CTGGGTAGGCAGTTAA-1","Stroma"
"CTGGGTTGAGTTAAAG-1","GG2"
"CTGGTAACACATAGAA-1","Exclude"
"CTGGTAACGAGCTCTT-1","Stroma"
"CTGGTCATTCCAATCC-1","Stroma"
"CTGGTGAATGGGCCTA-1","Stroma"
"CTGGTTCGCGAGCTAC-1","Benign"
"CTGGTTTCGAGCAAGA-1","Stroma"
"CTGTACTTCTTAGCAT-1","GG2"
"CTGTAGCCATCTCACT-1","GG2"
"CTGTAGTGAGGATCGA-1","Stroma"
"CTGTATGGTGTAGAAA-1","Fat"
"CTGTCAAATGGCTCGG-1","Stroma"
"CTGTGCAGGGTAGGTC-1","GG2"
"CTGTGGTCGGGAGATA-1","Benign"
"CTGTTACCCAATCTAG-1","Benign"
"CTGTTCATCTCACGGG-1","Stroma"
"CTGTTGGCTCTTCTGA-1","Stroma"
"CTGTTGTTCAGTCGTA-1","Stroma"
"CTTAAATAAGACCCAT-1","Stroma"
"CTTAAGCAGCGAGCCG-1","GG2"
"CTTAATCGACTTAGTA-1","Benign"
"CTTACACGGTATTCCA-1","GG2"
"CTTACACTGGGAAATA-1","Stroma"
"CTTACATAGATTTCTT-1","Benign"
"CTTAGATGTTTCATCC-1","Benign"
"CTTAGCCCGGATAGTG-1","Nerve"
"CTTAGCCTTCCACATG-1","Stroma"
"CTTAGGTATAGACCAG-1","Stroma"
"CTTAGTAGGCCTACAG-1","Benign"
"CTTAGTGTAGTAGCAT-1","Benign"
"CTTAGTTGAGGAATCG-1","Benign"
"CTTATGCGCTCAGGGC-1","Stroma"
"CTTATGTTGACTACCA-1","Stroma"
"CTTCAACTCCACTTGG-1","Benign"
"CTTCACGCCCTGGTAC-1","Benign"
"CTTCAGTGGTCGCCTA-1","GG2"
"CTTCATTGTCAGTGGA-1","GG2"
"CTTCCGCTCCGTGAAG-1","Stroma"
"CTTCGATTGCGCAAGC-1","Benign"
"CTTCGGCCAATTGTTT-1","Exclude"
"CTTCGTAGATAGGTGA-1","GG2"
"CTTCTATGTTGAAGTA-1","Exclude"
"CTTCTATTAATGCTAG-1","Stroma"
"CTTCTGGGCGTACCTA-1","Benign"
"CTTGAGGTTATCCCGA-1","Stroma"
"CTTGAGTTAGGGTAAT-1","Benign"
"CTTGCAACCGCCTCCT-1","Stroma"
"CTTGCCCAGGCTCTAC-1","Stroma"
"CTTGGCCAAGCTGGGA-1","Benign"
"CTTGTCAACATTCGAG-1","Benign"
"CTTGTTGCTGAGTCAA-1","Stroma"
"CTTTAACTTTCAAAGG-1","Stroma"
"CTTTAATATTGGTCGA-1","Benign"
"CTTTACCGAATAGTAG-1","Benign"
"CTTTAGGAACACTGTT-1","Exclude"
"CTTTAGTGCTATTATT-1","Stroma"
"CTTTATCCGACGCATG-1","Benign"
"CTTTCTGTGCGGGCTT-1","Benign"
"CTTTGACGTCGCTTCT-1","Stroma"
"CTTTGCATCGCTCTTG-1","Benign"
"CTTTGCTGTCATGGAT-1","Exclude"
"CTTTGGCGCTTTATAC-1","Stroma"
"CTTTGGCTTTAGTAAA-1","Stroma"
"CTTTGGGATTGTTGCA-1","GG2"
"CTTTGTCGAATGCTCC-1","GG2"
"GAAACAGATGACCACC-1","Stroma"
"GAAACATAGGAAACAG-1","Stroma"
"GAAACCGAATTACCTT-1","Stroma"
"GAAACCTATACAAATG-1","Benign"
"GAAACTCGTGCGATGC-1","Stroma"
"GAAAGAACAGCGTTAT-1","Benign"
"GAAAGCAGTGCACTTT-1","Benign"
"GAAAGCCCTTTGGACC-1","Stroma"
"GAAAGTGACTAACTGC-1","Stroma"
"GAAATACTAAACGTTT-1","Stroma"
"GAAATATCACCATCAG-1","Stroma"
"GAAATCTGACCAAGTT-1","Stroma"
"GAAATGGCGGTGTTAG-1","GG2"
"GAAATTCACATCGCTG-1","Fat"
"GAAATTGTCTCTATAA-1","Stroma"
"GAACAACTGGGATGAA-1","Benign"
"GAACAGATTACTAAAT-1","Stroma"
"GAACCCTCTGTGTTCT-1","Stroma"
"GAACCTCGACCTACAC-1","Stroma"
"GAACCTTTAACGATCC-1","Benign"
"GAACGCGGGTCACACG-1","Benign"
"GAACGTCTCATGGTCG-1","Stroma"
"GAACGTTAGGAAGACG-1","Stroma"
"GAACTGTGGAGAGACA-1","Benign"
"GAAGAAACGATATTGT-1","Benign"
"GAAGCCACTGATTATG-1","Benign"
"GAAGCCTGCACATTCC-1","Benign"
"GAAGCGTGAGGAATTT-1","GG2"
"GAAGCTCGGACCCGTC-1","GG2"
"GAAGCTTGCTGACCGC-1","Fat"
"GAAGGAGTCGAGTGCG-1","Benign"
"GAAGGGTCATTAAGAC-1","Benign"
"GAAGTCAGTTGCACTA-1","Benign"
"GAAGTCTCCCTAGCGA-1","Stroma"
"GAAGTGATTTATCGTG-1","GG2"
"GAAGTTTCCACTCAAT-1","GG2"
"GAATAGACGCGACCCA-1","Benign"
"GAATAGCATTTAGGGT-1","Benign"
"GAATAGTGCTCGATTA-1","Stroma"
"GAATCTGAACATTCTC-1","Exclude"
"GAATGCCGAAATGACC-1","Stroma"
"GAATGCGAATCGGTTC-1","Exclude"
"GAATGGGCTTATCGAC-1","Stroma"
"GAATGTGGTCCGGATT-1","Benign"
"GAATGTTGGGTAATCT-1","Stroma"
"GAATTATAGTGAAAGG-1","GG2"
"GAATTCACCCGGGTGT-1","Stroma"
"GAATTTCTCGCTGCAG-1","Stroma"
"GACAAACATATGCAGG-1","Benign"
"GACAACGACCATTGAA-1","Stroma"
"GACAAGAGATGAGATT-1","Stroma"
"GACACAAGGGAAGAAA-1","GG2"
"GACACCCAAAGACGCG-1","Stroma"
"GACACGAGTTAGAGGA-1","Stroma"
"GACACTGAGTTCAGTG-1","PIN"
"GACACTGGAACCCGAT-1","Benign"
"GACAGAGGTCTTCAGT-1","Benign"
"GACAGATTTCTGGCTC-1","GG2"
"GACAGCCAGACCTGAC-1","Exclude"
"GACAGGCACACACTAT-1","Stroma"
"GACATACTGTCGCAGA-1","Stroma"
"GACATCCGTCGAACTG-1","Benign"
"GACATCGATTTATAAC-1","Benign"
"GACCAAACGTTGACTG-1","Benign"
"GACCACACTTCCCTTT-1",""
"GACCAGAGCCCTGTAG-1","GG2"
"GACCCAATTATGATAC-1","GG2"
"GACCGACGTGAAAGCA-1","Stroma"
"GACCGACTGAAGCGTC-1","Stroma"
"GACCGATTAAATATGT-1","Benign"
"GACCGCGTCTGACGTG-1","Exclude"
"GACCGTGCTGACGGTG-1","GG2"
"GACCGTTACATGCGAC-1","Stroma"
"GACCTTCCACGTCTAC-1","Benign"
"GACGACGATCCGCGTT-1","Benign"
"GACGAGGCTAATAAAC-1","Benign"
"GACGATATCACTGGGT-1","Benign"
"GACGCATACCCGTCGG-1","Stroma"
"GACGCCGTAAAGGCTA-1","Benign"
"GACGCTTGCTTCTAAA-1","GG2"
"GACGGGTTGGCCCGTA-1","Benign"
"GACGGTCAATAGAAGC-1","Exclude"
"GACGGTCCTAGGGTGT-1","Benign"
"GACGTGTAGGGATTAT-1","Stroma"
"GACGTTGCTCGGCGGC-1","Stroma"
"GACTAAGTAGGCTCAC-1","Stroma"
"GACTACAAAGCGGTGG-1","Stroma"
"GACTAGGCCGTTAGGT-1","Benign"
"GACTCACCCACGTGAG-1","Benign"
"GACTCCTTCCAATTGA-1","Stroma"
"GACTCGCGGGAATGAC-1","Stroma"
"GACTCTAGAGTTCCAA-1","Benign"
"GACTGCAAATCGAGCT-1","Benign"
"GACTGCACCAGCCCAG-1","Benign"
"GACTGCGGCACGTGTA-1","Stroma"
"GACTGCTGGTGAGAAA-1","Stroma"
"GACTTTCGAGCGGTTC-1",""
"GAGAATCTCACGATCA-1","Fat"
"GAGACTGATGGGTAGA-1","Stroma"
"GAGACTTCGCGACCGA-1","Stroma"
"GAGAGGGCGCGAGGTT-1","GG2"
"GAGAGGTGCATTCTGG-1","Stroma"
"GAGAGTCTCGGGAGAG-1",""
"GAGATCTGCTTGGCAT-1","GG2"
"GAGATCTGTCACTCCG-1","GG2"
"GAGATCTTCCATGACA-1","Benign"
"GAGATGGCTTTAATCA-1","Benign"
"GAGATGGGAGTCGACA-1","Benign"
"GAGCACCTGTGTCCAG-1","Stroma"
"GAGCACGGCGCCTCTT-1","Benign"
"GAGCATCAACAACTTG-1","Exclude"
"GAGCCAGCTACCTGTG-1","Benign"
"GAGCGCAAATACTCCG-1","Exclude"
"GAGCGCGCACGAGTAG-1","Exclude"
"GAGCGCTGTTAGGTAA-1","Exclude"
"GAGCGGAATGCGGTGT-1","Stroma"
"GAGCTAAGGGCATATC-1","GG2"
"GAGCTCAACATGAGCG-1","Benign"
"GAGCTCTCGGACCTAA-1","Fat"
"GAGGAATATCTCTTTG-1",""
"GAGGAATGGAGAGGTT-1","Stroma"
"GAGGATAAACAGTGCT-1","Stroma"
"GAGGCCCGACTCCGCA-1","Stroma"
"GAGGCCTGTTGATACA-1","Benign"
"GAGGCTATCAAAGTCG-1","Stroma"
"GAGGGAGTCAGATCGC-1","Benign"
"GAGGGCGCAGCTCTGC-1","Stroma"
"GAGGGTAGTAACAAAG-1","Stroma"
"GAGGTACGCGTGTCCC-1","Benign"
"GAGGTCCCAAAGATCT-1","Fat"
"GAGGTCCGTTCGCTGT-1","Stroma"
"GAGTAAACCGGAAAGT-1","Stroma"
"GAGTAAGGCCACGGGA-1","GG4"
"GAGTAGATACTAGTTG-1","Benign"
"GAGTATACCCTAATCA-1","Benign"
"GAGTATGCCCGCCTTG-1","Stroma"
"GAGTATGCGCGTGCAT-1","Exclude"
"GAGTCAGACCAGAATC-1","Stroma"
"GAGTCCGCTTACCGGA-1","Stroma"
"GAGTCTTGTAAAGGAC-1","Stroma"
"GAGTGTCAACCAGAAA-1","Benign"
"GAGTGTGCGGTACCCA-1","Exclude"
"GAGTTCTGTGGGTGCT-1","Stroma"
"GAGTTGATGGCAATTT-1","GG2"
"GATAACTCGCACTGTG-1","Stroma"
"GATACCGTGTCGGAGT-1","Stroma"
"GATACGATGGGAGTCA-1","PIN"
"GATAGAACCCGCTAGG-1","Exclude"
"GATAGGATTAATTACA-1",""
"GATAGGTAACGTTGAC-1","Benign"
"GATAGGTGTCCCGGGC-1","Benign"
"GATAGTGCGAGTAAGT-1","Benign"
"GATATCAAGCAGGAGC-1","Stroma"
"GATATGAGACACTAAC-1","Stroma"
"GATATGGATTACGCGG-1","Stroma"
"GATATTGAGATTGGCG-1","Exclude"
"GATCAACATAAAGGGA-1","GG2"
"GATCATTCCAAACATT-1","GG2"
"GATCCCTTTATACTGC-1","Stroma"
"GATCCGGGAATTAACA-1","GG2"
"GATCCTAAATCGGGAC-1","Benign"
"GATCCTCGACACTGGC-1","Stroma"
"GATCGACACTATCTGA-1","Stroma"
"GATCGCGGGCTCTCCA-1","GG2"
"GATCGCTACCCGATTT-1","Benign"
"GATCGCTATATCTCAG-1","Exclude"
"GATCGCTGTGGTGCGT-1","Benign"
"GATCGGATAGAACCAT-1","Stroma"
"GATCGGCGATAAGTCG-1","Stroma"
"GATCGGTGGCCATAAC-1","GG2"
"GATCGTGACTGATATC-1","Stroma"
"GATCTAACCGTATTCA-1","GG2"
"GATCTCGACGCTGTGG-1","Benign"
"GATCTGCTATCTAAGG-1","Benign"
"GATCTTCATTGTCCTC-1","Stroma"
"GATCTTGGAGGGCATA-1","Benign"
"GATCTTTGCAGGGTAT-1","GG2"
"GATGACAAGTAGGGCA-1","Benign"
"GATGAGGAACCTTCGG-1","Stroma"
"GATGCCAGCAGAAGGC-1","Stroma"
"GATGCCTTCTGCGGCA-1","Benign"
"GATGCGAATGGTATTA-1","Nerve"
"GATGCGTCCTGCATTC-1","GG2"
"GATGCTACAAGCGCCT-1","Stroma"
"GATGCTACCTTCGATG-1","Benign"
"GATGCTGTATTTCATC-1","Benign"
"GATGGCGCACACATTA-1","Fat"
"GATGTAACGAACCACC-1","GG2"
"GATGTTCAATCCACGA-1","GG2"
"GATTAACCGAAAGCCC-1","Benign"
"GATTACTGAATTTGGG-1","GG2"
"GATTAGAAACAAGCGT-1",""
"GATTCCCTTGTCGCAG-1","Stroma"
"GATTCCTATACGGCGC-1","Fat"
"GATTCGACGGTTCACG-1","GG2"
"GATTCTGTTAATGAGT-1","Benign"
"GATTGCTCCAGTTGCA-1","Exclude"
"GATTGGGAAAGGTTGT-1","Benign"
"GATTTGCGCTAACACC-1","Stroma"
"GCAAACCCTACATTAT-1","Benign"
"GCAAACCTTGGCCATA-1","Benign"
"GCAAACGTCGCCAGGT-1","Benign"
"GCAAAGGGCGTTAGCC-1","Benign"
"GCAAATATTACGCTTT-1","GG2"
"GCAAATGAGGACACTT-1","Stroma"
"GCAACACACTAGAACT-1","Stroma"
"GCAACAGCAGTATGCG-1","Exclude"
"GCAACCACGGCCGCGT-1","Stroma"
"GCAACGGCTAGTTATG-1","Stroma"
"GCAAGAATTCCTTGGC-1","Stroma"
"GCAAGCTGGAAACCGC-1","GG2"
"GCAAGTGCACAGAGAA-1","Stroma"
"GCAAGTGTAAAGCATG-1","Benign"
"GCACAAACCCTAGATG-1","Stroma"
"GCACAAACGAGGCGTG-1","Stroma"
"GCACAACCTCGGGCGT-1","GG2"
"GCACAAGTGGATCATA-1","Exclude"
"GCACACACTGGTAGCC-1","Benign"
"GCACACAGCTATTACC-1","Benign"
"GCACACGCCCATGGTC-1","Stroma"
"GCACAGCACGGGCCGA-1","Benign"
"GCACGCCGATTCCCGC-1",""
"GCACGCCTACTTAGAT-1","GG2"
"GCACTAGTCGCGCTAT-1","Fat"
"GCACTGCCTACCTTTA-1","Benign"
"GCAGAAGGTAATCTCC-1","Benign"
"GCAGACCCAGCACGTA-1","Stroma"
"GCAGATCCATAAGACT-1","Benign"
"GCAGATCCTCGCAAAT-1","Stroma"
"GCAGATTAGGGATATC-1","Stroma"
"GCAGCACACAGCCCAG-1","GG2"
"GCAGCCTATATCACAT-1","Nerve"
"GCAGCTGTCAACGCAT-1","Benign"
"GCAGGAACTTAGATCT-1","GG2"
"GCAGGACTATAGAATA-1","Stroma"
"GCAGTGTGGCTATAGG-1","Benign"
"GCAGTTCGATCCGAGC-1","Exclude"
"GCATACGAGGTCTTTA-1","Stroma"
"GCATAGAGCACTCAGG-1","Stroma"
"GCATCGGCCGTGTAGG-1","Benign"
"GCATGAGGGACGCGGC-1","Stroma"
"GCATGCTAATAACGAT-1","Benign"
"GCATGGGTACTGACGC-1","Stroma"
"GCATTCGAAATGAACA-1","Nerve"
"GCATTGACTTGCGGAA-1","GG2"
"GCATTGTAATTCATAT-1","Stroma"
"GCCAAGAATACTTCTG-1","Stroma"
"GCCACAATTTAAGGAC-1","PIN"
"GCCACTCAGAGCGCGA-1","Benign"
"GCCACTCCTTACGGTA-1","Benign"
"GCCAGGAAAGAACACT-1",""
"GCCATCGAGCTGCGTG-1","GG2"
"GCCATTAGCCTCAAAC-1","Stroma"
"GCCCAGATGCTGGAGA-1","Benign"
"GCCCGACTTCTTCCCG-1","Stroma"
"GCCCGAGAGTCTAAAT-1","Stroma"
"GCCCGATCTGTGGTCG-1","Benign"
"GCCCGATGCCCAGTTC-1",""
"GCCCGCGCGTAAACGG-1","Stroma"
"GCCCGCGCGTTTGACA-1","Stroma"
"GCCCGTAATACCTTCT-1","GG2"
"GCCCGTTCACACAATT-1",""
"GCCCTAAGTGCAGGAT-1","Benign"
"GCCCTAGCCGTCGCGA-1","GG2"
"GCCCTGAGGATGGGCT-1","Benign"
"GCCGAAATTCCTACGT-1","GG2"
"GCCGACCCACGACTGC-1","Stroma"
"GCCGATTGGCCAAGCT-1","Benign"
"GCCGCACTCCGTTTCA-1","Benign"
"GCCGCATTAGTCCGGC-1","Stroma"
"GCCGCTTGTGAGAAAC-1","GG2"
"GCCGGGTTAGGGTCGC-1","Benign"
"GCCGGTCGTATCTCTC-1","Benign"
"GCCGTCGGTTTCGGGC-1","Benign"
"GCCGTGGAAGAAATGT-1","Stroma"
"GCCTACGTTCTGTGCA-1","Benign"
"GCCTAGCGATCTGACC-1","Stroma"
"GCCTATAGTGTCAGGG-1","Benign"
"GCCTCATCTGGAAATA-1","Benign"
"GCCTCCGACAATTCAC-1","Benign"
"GCCTCTATACATAGCA-1","Benign"
"GCCTGTCCCGGTGCAT-1","Benign"
"GCCTTCAGCCCTACCG-1","Stroma"
"GCCTTGTATATGCAGT-1","Stroma"
"GCCTTTGTCAGTGGAC-1","Stroma"
"GCGAAACGATCGGGAG-1","Benign"
"GCGAAACTTAACTGGA-1","Benign"
"GCGAAGAATCTGACGG-1","Benign"
"GCGAAGCCATACCCGT-1","GG2"
"GCGAATGGACTAGCGA-1","Benign"
"GCGACATGTAAACATC-1","Benign"
"GCGACCCAACCATCTG-1","GG2"
"GCGACGATAGTTGTAC-1","GG2"
"GCGACGGTAGTCTCCT-1","Benign"
"GCGAGAGTTGCGTCCA-1","Stroma"
"GCGAGCGCATGCTCCC-1","Stroma"
"GCGAGGCCCGAGCAGA-1","GG2"
"GCGAGTTCTGCAAAGA-1","GG2"
"GCGATGTCTGTGCTTG-1","Stroma"
"GCGATTGTTAACGTTA-1","GG2"
"GCGCAAATATATTCAA-1","Stroma"
"GCGCAAGAGCGCGCTG-1","Benign"
"GCGCATCCAGTCAGCA-1","Benign"
"GCGCCGTTCCACGATA-1","Benign"
"GCGCCTCCCACTCCGA-1","Exclude"
"GCGCGGTCTAGTAACT-1","Stroma"
"GCGCGTCATTGGTACA-1","Benign"
"GCGCTAATTGAATAGA-1","GG2"
"GCGCTATGCCGAGGCA-1","PIN"
"GCGCTCGATCACCTGT-1","Benign"
"GCGCTGCTTTGCATTT-1","Benign"
"GCGCTTAAATAATTGG-1","Benign"
"GCGGACCGCGTTGTGG-1","Stroma"
"GCGGAGAAACTTCGCA-1","Benign"
"GCGGAGAGGGAGAACG-1","Benign"
"GCGGCAAAGTATTGCC-1","Benign"
"GCGGCTCTGACGTACC-1","GG2"
"GCGGCTTTAGCAAGTT-1","Benign"
"GCGGGAACCAGGCCCT-1","Stroma"
"GCGGGCAGACGGGTGA-1","Benign"
"GCGGGCGAGCCTTACC-1","Benign"
"GCGGTCCCTAGACGCA-1","Fat"
"GCGGTCTTGCTTTCAC-1","Benign"
"GCGGTGCGGAGCATCG-1","Stroma"
"GCGGTTCCCTATCATG-1","Stroma"
"GCGTAAATGGCCATAA-1","Benign"
"GCGTCCCTAAGACATA-1","Benign"
"GCGTCGCCAGGGTGAT-1","Benign"
"GCGTCGTAACATGGTC-1",""
"GCGTCTCTGCATTGGG-1","GG2"
"GCGTGGTACTGGGTTA-1","Benign"
"GCGTTATATTTGGAAC-1","Nerve"
"GCTAAACCTGAGGTGA-1","Fat"
"GCTAACTGAAGTCTGA-1","Benign"
"GCTAAGTAAAGGCGAT-1","Nerve"
"GCTAAGTAGTTTCTCT-1","GG2"
"GCTAATACCGAATGCC-1","Stroma"
"GCTACAATCGAGGATA-1","Benign"
"GCTACAGTACGGACCG-1","Stroma"
"GCTACGACTTATTGGG-1","GG2"
"GCTACTATAGTAGAGT-1","Benign"
"GCTAGACCGTCTACTG-1","Benign"
"GCTAGAGTAGAGATGT-1","Benign"
"GCTAGCACCTGGGCCA-1","Benign"
"GCTAGCGATAGGTCTT-1","Benign"
"GCTAGCTTGAATAGCT-1","Stroma"
"GCTAGGCACCACGGAG-1","Benign"
"GCTAGTAGAGCTTGTA-1","GG2"
"GCTATACGTCTCGGAC-1","Exclude"
"GCTATCATACTCATGG-1","Benign"
"GCTATCGCGGCGCAAC-1","Stroma"
"GCTATGCCAGCTTATG-1","Stroma"
"GCTCAACCTCTTAGAG-1","Stroma"
"GCTCAATCCGTTTATT-1","GG2"
"GCTCAATGTAATACCG-1","Benign"
"GCTCATTGATCATATC-1",""
"GCTCCATGCAAAGCAA-1","Benign"
"GCTCCCAGTCGGTCCA-1","Benign"
"GCTCCGCTCGCTTCAG-1","Stroma"
"GCTCCTGACATACTGG-1","Benign"
"GCTCGCGGTTCCGCTC-1","Stroma"
"GCTCGCTCATGTCCAA-1","Benign"
"GCTCGGAATTTAAAGC-1","Stroma"
"GCTCTAAACCCTGACG-1","Stroma"
"GCTCTATGTTACGTGC-1","Stroma"
"GCTCTCGGGTACCGAA-1","Stroma"
"GCTCTTTCCGCTAGTG-1","Benign"
"GCTGAACTCTCCAGGG-1","Benign"
"GCTGAATCTTCCAATC-1","Stroma"
"GCTGAGCAACGGTTCT-1","Stroma"
"GCTGAGGCGTGAGTAT-1","Stroma"
"GCTGCACGGTTTCTTA-1","Exclude"
"GCTGCGAAGAATTATT-1","Benign"
"GCTGCGCCTCCCACGT-1","Stroma"
"GCTGCTAAGTAGTCGA-1","Benign"
"GCTGCTACTGCGTAGC-1","Benign"
"GCTGCTCTCCGGACAC-1","GG2"
"GCTGGCATATTCACCT-1","Stroma"
"GCTGGCGGCGCATGCT-1","Benign"
"GCTGGGAGCGCGTCAA-1","Benign"
"GCTGGTTTAGGCCATA-1","Exclude"
"GCTGTATTACTGGCCC-1","Stroma"
"GCTGTTGCTACCGAAC-1","Benign"
"GCTTAATGTAACTAAC-1","Benign"
"GCTTACGTAGTTAGTA-1","Stroma"
"GCTTATGAAGCAGGAA-1","Stroma"
"GCTTCCGTCCCTAGAC-1","GG2"
"GCTTCGACGTTCAATC-1","Stroma"
"GCTTGATGATAATCAG-1","Fat"
"GCTTGGATCGATTAGG-1","Benign"
"GCTTTCAGAGGAGGTG-1","Stroma"
"GGAAACTAAATGGGCC-1","Benign"
"GGAAAGGGAATTGAGC-1","Benign"
"GGAAAGTCTTGATTGT-1","Benign"
"GGAACCCGAACAAGAA-1","Stroma"
"GGAACCGTGTAAATTG-1","Stroma"
"GGAACCTTGACTCTGC-1","Exclude"
"GGAACGGCCTGCAGCC-1","Stroma"
"GGAACTCGTGAATACG-1","Benign"
"GGAACTTTGGCGATTA-1","Benign"
"GGAAGGACACCGTATA-1","Benign"
"GGAATGCGCTAGCGTG-1","GG2"
"GGACAAGTTGCAGTGA-1","Fat"
"GGACACAAGTTTACAC-1","Benign"
"GGACACCTCGGTGTTG-1","Benign"
"GGACCAACAGGATAAC-1","Benign"
"GGACCTCTAGGCCGCC-1","Benign"
"GGACTCACAAATTAGG-1","Exclude"
"GGACTCGACAGCGCAT-1","Stroma"
"GGACTCGTGAGTGGTC-1","Stroma"
"GGACTCTTTGACTAAG-1","Benign"
"GGAGAAGTCATTGGCA-1","Stroma"
"GGAGACCATCTACATA-1","GG4"
"GGAGACGACACCTTTG-1","GG2"
"GGAGCAACATTTCAAG-1","Benign"
"GGAGCACCAAGAACTA-1","GG2"
"GGAGCGAGGCCTACTT-1","Benign"
"GGAGGCCGAAGTCGTC-1","Stroma"
"GGAGGGCTTGGTTGGC-1","Stroma"
"GGATCAGAGCCATCAG-1","Stroma"
"GGATCCGGAATATACT-1","GG2"
"GGATCTACCGTTCGTC-1",""
"GGATCTTACTGCCCTT-1","Benign"
"GGATCTTGACTCAACC-1","Stroma"
"GGATGAAGATCGCTGA-1","Benign"
"GGATGACGCGAGTTTA-1","GG2"
"GGATGCTGGCGTTCCT-1","Stroma"
"GGATGTCCTTACCGCA-1","Stroma"
"GGATTAATCATGGACC-1",""
"GGATTGCTGTGACTCC-1","Benign"
"GGATTTCACTTCTATA-1","Stroma"
"GGCAAAGGCGCCAATA-1","GG2"
"GGCAAATTACTTTACT-1","Exclude"
"GGCAAGCCCATAGTGG-1","Benign"
"GGCAAGGCGAAATAGC-1","Stroma"
"GGCAATAGTCAATGAG-1","GG2"
"GGCACTCAGCCGACCC-1","Stroma"
"GGCACTCCACTGGGCA-1","GG2"
"GGCAGAGAGATCGGGA-1","Fat"
"GGCAGCAAACCTATGC-1","Benign"
"GGCATACAGGTAGCGG-1","Stroma"
"GGCATTGAACATCTCA-1","Benign"
"GGCCACACGAAAGCCT-1","Stroma"
"GGCCCAGCTGGTTTGC-1","Benign"
"GGCCCTCACCCACTTA-1","Stroma"
"GGCCGAGACTCTGGTG-1","Stroma"
"GGCCGGCGTCTGCTAT-1","Benign"
"GGCCGTTTGGGTTTCA-1","Benign"
"GGCCTGCTCTGATGTT-1","Benign"
"GGCCTGCTTCTCCCGA-1","Exclude"
"GGCCTTTGCAACTGGC-1","Fat"
"GGCGAAATCTAACTTG-1","Benign"
"GGCGAGCGAAACGGCA-1","GG2"
"GGCGCAGGACATCTTC-1","Stroma"
"GGCGCATGAATTGATG-1","GG2"
"GGCGCGGAGATCTTTC-1","Stroma"
"GGCGCGTTCGAGTTTA-1","Exclude"
"GGCGCTCCTCATCAAT-1","Stroma"
"GGCGCTTCATTCCCTG-1","Benign"
"GGCGGAGTAATATTAG-1","GG2"
"GGCGGGCTCTAAGAGT-1","Benign"
"GGCGGTAGGATCATTG-1","GG2"
"GGCGGTTTGCCGGTGC-1","Stroma"
"GGCGTAGGGAAAGCTG-1","Benign"
"GGCGTCCTATCCGCTG-1","Stroma"
"GGCTACTATACACTCC-1","Stroma"
"GGCTATTAAGTTGTAT-1","Stroma"
"GGCTCCTCCACCTGTT-1","GG2"
"GGCTCGCGTTGAGGTA-1","Stroma"
"GGCTCTGCTCCAACGC-1","Exclude"
"GGCTGAAATAGCAAAG-1","Stroma"
"GGCTGTCCTACTGCGG-1","Stroma"
"GGCTTTCAATAAGGGT-1","Benign"
"GGGAACGGGAGGTTAG-1","GG2"
"GGGAACGGTTTCAGAT-1","Benign"
"GGGAAGACGGTCTGTC-1","Exclude"
"GGGAAGGGCTTTCTCA-1","Benign"
"GGGACAGAGTTACTCC-1","Benign"
"GGGACCCGTATATCTT-1","Benign"
"GGGACTGCATAGATAG-1","GG2"
"GGGAGAACTCACAGTA-1","GG2"
"GGGAGCGACCGTAGTG-1","Benign"
"GGGAGGATGCCCGAAA-1","GG2"
"GGGAGTTAATGAGGCG-1","GG2"
"GGGATACGGTAATAAT-1","Stroma"
"GGGATGGTCGTAACCG-1","Benign"
"GGGATTTACCGCACCT-1","Exclude"
"GGGCAACCGCACGTGC-1","GG2"
"GGGCACGTAGTACTGT-1","Benign"
"GGGCACTATTGACCAT-1","Stroma"
"GGGCAGACGTCACTGC-1","GG2"
"GGGCAGAGCAATCGTT-1","Benign"
"GGGCAGGATTTCTGTG-1","Stroma"
"GGGCAGTCAACGCCAA-1","Stroma"
"GGGCATGCATGTCGAG-1","Stroma"
"GGGCCCGTCTTAAACA-1","PIN"
"GGGCCCTACGAAAGGG-1","Stroma"
"GGGCCGGCCGAAGTAC-1","Stroma"
"GGGCCTAAATGGGCTA-1","Stroma"
"GGGCGAATTTCTCCAC-1","Stroma"
"GGGCGATATGTGTGAA-1","Stroma"
"GGGCGGCAAATGAATT-1","Stroma"
"GGGCGGGTTCCCTACG-1","PIN"
"GGGCGGTCCTATTGTC-1","Stroma"
"GGGCGTCACCACGTAA-1","Stroma"
"GGGCGTGGTTTCCCAG-1","Benign"
"GGGCGTTTACATTCAT-1","Benign"
"GGGCTACTATTTCGTG-1","GG4"
"GGGCTATGATCGATGG-1","Benign"
"GGGCTCATCGAACCCA-1","Stroma"
"GGGCTGCCTAGGGCGA-1","GG2"
"GGGCTGGTTAGTCGCG-1","GG2"
"GGGTACCCACGGTCCT-1","Stroma"
"GGGTACTTCATGAACT-1","GG2"
"GGGTATGTATGCACTT-1","Fat"
"GGGTATTCTAGCAAAC-1","GG2"
"GGGTCACCGTGACGGT-1","GG2"
"GGGTCAGGAGCTAGAT-1","Benign"
"GGGTCATGCGTACCAT-1","Stroma"
"GGGTGACACCTTAACT-1","Stroma"
"GGGTTAACATTTGAGT-1","PIN"
"GGGTTCAGACGAACAA-1","Stroma"
"GGGTTTAGGATAGGAT-1","Benign"
"GGTAACCGGGAGGATA-1","Benign"
"GGTAACTATGTATCTG-1","Stroma"
"GGTACAAACATGCTAT-1","GG2"
"GGTACATCTGGGACGA-1","Stroma"
"GGTACTAAGTGCTTTG-1","Exclude"
"GGTAGAAGACCGCCTG-1","Benign"
"GGTAGACCGTTGGGCG-1","Exclude"
"GGTAGGCCAATATCAC-1","Benign"
"GGTAGTGCTCGCACCA-1","GG2"
"GGTATAGTGACACATA-1","Nerve"
"GGTATTGCCGAGTTTA-1","GG2"
"GGTCAAGACTACTTCG-1","Benign"
"GGTCAGTGGGTCCCAC-1","Benign"
"GGTCCACGTCTATTTG-1","Benign"
"GGTCGGCCAGGAGCTT-1","GG2"
"GGTCGGTCGTCCACAG-1","Benign"
"GGTCGTAAGCTCGCAC-1","Stroma"
"GGTCTCCAAGTAGTGC-1","Benign"
"GGTCTCCGTCCAGGTT-1","Benign"
"GGTCTCTGAATGGACT-1","GG2"
"GGTCTGAGAATCTGGA-1","GG2"
"GGTCTTGAGCGCTCTT-1","Benign"
"GGTGAAGTACAGGGAT-1","GG2"
"GGTGATAAGGAGCAGT-1","GG2"
"GGTGCATAAATGATTA-1","Stroma"
"GGTGCGGATAAGTGGC-1","Stroma"
"GGTGCTGATCACAAAG-1","Fat"
"GGTGCTGGTACACATT-1","Stroma"
"GGTGGACTGCTCTGGC-1","Benign"
"GGTGGAGGTTGATACG-1","Stroma"
"GGTGGGATTAGGTCCC-1","Stroma"
"GGTGTAAATCGATTGT-1","Benign"
"GGTGTAGGTAAGTAAA-1",""
"GGTGTTGGGCGTCTTA-1","Exclude"
"GGTTACCACCCTCGGG-1","Stroma"
"GGTTACCGCTCCCTAC-1","Benign"
"GGTTAGCTATATGTCT-1","Benign"
"GGTTAGGCTTGGAGAA-1","Fat"
"GGTTAGTTACGGCGCC-1","Fat"
"GGTTCCGTACGACTAA-1",""
"GGTTCGGATTATACTA-1","Stroma"
"GGTTCTACTCGTCTGA-1","Benign"
"GGTTGTGCTCTTGTCC-1","Stroma"
"GGTTGTGTAGCCTGGC-1","Stroma"
"GGTTTAATTACCATCG-1","Benign"
"GGTTTACAATCTCAAT-1","Stroma"
"GGTTTAGCCTTTCTTG-1","Benign"
"GGTTTCAATCGGTCAG-1","Exclude"
"GGTTTGAGTGCTGGAA-1","Stroma"
"GGTTTGTGACCTGAGG-1","Benign"
"GTAACAGGTTAACGGC-1","Exclude"
"GTAACATCTAAGATAA-1","Benign"
"GTAACTGCCCAAGGAG-1","Stroma"
"GTAAGCGGGCAGTCAG-1","Stroma"
"GTAAGTAACAGTCTGG-1","Exclude"
"GTAAGTAGGGTATACC-1","Stroma"
"GTAAGTCCACACTCTA-1","Stroma"
"GTAATAAAGGGCTCCC-1","Benign"
"GTAATCTGATTCTTCG-1","Stroma"
"GTACACTTACCTGAAG-1","GG2"
"GTACAGAGGCAAGGGT-1","Benign"
"GTACGACGGCGCTGCG-1","Stroma"
"GTACGCTTCATTGCAC-1","Stroma"
"GTACGTTTGCCCGTCA-1","Stroma"
"GTACTAAGATTTGGAG-1","Stroma"
"GTACTCCCTTATCGCT-1","Stroma"
"GTACTGGAGTTAGACC-1","GG2"
"GTAGAAACGGGTGGAG-1","Stroma"
"GTAGACACGCCTGACT-1","Benign"
"GTAGAGGGAGACAAGT-1","Stroma"
"GTAGCCAAACATGGGA-1","Benign"
"GTAGCGGCTATACACT-1","Stroma"
"GTAGCTCCGGGAGGCT-1","Stroma"
"GTAGCTTCCTCTTGTT-1","Stroma"
"GTAGTCGCGGGAATCA-1","Benign"
"GTAGTCTACGATATTG-1","Stroma"
"GTAGTTCGAAGGCGAA-1","Stroma"
"GTAGTTTAAGCACACG-1","Benign"
"GTATCAAACGTTAGCT-1","Benign"
"GTATCAAGGTACTTCC-1",""
"GTATCCTTTGGTAACC-1","Benign"
"GTATCTCAGTCTTGAC-1","Exclude"
"GTATCTCGGGCGCTTT-1","Benign"
"GTATCTTTCATAACCA-1","Stroma"
"GTATGAAATTTCACTC-1","GG2"
"GTATGTGGGTCTAGTT-1","Stroma"
"GTATTAAGGCGTCTAA-1","Stroma"
"GTATTCTGAGAAACGA-1","Stroma"
"GTATTTAATGGCATAA-1","Benign"
"GTCAAAGAAGTGGTGT-1","GG2"
"GTCAAAGTTTACATAG-1","Stroma"
"GTCAACCAGGCCTATA-1","Benign"
"GTCAAGCGGACTCGGG-1","Stroma"
"GTCACTCTCCAAATCT-1","Stroma"
"GTCAGAATAGTCTATG-1","Fat"
"GTCAGTTTGGTAGTCG-1","Nerve"
"GTCATGCACCTCCGTT-1","Stroma"
"GTCATGCGCGAGGGCT-1","Benign"
"GTCATGGACATGACTA-1","Stroma"
"GTCATTAGAGCGAACG-1","GG2"
"GTCATTGCATTGACCC-1","Stroma"
"GTCCAATATTTAGCCT-1","Benign"
"GTCCAGGCACGTGTGC-1","Stroma"
"GTCCATTACTGCTACG-1","Benign"
"GTCCCAACGTAAAGTA-1","GG2"
"GTCCCAATCATCCCGC-1","Stroma"
"GTCCCGCGACGTTATG-1","Benign"
"GTCCGAGAGCAATCAT-1","Stroma"
"GTCCGGACCTGAAATT-1","Benign"
"GTCCGGCTGAATTGCG-1","Stroma"
"GTCCGGGTTCACATTA-1","Benign"
"GTCCGTTAGAGGGCCT-1","Benign"
"GTCCTACAGGCGGCTC-1","Stroma"
"GTCCTACGAATAGTCT-1","Benign"
"GTCCTACTCTACGGGC-1","GG2"
"GTCCTTCTACAACCCA-1","Stroma"
"GTCGAATTTGGGCGCT-1","Benign"
"GTCGATAGGTGACTTT-1","Benign"
"GTCGCCGTTGTGTGTT-1","GG2"
"GTCGCGTAACCCGTTG-1","GG2"
"GTCGGATATCTCAGAC-1","Stroma"
"GTCGGGAACATGGTAG-1","Stroma"
"GTCGGGAAGCAGAAAC-1","Benign"
"GTCGTACCATCTCGGG-1","Stroma"
"GTCGTACCTACGATTG-1","Stroma"
"GTCGTCAATTATAAGG-1","Stroma"
"GTCGTTATTCGCTTAT-1","Benign"
"GTCTACTCAATTACAA-1","Stroma"
"GTCTAGTGAGCCGCTT-1","Benign"
"GTCTATACACGCATGG-1","Stroma"
"GTCTATCTGAGTTTCT-1","GG2"
"GTCTATTGGTTCCGGT-1","Benign"
"GTCTCAAGGCCCGGCT-1","Benign"
"GTCTCCGCCTCAATAC-1","Benign"
"GTCTCCTGCCAGTATG-1","Exclude"
"GTCTCGATCTGCTTTC-1","Stroma"
"GTCTGCCGACTCGACG-1","Benign"
"GTCTGGGCGGTCGAGA-1","PIN"
"GTCTGTAGGTTGAACA-1","Stroma"
"GTCTTGAGGAGCAGTG-1","Nerve"
"GTCTTGTAGCTATTCA-1","Stroma"
"GTGAAACGGCGCCACC-1","Stroma"
"GTGAAGTCACGACTCG-1","GG2"
"GTGACAGCTTCCCACT-1","Benign"
"GTGACCGCACACTACG-1","Stroma"
"GTGACGCAGGTTTCAT-1","Benign"
"GTGACTTCAGTAGTGC-1","Stroma"
"GTGAGATAACCTTATA-1","Exclude"
"GTGAGCGTGCTGCACT-1","Nerve"
"GTGAGGACACTTAAGG-1","Stroma"
"GTGAGTCTAAGACGGA-1","Stroma"
"GTGAGTGGTACAACGC-1","Stroma"
"GTGATCAAGCGTGCAC-1","Stroma"
"GTGATCACTAACGCCT-1","Benign"
"GTGATCATAGATCTGC-1","Stroma"
"GTGATCCTTGTCATGA-1","Benign"
"GTGATTCGCCGCTCAA-1","GG2"
"GTGCACCAGCTTCAAC-1","Stroma"
"GTGCAGCGTAGAGTAG-1",""
"GTGCCATCACACGGTG-1","PIN"
"GTGCCCGTTCGGATTC-1","Exclude"
"GTGCCGCTTCAAAGGT-1","PIN"
"GTGCCTGAGACCAAAC-1",""
"GTGCGAAATCGAACAC-1","PIN"
"GTGCGACAGGGAGTGT-1","Exclude"
"GTGCGTGTATATGAGC-1","Benign"
"GTGCTATCCAGCTGGA-1","Benign"
"GTGCTCAAGTACTGTC-1","GG2"
"GTGCTGCAGATAAGGA-1","Stroma"
"GTGCTTACATCAGCGC-1","Benign"
"GTGGACCAACCCGATT-1","Stroma"
"GTGGACGCATTTGTCC-1","Stroma"
"GTGGAGCGTTTACCGA-1","Benign"
"GTGGAGTCGGCGGTTG-1","GG2"
"GTGGCAAACAGCGGCA-1","GG2"
"GTGGCCGGTTTCTCGG-1","Stroma"
"GTGGCGGTCCCAGCGT-1","Stroma"
"GTGGCTGTTTCTGTTC-1","Benign"
"GTGGGAACAAACCGGG-1",""
"GTGGGAAGACTGAATC-1","Stroma"
"GTGGGCTTAGACACAC-1","Stroma"
"GTGGGTACTGAGCGTA-1","GG2"
"GTGGTATAGTCTGCCG-1","GG2"
"GTGGTGATGGTTTGTG-1","Exclude"
"GTGGTGGCCAAGTGAA-1","Benign"
"GTGGTTTCCGCCTTTC-1","Stroma"
"GTGTACCTTGGCTACG-1","Stroma"
"GTGTACGAACCGTTCC-1","Benign"
"GTGTATATCAGCGGGC-1","Stroma"
"GTGTCAGTGTACGTGG-1","Benign"
"GTGTCGTATAGCGTTC-1","Benign"
"GTGTGAATAACTTAGG-1","GG2"
"GTGTTACTATGCGTCC-1","Benign"
"GTTAAAGTAGGACTGG-1","Benign"
"GTTAACATCACTTAAA-1","Benign"
"GTTAACTATGTTGTCA-1","Stroma"
"GTTAAGGGTGCGATGT-1","Exclude"
"GTTAAGTTAGAGTGGG-1","Nerve"
"GTTAATGTCTATCTTA-1","Nerve"
"GTTACAATTGGTGACG-1","GG2"
"GTTACCTACAACTTGC-1","Benign"
"GTTACTTTGGGCCTAG-1","PIN"
"GTTAGCCCATGACATC-1","Exclude"
"GTTAGGCTACCCGTTT-1","Stroma"
"GTTATAATACGGTGAA-1","Benign"
"GTTATATTATCTCCCT-1","Stroma"
"GTTATTAACGTGGGAG-1","Stroma"
"GTTCAAATCAGATGTC-1","Stroma"
"GTTCACAGGAGTCTAG-1","Stroma"
"GTTCAGTCGCCAAATG-1","Stroma"
"GTTCATCGTTTGGCTG-1","Stroma"
"GTTCCAGTCTGACCAT-1","Stroma"
"GTTCCGTCCGCCTGCA-1","Stroma"
"GTTCGACAATTGTATA-1","Stroma"
"GTTCGCCATAAGTGCC-1","GG2"
"GTTCGCTGAGACGTCT-1","Benign"
"GTTCGGATCGGGAACA-1","Benign"
"GTTCGTCTAAAGAACT-1","Benign"
"GTTCTTCCCTCGATGT-1","Stroma"
"GTTCTTGTAACTCAAT-1","Benign"
"GTTGAACCGGTTCCAT-1","GG2"
"GTTGAGTCCCGCCGGT-1","Benign"
"GTTGCGCTAACATTAC-1","Benign"
"GTTGCGGACGGTCAGG-1","Stroma"
"GTTGGATTGAGAACAC-1","Stroma"
"GTTGGATTTGCGTTGG-1","GG2"
"GTTGGTCATGCTATCC-1","Benign"
"GTTGTAGATTTATGAG-1","Benign"
"GTTGTCGTGTTAGTTG-1","Stroma"
"GTTTACGTTCCATCTG-1","Benign"
"GTTTATGGGATTTAGA-1","Stroma"
"GTTTCAAACGAGTTGT-1","Benign"
"GTTTCATATCGTCGCT-1","GG4"
"GTTTCTAGAGGCGCGG-1","Benign"
"GTTTCTGCAGTCTCCC-1","GG2"
"GTTTGACCAAATCCTA-1","GG2"
"GTTTGGCCCAAGTTAT-1","Stroma"
"GTTTGGGCTTGTGAGC-1","Benign"
"GTTTGGGTTTCGCCCG-1","Benign"
"GTTTGGTAGGGTCAAC-1","Benign"
"GTTTGGTGATCGGTGC-1","Stroma"
"GTTTGTTAGCCAAGTA-1","Stroma"
"TAAACCCAGGAGGGCA-1","GG2"
"TAAACGTCGTCAATGA-1","Stroma"
"TAAAGACAACCCTTTA-1","Stroma"
"TAAAGCGGTATTTCCA-1","Benign"
"TAAAGCGTTAGGAGAA-1","Stroma"
"TAAAGTGCACGTCTCG-1","Stroma"
"TAAATGAATCCGTTTC-1","Fat"
"TAAATTGTGGGTAAAG-1","Benign"
"TAAATTTAGTAACACC-1",""
"TAACAATATTTGTTGC-1","Nerve"
"TAACAGCGTTTGTGCT-1","Stroma"
"TAACAGGTTCCCTTAG-1","Benign"
"TAACATACAATGTGGG-1","Stroma"
"TAACATACACGCGATC-1","GG2"
"TAACCTACCGTCCGAG-1","Benign"
"TAACCTAGGGAGTCCA-1","Benign"
"TAACGCTTTGAGAGCG-1","Stroma"
"TAACTATCGAAGGTCC-1","Stroma"
"TAACTCATCCGCGCGG-1","PIN"
"TAACTCCATGGAGGCT-1","Fat"
"TAAGAGGGACAGGGAC-1","Stroma"
"TAAGCAGGCGACACGC-1","Stroma"
"TAAGCGCGAATCAAAT-1","Stroma"
"TAAGGCAACATAAGAT-1","Stroma"
"TAAGGCATAACATCAA-1","Benign"
"TAAGGCCCGTCACCCT-1","Exclude"
"TAAGGCTGAATCCCTC-1","Benign"
"TAAGGGCCTGTCCGAT-1","Benign"
"TAAGGGCTGGGAGAGG-1","Stroma"
"TAAGTAACATCTTGAC-1","PIN"
"TAAGTCGCCGAGTATC-1","GG2"
"TAAGTGAATAGTCTAC-1","Benign"
"TAAGTTGCGACGTAGG-1","Benign"
"TAATACTAGAACAGAC-1","Benign"
"TAATAGAACAGAGTTA-1","Stroma"
"TAATAGGTCACCAGAA-1","Benign"
"TAATAGTGACGACCAG-1","GG2"
"TAATATTGAAATTCGC-1","Stroma"
"TAATCAACCAAATGGG-1","Benign"
"TAATCGATCCGTACGT-1","Benign"
"TAATGAAAGACCCTTG-1","Fat"
"TAATGTCGGTTCATGG-1","Benign"
"TAATTACGTCAGTAGA-1","Benign"
"TAATTAGGACATCCGT-1","Stroma"
"TAATTTCCGTCCAGTA-1","Stroma"
"TACAACGCACAACTCA-1","Exclude"
"TACAAGGGCTTCTTTA-1","Benign"
"TACAAGTCTCGTGCAT-1","Fat"
"TACACAGCCGTGGTGC-1","Benign"
"TACACCTCTTCGAATC-1",""
"TACAGAAACGGTGGGC-1","Benign"
"TACATAGGCATACACC-1","Stroma"
"TACATCCCTATCCCTG-1","Stroma"
"TACATCTTGTTTCTTG-1","Stroma"
"TACATGACCTTATCCG-1","Fat"
"TACATGCCGGAATTGT-1","Benign"
"TACATTTCTAACGTGC-1","Stroma"
"TACCAAATAGCCCAGA-1","Benign"
"TACCAATAAAGTACCA-1","Benign"
"TACCAGAAGTAGGTTC-1","Stroma"
"TACCAGGAATCCCGTC-1","Benign"
"TACCATGTATTGATTT-1","Benign"
"TACCGAATAATTGTAA-1","Benign"
"TACCGCGGACTTGCAG-1","Stroma"
"TACCGGCTCACTGCCC-1","Benign"
"TACCGGTCGTTTCCAT-1","Stroma"
"TACCGTAGGTTAACTA-1","Benign"
"TACCGTGCCTCGGACC-1","Stroma"
"TACCTACTCCCAGTAT-1","Benign"
"TACCTATCCCTAGAGG-1","Stroma"
"TACCTCAGTTGTCTGT-1","Benign"
"TACCTCCACACCAATG-1","Stroma"
"TACCTGCTGCACTGTG-1","Stroma"
"TACCTTAAGATTTCCC-1","GG2"
"TACGAACACGACTTCA-1","GG2"
"TACGACGCTTGCTGCG-1","Stroma"
"TACGACTGCCTCTTAG-1","Stroma"
"TACGAGAACTTCACGT-1","Stroma"
"TACGATGTTGATCATC-1","Stroma"
"TACGCAGTTCTTTCCT-1","Exclude"
"TACGCCATATTCTAAT-1","Benign"
"TACGCCGAGGGTACCC-1","Stroma"
"TACGCCGCCTCAGAAG-1","Stroma"
"TACGCCTCCATTCCGA-1","Exclude"
"TACGCTATAGAAACCT-1","Stroma"
"TACGCTCCTAGAACTG-1","Benign"
"TACGCTGCTGTGTTAA-1","Stroma"
"TACGGAAGCCAAACCA-1","Benign"
"TACGGGATGCTAGCAG-1","Stroma"
"TACGGGTAATAACATA-1","Benign"
"TACGTAAAGCGGAGTG-1","Benign"
"TACGTACTAGTGCTGA-1","GG2"
"TACGTGGGCCCAGGGC-1","Exclude"
"TACGTTTACCGGCAAT-1","GG4"
"TACTACGTGCAATGCG-1","Benign"
"TACTATGGTTCCTCAG-1","Benign"
"TACTCCTCTAGTTGAC-1","Stroma"
"TACTCGGCACGCCGGG-1","Stroma"
"TACTCGTTTGAATCAA-1","Benign"
"TACTCTCCGAACAAAT-1","Stroma"
"TACTCTTACTTTACTG-1","Stroma"
"TACTCTTTCGTCTTCA-1","Benign"
"TACTGAACAGATTTAG-1","GG2"
"TACTGAGGGAAGAAAG-1","Stroma"
"TACTGCATGATTAAAT-1","Stroma"
"TACTGGACAGCTCGGC-1","Stroma"
"TACTGTTTCTCTGGTA-1","Benign"
"TACTTGTTAGTAGTCC-1","Benign"
"TACTTTACTGAGCCGG-1","Stroma"
"TACTTTCCGCACGCCA-1","GG2"
"TAGAAAGGTGGCGCTA-1","GG2"
"TAGAAATTCACGTATA-1","Stroma"
"TAGAATAGCCGATGAA-1","Benign"
"TAGACGAAACGCCAAT-1","Benign"
"TAGACGCCCGTACCGG-1","Benign"
"TAGACTACCTAGCGTT-1","Benign"
"TAGACTCAGTTGGCCT-1","Exclude"
"TAGAGATCATGCAACT-1","Stroma"
"TAGAGGGAGTTTATCT-1","Benign"
"TAGAGGTTCTACTTGT-1","Benign"
"TAGAGTCTAAGCGAAC-1","Stroma"
"TAGATATGGACTGGAA-1","GG2"
"TAGATGGTTCCTTACT-1","Benign"
"TAGATTCAAAGTGCGG-1","Benign"
"TAGATTCCTGGTTATT-1","Stroma"
"TAGCAACCTGTCACAA-1","Fat"
"TAGCAGTATGACTAAA-1","Benign"
"TAGCCATTTCAAAGTC-1","Benign"
"TAGCCGGCGGTCAGCG-1","GG2"
"TAGCGTCCCTCGATTG-1","Exclude"
"TAGCGTCCGGTGTGGT-1","Benign"
"TAGCGTTGGGTCTTAC-1","GG2"
"TAGCTAAGTCCGGGAG-1","Stroma"
"TAGCTAGAAGGCATGA-1","Benign"
"TAGCTAGTGATGATGG-1","Benign"
"TAGCTCGCCTGATAAC-1","Stroma"
"TAGCTGATGTGAAGCG-1","Stroma"
"TAGGATCTTAACCGCA-1","Benign"
"TAGGCATGTTACGCCA-1","Stroma"
"TAGGCGATGAGGTCTC-1","Stroma"
"TAGGCGGCTGCAAAGA-1","Stroma"
"TAGGCTAAAGTGGCAC-1","Benign"
"TAGGGAGCTTGGGATG-1","Benign"
"TAGGTCCAAGTAAGGA-1","Stroma"
"TAGGTCGCCGGAACTG-1","Benign"
"TAGGTGACGATAACCT-1","Benign"
"TAGGTGAGCCCTACTC-1","Fat"
"TAGGTGCTCGCCTAGC-1","Exclude"
"TAGGTGTTCCACAGAT-1","Benign"
"TAGGTTCGAGTTCGTC-1","GG2"
"TAGGTTCTGCTGAGAA-1",""
"TAGTACCACAACTTTC-1","Stroma"
"TAGTACCTTAGTGGTC-1","Stroma"
"TAGTAGCTTATACCAG-1","GG2"
"TAGTAGTTGCCGGACA-1","Exclude"
"TAGTCCCGGAGACCAC-1","Stroma"
"TAGTCCGCAGAGAATG-1","GG2"
"TAGTCCGTATGCATAA-1","Stroma"
"TAGTCCTGCACTAAGC-1","Benign"
"TAGTCGATCACGGGTT-1","Benign"
"TAGTCTAACAACGAGA-1","GG2"
"TAGTCTGCGGCACATT-1","Benign"
"TAGTCTTTCCGAATTG-1","Stroma"
"TAGTGCCCTCCAGAGT-1","GG2"
"TAGTGTCAGAAACGGC-1","Stroma"
"TATAAATCCACAAGCT-1","Stroma"
"TATAAGTGAGGATAGC-1","Fat"
"TATACACAGACGCCTT-1","Benign"
"TATACCGAGTGCCACA-1","Benign"
"TATACGCGTCATCACT-1","Benign"
"TATACTCATGCGGCAA-1","Stroma"
"TATAGAGTCGCTTGAA-1","GG2"
"TATAGATGGTCGCAGT-1","Benign"
"TATAGCGCACGTTATC-1","GG2"
"TATAGGGTACTCATGA-1","Stroma"
"TATATAGGGCTTTACG-1","Benign"
"TATATATCGAGAAATG-1","Benign"
"TATATCAAAGTGATCT-1","Benign"
"TATATCATTGATCAGT-1","Fat"
"TATATCCCTGGGAGGA-1","Benign"
"TATATGCTGGGTTGCC-1","Stroma"
"TATCAGTGGCGTAGTC-1","GG2"
"TATCCAATTGGTTATC-1","Benign"
"TATCCATATCATGCGA-1","Stroma"
"TATCCATCTCGGTTAG-1","Exclude"
"TATCCGCACCGTCGGG-1","Benign"
"TATCCTATCAACTGGT-1","Stroma"
"TATCCTGCATGGGAAT-1","Stroma"
"TATCGATCTATGCATA-1","Stroma"
"TATCGATGATTAAACG-1","Stroma"
"TATCTACAGAGGTAAT-1","Stroma"
"TATCTACCACAGCGGG-1","Benign"
"TATCTAGCCTAAAGGA-1","Stroma"
"TATCTGAGCCGATATT-1","Stroma"
"TATCTTGCAATACAAC-1","GG2"
"TATGAAGACAGGTGCG-1","Stroma"
"TATGACCTTGCGCTGG-1","Stroma"
"TATGATCTTCTCTTTA-1","Benign"
"TATGCTCCCTACTTAC-1","Stroma"
"TATGGATGTGCTACGC-1","Stroma"
"TATGGCCCGGCCTCGC-1","Fat"
"TATGGGACCGAGCAGG-1","GG2"
"TATGGGTACGTATCGT-1","GG2"
"TATGGTCTGAGTAACA-1","GG2"
"TATGGTTAGTGGGAGA-1","Benign"
"TATGTAAAGTGCTTAA-1","Benign"
"TATGTAGAAACCCGGC-1","Stroma"
"TATGTCTCATTGTGCC-1","GG2"
"TATTAACACCAAAGCA-1","GG2"
"TATTAACCTGACCGCG-1","GG2"
"TATTACCATCCTGCTT-1","Benign"
"TATTATGTTTGCCTGC-1","Stroma"
"TATTCAATTCTAATCC-1","GG2"
"TATTCCACTCAGCTCG-1","Stroma"
"TATTCCGAGCTGTTAT-1","Benign"
"TATTCCTCCGCCCACT-1","Stroma"
"TATTCGTGCCAGAATA-1","GG2"
"TATTGACATTTCTGCC-1","Stroma"
"TATTTGATTTGCACAG-1","Benign"
"TCAAACAACCGCGTCG-1","Stroma"
"TCAAACTTAGATTGTT-1","Stroma"
"TCAAAGAGCTATCTGT-1","GG2"
"TCAAAGTCACGGCGTC-1","Benign"
"TCAAATTGTTGTGCCG-1","Benign"
"TCAAATTTGAGACTCA-1","Benign"
"TCAACAAAGATAATTC-1","GG2"
"TCAACATAGCGCCCTA-1","GG2"
"TCAACATCGACCGAGA-1","Stroma"
"TCAACGAGGAGACAAA-1","Stroma"
"TCAACGCAGGAAATAA-1","GG2"
"TCAACGCGACCGGCAG-1","Stroma"
"TCAACTAACGTATAAC-1","Stroma"
"TCAACTGCAGAGTCAG-1","Benign"
"TCAAGAAATACTAGCT-1","Stroma"
"TCAAGCGCGGACGGTA-1","Exclude"
"TCAAGGTTACTACACC-1","Exclude"
"TCAATACGCCGTCATG-1","Benign"
"TCACAAACCGAGGTAC-1","Benign"
"TCACAGCAAACTCGAA-1","Benign"
"TCACAGGAGAATAAGA-1","Stroma"
"TCACAGGGAATCGCAA-1","Benign"
"TCACAGGTTATTGGGC-1","GG2"
"TCACATCTTATCTGAT-1","Stroma"
"TCACCCTCTTAAGATT-1","Exclude"
"TCACCGCTCGGCACTC-1","Benign"
"TCACGATGTCCGTGGA-1","GG2"
"TCACGCATTGTAGATC-1","GG2"
"TCACGGCCCAAGAGAG-1","Benign"
"TCACGGTCATCGCACA-1","Stroma"
"TCACGTGCCCGATTCA-1","GG2"
"TCACTCTTCGTCTGTC-1","Stroma"
"TCAGAACGGCGGTAAT-1","Benign"
"TCAGACGCTATAGAAG-1","Benign"
"TCAGCAAATGCATCTC-1","GG2"
"TCAGCAGTAGGCCCTG-1","GG2"
"TCAGCCAATCCGTAAA-1","Benign"
"TCAGCGCACGCCGTTT-1","Benign"
"TCAGGGCGCAAACTCG-1","Stroma"
"TCAGGGTGTAACGTAA-1","GG2"
"TCAGGTTCTTTGAGAA-1","Stroma"
"TCAGTACTGACCCGCG-1","Stroma"
"TCAGTAGGGACTATAA-1","Stroma"
"TCAGTGTATACGTCAT-1","GG2"
"TCATACTTACAGATCC-1","Fat"
"TCATATGAGCTTTGTT-1","Benign"
"TCATCACTCGAGCTCG-1","Fat"
"TCATCCTCAGCTGCTT-1","Benign"
"TCATCGACGACCGTCG-1",""
"TCATCGATGGTCCCAA-1","Benign"
"TCATTTAAGTCTCCGA-1","Exclude"
"TCATTTAGAAGTGTGA-1","Benign"
"TCCAACTCAGCTATCT-1","Benign"
"TCCAACTTTAAATTCT-1","GG2"
"TCCAAGCCTAGACACA-1","Benign"
"TCCAATAAAGGCTACC-1","Benign"
"TCCACAATGGTTTACG-1","Stroma"
"TCCACATCGTATATTG-1","Exclude"
"TCCACCTCTAGCCTTT-1","Benign"
"TCCACTTTATCTAGGT-1","GG2"
"TCCAGAGCACCGGTTC-1","GG2"
"TCCAGCGCTATAAGCG-1","Benign"
"TCCAGGCAGGACGATC-1","Exclude"
"TCCAGGCGAGTACGGT-1","GG2"
"TCCAGGGTATATACGA-1","Benign"
"TCCATCAATACTAATC-1","Stroma"
"TCCCAAACATCCTCTA-1","Stroma"
"TCCCAAAGACGAAGGA-1","Stroma"
"TCCCAAAGCCCTAAAT-1","Stroma"
"TCCCAGCTTTAGTCTG-1","GG2"
"TCCCAGGCTTAGCTAA-1","Stroma"
"TCCCGCGTACTCCTGG-1","Stroma"
"TCCCGGGTGTGCTGCT-1","Stroma"
"TCCCGTCAGTCCCGCA-1","Stroma"
"TCCCGTGTGCAATTTG-1","Benign"
"TCCCTGGCGTATTAAC-1","Benign"
"TCCCTGGCTCGCTGGA-1","Stroma"
"TCCGAACGTTGCCGCT-1","Stroma"
"TCCGAACTTGGCTTAC-1","Stroma"
"TCCGACCGCTAATCAA-1","Benign"
"TCCGATGACTGAGCTC-1","Stroma"
"TCCGATGGTGCGACAT-1","Stroma"
"TCCGATTACATTGCCG-1","Stroma"
"TCCGCCTGTCTACAAG-1","Benign"
"TCCGCGGCAGCATCTG-1","GG2"
"TCCGCGGCCCAATGAA-1","Benign"
"TCCGCTGTCATCCCGG-1","Benign"
"TCCGCTTATCCCATTA-1","Benign"
"TCCGGCCTAGCGTACA-1","Stroma"
"TCCGGGCTTGACGGGA-1","Benign"
"TCCGGTTCGTCCGGTC-1","Stroma"
"TCCGTAACCACAATCC-1","Stroma"
"TCCGTTAAGCTAATAT-1","Benign"
"TCCGTTTAGCCTTGAA-1","Stroma"
"TCCTAAAGATTCAGAC-1","Benign"
"TCCTAAATTGGGAAGC-1","Benign"
"TCCTAACCGTCGGGCA-1","Benign"
"TCCTACATCCACGGCC-1","Benign"
"TCCTAGCAAAGAAGCT-1","GG2"
"TCCTATCATAGGTAAC-1","Stroma"
"TCCTCCTAAGACATTC-1","GG2"
"TCCTCGGGCTGGGCTT-1","GG2"
"TCCTCTACGAGATGGC-1","Stroma"
"TCCTCTCCAGTTGTCC-1","Stroma"
"TCCTGCAGCCGCCAAT-1",""
"TCCTGCGTTGATACTC-1","GG4"
"TCCTTACGACGGTCCG-1","Benign"
"TCCTTCAATCCCTACG-1","Stroma"
"TCCTTGTCCTTTAATT-1","Exclude"
"TCCTTTAAATCCGCTT-1","Benign"
"TCCTTTCTTACGCTTA-1","GG2"
"TCGAAATTTAGGACCA-1","Stroma"
"TCGAAGAACCGAGCAC-1","Stroma"
"TCGAATATCCCGCAGG-1","Exclude"
"TCGAATCGCAGGGTAG-1","Benign"
"TCGACAACTGAACCCG-1","Stroma"
"TCGACATAGCGTAGCG-1","Stroma"
"TCGAGACCAACACCGT-1","GG2"
"TCGAGCCAGGCAGGCC-1","GG2"
"TCGAGGGCAACAGACG-1","Stroma"
"TCGAGTCTACGATTCG-1","GG2"
"TCGATTTACGAAACGA-1","Benign"
"TCGCAAAGATGCATTT-1","Benign"
"TCGCACCAGGAGGCAG-1","Benign"
"TCGCCCACTGCGAGAG-1","Fat"
"TCGCCGAAGTTGCGTC-1","Stroma"
"TCGCCGACATATTCGC-1","Benign"
"TCGCCGCACCGCGTGA-1","Stroma"
"TCGCGTAGCAGTGTCC-1","Benign"
"TCGCGTCCAGAAGGTC-1","Fat"
"TCGCTACTGGCTTTGA-1","Benign"
"TCGCTCGATATATTCC-1","Stroma"
"TCGCTGCCAATGCTGT-1","Benign"
"TCGCTGGGCGGATTGT-1","GG2"
"TCGCTTTAAACGTTTG-1","Stroma"
"TCGGAATGCGCTCTGA-1","Fat"
"TCGGACGCCCAGCCCA-1","GG2"
"TCGGAGAGTATCGGGA-1","Stroma"
"TCGGAGTACATGAGTA-1","GG2"
"TCGGCGAACCCAAACC-1","Benign"
"TCGGCGTACTGCACAA-1","GG4"
"TCGGCTTGTATCGACG-1","Benign"
"TCGGGAGACAGCGTAC-1","Benign"
"TCGGGATTCAAACATA-1","Stroma"
"TCGGGCCGTCGTGGTA-1","Benign"
"TCGGTCCCGACAATAG-1","Benign"
"TCGTAAGACGACATTG-1","GG2"
"TCGTACCGACGTCAAG-1","Stroma"
"TCGTATTACCCATTGC-1","Stroma"
"TCGTCAAGTACGCGCA-1","GG2"
"TCGTCACACTGTTAGC-1","Stroma"
"TCGTCCGCTGGCGTCT-1","Stroma"
"TCGTCTTAGGCGTTAA-1","Benign"
"TCGTGTACTATGGATG-1","Benign"
"TCGTGTATTGGTCACG-1","Benign"
"TCGTGTCACGCTGACA-1","Stroma"
"TCGTGTTCGACCACAA-1","Benign"
"TCGTTAGGAGTCCCTA-1","Stroma"
"TCGTTGCTATCCGGTC-1","GG2"
"TCTAAAGAACAGTCTC-1","GG2"
"TCTAACTGTATGTAAA-1","Nerve"
"TCTAATACTGCCTCAG-1","Benign"
"TCTACCCAATAGAGAG-1","Benign"
"TCTACCGTCCACAAGC-1","Exclude"
"TCTACGCACGATCTCC-1","Benign"
"TCTAGCAATCTCCGCC-1","Stroma"
"TCTAGCATCTTCGATG-1","Stroma"
"TCTAGCATGCCCAGAA-1","Benign"
"TCTAGGTGGCGACGCT-1","Stroma"
"TCTAGTGATATCGTGG-1","Benign"
"TCTAGTTATCAGAAGA-1","GG2"
"TCTATCCGATTGCACA-1","Benign"
"TCTATCGGTCGCAACA-1","Stroma"
"TCTATGCTATAACGAC-1","Benign"
"TCTATTACTAGAGGAT-1","Stroma"
"TCTCAAATCAATCGGG-1",""
"TCTCATGAGATAGGGT-1","Benign"
"TCTCCAACGTAGGTTA-1","Stroma"
"TCTCCACAAGTTGAAT-1","Benign"
"TCTCCCTGGGCAGCGT-1","Benign"
"TCTCGACGTATCGCCG-1","Stroma"
"TCTCGAGGAGGTTCGC-1","Benign"
"TCTCGGCTCCAGGACT-1","Stroma"
"TCTCGTGTTACGAGGA-1","Stroma"
"TCTCTCGCCGCACATA-1","Benign"
"TCTCTTACCGCGAACC-1","Benign"
"TCTGAACTCGTACCCG-1","Benign"
"TCTGAAGCACGTGGTC-1","Benign"
"TCTGAATTCCGTACAA-1","Benign"
"TCTGAGCAATTGACTG-1","Benign"
"TCTGATGTATTCTGTC-1","Benign"
"TCTGCATACCTTGCTT-1","Benign"
"TCTGCCAGAAACTGCA-1","Stroma"
"TCTGCTTAGAACAAGC-1","Exclude"
"TCTGGCGCAAGCCGGG-1","Fat"
"TCTGGGAACCTTTGAA-1","Stroma"
"TCTGGGTAGCGCTCAT-1","GG2"
"TCTGTGCCATCATAGT-1","Stroma"
"TCTGTTACCCAGCATA-1","GG2"
"TCTTACGGCATCCGAC-1","Stroma"
"TCTTACTTATGCCTCT-1","Stroma"
"TCTTAGAGCTCCAATT-1","Benign"
"TCTTAGAGTGAACTCT-1","Benign"
"TCTTCCCATGGGCACA-1","Stroma"
"TCTTCGAATAGACGTT-1","GG2"
"TCTTCGATACCAATAA-1","GG2"
"TCTTCTATAACCCGCC-1","Exclude"
"TCTTGATGCGTAGCGA-1","GG2"
"TCTTGCTCCCGATACT-1","Benign"
"TCTTGGTAACACCAAA-1","Stroma"
"TCTTTAAGACTATGAA-1","Stroma"
"TCTTTAGAGTCTAACA-1","Stroma"
"TGAAAGGACCTGACTC-1","GG2"
"TGAACAAGCAGGGACT-1","Benign"
"TGAACTGCTATGACTT-1","Fat"
"TGAAGAGCGGTCCTAG-1","Stroma"
"TGAAGTAGCTTACGGA-1","Exclude"
"TGAATACCGACGCGTA-1","Stroma"
"TGAATGAGTGTTTCCC-1","Stroma"
"TGAATGTCAGCCGGCC-1","Exclude"
"TGAATTTCACTTGCCT-1","Stroma"
"TGACAACGCATGTCGC-1","Benign"
"TGACAACTTAAAGGTG-1","Stroma"
"TGACAGGACAAGTCCA-1","Stroma"
"TGACATATATGACGAT-1","Fat"
"TGACATCGAGCGGACC-1","Exclude"
"TGACATGTAACGTGAC-1","Stroma"
"TGACCAAATCTTAAAC-1","Benign"
"TGACCCACGTTAGACA-1","GG2"
"TGACGAATATTTCCCT-1","Stroma"
"TGACGATGCACTAGAA-1","Benign"
"TGACTATAATCCTTTC-1","Stroma"
"TGACTCCGAATCATAC-1","Benign"
"TGAGACGTACCTCTCA-1","Stroma"
"TGAGAGATTTACCACG-1","Stroma"
"TGAGCCATACAGTCTC-1","PIN"
"TGAGCGGAAAGTGTTC-1","Benign"
"TGAGGAGTGCCAGCTT-1","Benign"
"TGAGGCATGTACTGTG-1","Stroma"
"TGAGGTGTGTGGCGGA-1",""
"TGAGTAAATTAGCGTA-1","Stroma"
"TGAGTGCCTCTTAAAT-1","PIN"
"TGAGTGGTCCGTGACG-1","GG2"
"TGAGTTAAAGACATTC-1","Exclude"
"TGATACATTTAGCCGT-1","GG2"
"TGATAGCGGGATTCTA-1","Nerve"
"TGATCACCACACTGAC-1","Benign"
"TGATCAGGGAACTGCT-1","Stroma"
"TGATCGGTTTGACCCT-1","Stroma"
"TGATCTCCGGCGCCAG-1","Stroma"
"TGATGTCAATTAAGTG-1","Benign"
"TGATTCAGGTCCCGCG-1","GG2"
"TGATTCCCGGTTACCT-1","GG2"
"TGATTCGTCTATCACT-1","Stroma"
"TGATTCTGTCGCCGGT-1","Stroma"
"TGATTTATTAGCTGTG-1","GG2"
"TGCAAACGTACTAGTT-1","Stroma"
"TGCAAAGTTCGTCTGT-1","Exclude"
"TGCAACCCATCTGCGG-1","Benign"
"TGCAACTACTGGTTGA-1","Benign"
"TGCAAGAATGACGTAA-1","Stroma"
"TGCAATCTAACACGGT-1","Benign"
"TGCACTATGTGAGTGC-1","Stroma"
"TGCAGAACTATATCGT-1","Stroma"
"TGCAGAGTACCGAGCA-1","GG2"
"TGCAGATCGTCCTAGG-1","Stroma"
"TGCAGCTACGTACTTC-1","Stroma"
"TGCAGGATCGGCAAAG-1","Stroma"
"TGCAGTGGTAGGGAAC-1","Benign"
"TGCAGTTTCCTCCCAT-1","Benign"
"TGCATATGTCTGTCAC-1","GG2"
"TGCATGTGACCCATAG-1","Benign"
"TGCATGTGGTAATCTA-1","GG2"
"TGCCAAAGTCAGACTT-1","Stroma"
"TGCCAATGGGTACTCT-1","Benign"
"TGCCACACTAGAGGAA-1","Stroma"
"TGCCACCTGGCGAAAC-1","Stroma"
"TGCCAGTACGTGGAGA-1","Benign"
"TGCCCGATAGTTAGAA-1","Benign"
"TGCCCGTACCGTTAAA-1","Benign"
"TGCCGGATGTACGAGC-1","Stroma"
"TGCCGTGGATCGTCCT-1","Stroma"
"TGCCGTGGGACCCAAT-1","Benign"
"TGCCGTTCTTAATCGG-1","GG2"
"TGCCTAATTGAAGATT-1","Benign"
"TGCCTGACATCGGTCA-1","Stroma"
"TGCCTGATCAAACGAT-1","Stroma"
"TGCCTTGGCCAGGCAA-1","Stroma"
"TGCGAATATGGGATTT-1","Stroma"
"TGCGACACCCTAGTGC-1","PIN"
"TGCGACGGCCGAACGT-1","Benign"
"TGCGAGAATATTACCC-1","Stroma"
"TGCGCAAAGCATTTGG-1","GG2"
"TGCGCCGTTAATAACG-1","Benign"
"TGCGGACTTGACTCCG-1",""
"TGCGGAGTAAAGGTGC-1","Stroma"
"TGCGTAAGAACCTGAT-1","Stroma"
"TGCGTCATGACTGAGC-1","GG2"
"TGCGTTTGTTGACACT-1","Benign"
"TGCTAAGTGTCTATTT-1","Benign"
"TGCTATGGCAAAGGGA-1","Stroma"
"TGCTCCACAGTTCTTA-1","Benign"
"TGCTCGGCGAAACCCA-1","Benign"
"TGCTCGGTGGGTCACC-1","Benign"
"TGCTCTTGAGAGTTTG-1","Benign"
"TGCTGGTTGGACAATT-1","Stroma"
"TGCTGTTGAAGAACTC-1","GG2"
"TGCTTAGAGAGAATGC-1","Exclude"
"TGCTTCCCAAGCAGTA-1","Benign"
"TGGAAGAAGGGAACGT-1","GG2"
"TGGAAGACGAACACCA-1","Fat"
"TGGAAGGATAAAGATG-1","Stroma"
"TGGAATTAGACGCTTT-1","Stroma"
"TGGACCAATCTAAGAT-1","Benign"
"TGGACGCAATCCAGCC-1","Exclude"
"TGGACTGTTCGCTCAA-1","GG2"
"TGGAGAATAATCGTCC-1",""
"TGGAGTGATGCGATGA-1","Stroma"
"TGGATGGCATCTTGGA-1",""
"TGGCAAACTAAATTAC-1","Stroma"
"TGGCAACTCGCGCGCC-1","Stroma"
"TGGCAAGCACAAGTCG-1","Stroma"
"TGGCAATGGGACGGCG-1","Benign"
"TGGCAGATTACGATCA-1","Exclude"
"TGGCAGCAGTAATAGT-1","Stroma"
"TGGCATGAAGTTTGGG-1","Benign"
"TGGCCAAACTGAAGTA-1","GG2"
"TGGCCAATTTGGTACT-1","GG4"
"TGGCCGTATATTGACC-1","Stroma"
"TGGCGACTGCTCCAAA-1","GG2"
"TGGCGATCAAGTTATG-1","Stroma"
"TGGCTACACTCTACCT-1","Benign"
"TGGCTATGTGACATAC-1","Benign"
"TGGCTCTTGTCGCGTA-1","Stroma"
"TGGCTTATGTATAATG-1","GG2"
"TGGCTTTGGGTAGACA-1","Stroma"
"TGGGAAATGCCTTTCC-1","Fat"
"TGGGCAATAGTTGGGT-1","Benign"
"TGGGCAGGCCACCGCA-1","Benign"
"TGGGCCCATACTAATT-1","Benign"
"TGGGCGATACAATAAG-1","Stroma"
"TGGGTGCACAAGCCAT-1","Benign"
"TGGGTGTTAAGTAGAA-1","Benign"
"TGGGTTCCCGGACGGA-1","Stroma"
"TGGGTTTCGGGCGTAC-1",""
"TGGTAAGCAGGATTGA-1","Stroma"
"TGGTAGAATATATGGG-1","Benign"
"TGGTCCCACGCTACGG-1","Benign"
"TGGTCGATATACCTCT-1","Benign"
"TGGTCGTGCAAGGCAA-1","Stroma"
"TGGTCTAGCTTACATG-1","Stroma"
"TGGTCTGTTGGGCGTA-1","Stroma"
"TGGTGATCGTATTTGT-1","Stroma"
"TGGTGCCCTGCCTTAC-1","Stroma"
"TGGTTAACTTACATTT-1","Stroma"
"TGGTTCAACGGGTAAT-1","Benign"
"TGTAATGACCACAATA-1","Stroma"
"TGTACCTACACGAGGG-1","Benign"
"TGTACGAACAAATCCG-1","Benign"
"TGTAGCCAATTCCGTT-1","Exclude"
"TGTAGGAGAAATTTCC-1","Benign"
"TGTAGTGATCTATAAT-1","Stroma"
"TGTATAACAGATCCTG-1","GG2"
"TGTATGGCGCAGACAG-1","Benign"
"TGTCCACGGCTCAACT-1","Benign"
"TGTCCGCAAACAATTC-1",""
"TGTCCGTGGCGCCTTT-1","Stroma"
"TGTCCTAAGTCACCGC-1","Stroma"
"TGTCGTGGGTATAGGC-1","Benign"
"TGTCGTTATCACATAT-1","Exclude"
"TGTGACTACGCCAGTC-1","Stroma"
"TGTGAGACTAGCCCAA-1","Benign"
"TGTGCCAGAGGCAAAG-1","GG2"
"TGTGCCGGTGCCGGAA-1","Benign"
"TGTGCTTTACGTAAGA-1","Stroma"
"TGTGGACTATCTACGT-1","Benign"
"TGTGGCAAAGCGTATG-1","Stroma"
"TGTGGCGGGCTTCTGG-1","Benign"
"TGTGGCTCCCACCAAC-1","Benign"
"TGTGGTAGGGTGCCTT-1","Benign"
"TGTGGTTGCTAAAGCT-1","GG2"
"TGTGTAGTAGCACGTG-1","Benign"
"TGTGTCGAAGTCGAGG-1","Stroma"
"TGTGTCGCGAGTTGCA-1","Stroma"
"TGTGTGACCATGAATC-1","GG2"
"TGTGTTCGTATCCAAG-1","Stroma"
"TGTTATTGTATGTGGC-1","Benign"
"TGTTCATAAATGTGCT-1","Nerve"
"TGTTCCGCTTCCATGA-1","GG2"
"TGTTCCGGCCTGAGCT-1","Benign"
"TGTTCGTATTGCGGTG-1","Benign"
"TGTTCTTCCATTGACT-1","GG2"
"TGTTGCCGTCGTCCCA-1","Benign"
"TGTTGTCAAGAAGTCT-1","Stroma"
"TGTTTCGGTACTTCTC-1","Fat"
"TGTTTCTGAAGCGTGC-1","Stroma"
"TGTTTGAGATCGTCAG-1","Stroma"
"TTAAACCTGGTTCCTT-1","Nerve"
"TTAAACTCGAATTCAT-1","Benign"
"TTAAAGGCGATGCTCG-1","Stroma"
"TTAACACCTCGAACAT-1","Fat"
"TTAACGTTAAAGCCTG-1","Fat"
"TTAACTCACGCGTGGA-1","Stroma"
"TTAACTTCAGGTAGGA-1","GG2"
"TTAAGATACCCAGAGA-1","Benign"
"TTAAGATAGGATTGAC-1","Benign"
"TTAAGCGCCTGACCCA-1","Stroma"
"TTAAGGCCCGTACTTT-1","Benign"
"TTAAGTATTGTTATCC-1","Benign"
"TTAATGTAGACCAGGT-1","GG2"
"TTAATTGCTTTGGGTG-1","Benign"
"TTACAGACCTAAATGA-1","Stroma"
"TTACATGCCACAACTA-1","Benign"
"TTACCATTGATTACCC-1","Stroma"
"TTACCCTAACAGTCCT-1","Fat"
"TTACCCTAGGGATTGG-1","Benign"
"TTACGGATGGTTCGAG-1","Exclude"
"TTACTAAAGGACTTTA-1","Stroma"
"TTACTATCGGCTTCTC-1","Stroma"
"TTACTCCGGCCGGGAA-1","GG2"
"TTACTCTGGTACGTAC-1","Stroma"
"TTACTGGGATATTTCA-1","Stroma"
"TTAGAAGAACATGACT-1","Benign"
"TTAGAATAAGGGTCGG-1","GG2"
"TTAGACGAGTCACCTC-1","Benign"
"TTAGAGGGATATACAG-1","GG2"
"TTAGAGTTTAGAAGGA-1","Stroma"
"TTAGCAACATGGATGT-1","Fat"
"TTAGCCATAGGGCTCG-1",""
"TTAGCTCTGTAATCCG-1","Nerve"
"TTAGCTGATTTGCCGT-1","Stroma"
"TTAGGATGGGAGGGTA-1","Benign"
"TTAGGTCATAACCGAC-1","GG2"
"TTAGTAAACCTGCTCT-1","Benign"
"TTAGTAGGGCGGCGGG-1","Stroma"
"TTAGTTATTCGTGGCA-1","Benign"
"TTATAGGTAATTGTCT-1","Benign"
"TTATATACGCTGTCAC-1","GG2"
"TTATATTTGGCAATCC-1","Stroma"
"TTATCCGGGATCTATA-1","Benign"
"TTATCCTCAAGGAATA-1","GG2"
"TTATCGCCTGCGAAGC-1","Stroma"
"TTATCTGACATTAGGA-1","Stroma"
"TTATGAATGAAAGGGA-1","Benign"
"TTATGACAAACTGGAT-1","Fat"
"TTATGATCTTAACGAA-1","Benign"
"TTATTAGAGCGTGTTC-1","Stroma"
"TTATTATCTGGAAGGC-1","Stroma"
"TTCAAAGTCTCTAGCC-1","GG2"
"TTCAACGACCCGACCG-1","Stroma"
"TTCAATACTCTGAATC-1","Benign"
"TTCACGAAAGGATCAC-1","Stroma"
"TTCACGGTCGTCACGT-1",""
"TTCACTCGAGCACCTA-1","Benign"
"TTCACTTCCTAGAACG-1","Stroma"
"TTCAGCCCTGGTCCAC-1","Benign"
"TTCAGCTGGCGTGCCC-1","Benign"
"TTCAGGCGTCAAAGCC-1","Stroma"
"TTCAGTTCAAGAGGAG-1","Benign"
"TTCATGGCGCAACAGG-1","Stroma"
"TTCCAATCTGGCTATC-1","Stroma"
"TTCCACACAGATTTGA-1","Stroma"
"TTCCAGACGAGATTTA-1","Stroma"
"TTCCAGTGGGTTTCGT-1","Benign"
"TTCCATCGACAGCGTG-1","Benign"
"TTCCCGGCGCCAATAG-1","Stroma"
"TTCCGCGTGAGGCGAT-1","Stroma"
"TTCCGGCCTTGAGGCT-1","GG2"
"TTCCGGTATCTGTGTC-1","Stroma"
"TTCCGGTTACCCACTT-1","Benign"
"TTCCTCGAGGGTGTCT-1","Stroma"
"TTCCTCGGACTAACCA-1","Benign"
"TTCCTCTGCCCGAATA-1","Stroma"
"TTCCTTTCTGTGTTGC-1","Stroma"
"TTCGAACGAAACATGC-1",""
"TTCGACAGAGCCCGTG-1","Benign"
"TTCGACGGGAAGGGCG-1","Stroma"
"TTCGCACTCGCGTGCT-1","Stroma"
"TTCGCACTGTACGACA-1","Benign"
"TTCGCCGCTCGCGCTA-1","GG2"
"TTCGCGCGCCATACGA-1","Benign"
"TTCGCTAGGAAGTTGT-1","Stroma"
"TTCGGGACTAATCGCG-1","GG2"
"TTCGGGCGCTAGTCTT-1","GG2"
"TTCGGTACTGTAGAGG-1","Exclude"
"TTCGGTGGAGACGCCC-1","Benign"
"TTCGTACTCCAGAACG-1","Fat"
"TTCGTGCATGTTATAG-1","Benign"
"TTCTAACCGAAGCTTA-1","Benign"
"TTCTACCTCAATCGGT-1",""
"TTCTAGAAAGTCTTAT-1","Benign"
"TTCTAGGCCAATTGTG-1","Stroma"
"TTCTATTAAACGCAGC-1","Stroma"
"TTCTCTTACAGGTGAT-1","Stroma"
"TTCTGACCGGGCTCAA-1","Benign"
"TTCTGCCGCGCCTAGA-1","Benign"
"TTCTGCGAGCGCCCTT-1","Stroma"
"TTCTGCGGGTTAGCGG-1","Stroma"
"TTCTGTTTCCTGTCGC-1","Stroma"
"TTCTTATCCGCTGGGT-1","Benign"
"TTCTTGAGCCGCGCTA-1","Stroma"
"TTCTTGCTAGCATCTC-1","Stroma"
"TTCTTGGACGATCTGC-1","GG2"
"TTCTTGGAGTAATGAG-1","Stroma"
"TTCTTGTAACCTAATG-1","Stroma"
"TTCTTGTGTCCATCAG-1","Fat"
"TTGAACGAATCCTTTG-1","Stroma"
"TTGAACGACGTGCTGA-1","Stroma"
"TTGAAGAATTCCCAGG-1","GG2"
"TTGAAGGATGGGCGCC-1","Stroma"
"TTGAATATGGACTTTC-1","GG2"
"TTGAATCGTTGTATAA-1","GG4"
"TTGAATTCACGTGAGG-1","Benign"
"TTGACAGGAGCTCCCG-1","Benign"
"TTGACATGAACGTGGA-1","Stroma"
"TTGACCAGGAACAACT-1","Benign"
"TTGACCATGTTCTCCG-1","Stroma"
"TTGACCGTGTTAATGA-1","Stroma"
"TTGACGCTCCATGAGC-1","Benign"
"TTGACTACCATATGGT-1","Stroma"
"TTGACTATTGTCCGGC-1","Exclude"
"TTGAGAAGTTTAGCAT-1","Benign"
"TTGAGAGTACTGCTAA-1","Stroma"
"TTGAGCAGCCCACGGT-1","Benign"
"TTGAGCGCCACGTGAT-1","Stroma"
"TTGAGTCCCGCTGCTG-1","Benign"
"TTGATCTAACTTTGTC-1","Stroma"
"TTGATGCCGCTCGTCG-1","Benign"
"TTGATGTGTAGTCCCG-1","Stroma"
"TTGATTAGCTGTTTCT-1","Stroma"
"TTGATTATGCAGATGA-1","Stroma"
"TTGCAAGAAGACTCCT-1","Benign"
"TTGCACAATTCAGAAA-1","Exclude"
"TTGCATGCTGATCACG-1","GG2"
"TTGCCAAGCAGAACCC-1","Benign"
"TTGCCATAGCCCGCTC-1","GG2"
"TTGCCCTGATCACGGG-1","GG2"
"TTGCCGCAGACCTACA-1","Stroma"
"TTGCCGCTTTCTAGTA-1","Benign"
"TTGCCTAATCCAAAGT-1",""
"TTGCGCTCTCTCGCTT-1","Stroma"
"TTGCGGAAAGCTGCCC-1","Exclude"
"TTGCGGCATCAGAAAG-1","GG2"
"TTGCGTAGTTTGAGGA-1","Fat"
"TTGCGTCGGCCAACCG-1","Stroma"
"TTGCGTGTGTAGGCAT-1",""
"TTGCTCCCATACCGGA-1","Stroma"
"TTGCTGATCATGTTCG-1","GG2"
"TTGCTGCACCTATCCA-1","Stroma"
"TTGGAAGAATACAGTC-1","GG2"
"TTGGACATGTGGCTTA-1","GG4"
"TTGGACCATCTGGCAA-1","Benign"
"TTGGACCTATAACAGT-1","Benign"
"TTGGATATCGTCTACG-1","Stroma"
"TTGGATTGGGTACCAC-1","Fat"
"TTGGCCAAATTGTATC-1","Benign"
"TTGGCCATCTTGCGCT-1","Stroma"
"TTGGGAAGACGAGCCG-1","Benign"
"TTGGGACACTGCCCGC-1","GG2"
"TTGGGACGTAAGAGTT-1","Stroma"
"TTGGGCGGCGGTTGCC-1","GG2"
"TTGGTCACACTCGTAA-1","Stroma"
"TTGGTTCGCTCAAAGG-1","Benign"
"TTGGTTGCGGTGCGCG-1","GG2"
"TTGTAAGGACCTAAGT-1","Stroma"
"TTGTAAGGCCAGTTGG-1","GG2"
"TTGTAATCCGTACTCG-1","GG2"
"TTGTACACCTCGAACA-1","GG2"
"TTGTCACCGCGGTATC-1","GG2"
"TTGTCTCGGCAAGATG-1","Benign"
"TTGTGAACCTAATCCG-1","Benign"
"TTGTGAGGCATGACGC-1","Stroma"
"TTGTGCAGCCACGTCA-1","Benign"
"TTGTGCGGAAGCGGAT-1","Stroma"
"TTGTGGTAGGAGGGAT-1","GG2"
"TTGTGGTGGTACTAAG-1","Benign"
"TTGTGTATGCCACCAA-1","Benign"
"TTGTGTTTCCCGAAAG-1","Benign"
"TTGTTAGCAAATTCGA-1","Stroma"
"TTGTTCAGTGTGCTAC-1","Stroma"
"TTGTTCTAGATACGCT-1","Stroma"
"TTGTTGGCAATGACTG-1",""
"TTGTTGTGTGTCAAGA-1","GG2"
"TTGTTTCACATCCAGG-1","GG2"
"TTGTTTCATTAGTCTA-1","Benign"
"TTGTTTCCATACAACT-1","Stroma"
"TTGTTTGTATTACACG-1",""
