Barcode,Final_Annotations
AAACAATCTACTAGCA-1,Stroma
AAACAGAGCGACTCCT-1,Benign
AAACAGCTTTCAGAAG-1,Benign*
AAACAGGGTCTATATT-1,Stroma
AAACCCGAACGAAATC-1,Stroma
AAACCGGGTAGGTACC-1,Stroma
AAACCGTTCGTCCAGG-1,Stroma
AAACCTCATGAAGTTG-1,Stroma
AAACGAAGAACATACC-1,Stroma
AAACGAGACGGTTGAT-1,Stroma
AAACGTGTTCGCCCTA-1,Stroma
AAACTCGTGATATAAG-1,Stroma
AAACTGCTGGCTCCAA-1,Benign
AAACTTGCAAACGTAT-1,Benign
AAAGACCCAAGTCGCG-1,Benign*
AAAGACTGGGCGCTTT-1,Stroma
AAAGCTTGCCTACATA-1,Stroma
AAAGGCTCTCGCGCCG-1,Stroma
AAAGGGATGTAGCAAG-1,Benign
AAAGGGCAGCTTGAAT-1,Stroma
AAAGGTAAGCTGTACC-1,Stroma
AAAGTAGCATTGCTCA-1,Stroma
AAAGTCACTGATGTAA-1,Benign*
AAAGTCGACCCTCAGT-1,Benign*
AAAGTGTGATTTATCT-1,Benign
AAAGTTGACTCCCGTA-1,Stroma
AAATAACCATACGGGA-1,Benign
AAATAAGGTAGTGCCC-1,Benign
AAATACCTATAAGCAT-1,Benign
AAATAGCTTAGACTTT-1,Stroma
AAATCGTGTACCACAA-1,Benign
AAATGATTCGATCAGC-1,Benign
AAATGCTCGTTACGTT-1,Stroma
AAATGGCATGTCTTGT-1,Exclude
AAATGGCCCGTGCCCT-1,Stroma
AAATGGTCAATGTGCC-1,Benign
AAATGTGGGTGCTCCT-1,Stroma
AAATTAACGGGTAGCT-1,Benign
AAATTACACGACTCTG-1,Benign
AAATTACCTATCGATG-1,Benign
AAATTCCAGGTCCAAA-1,Stroma
AAATTGATAGTCCTTT-1,Stroma
AAATTGGTGAGAAGCA-1,Stroma
AAATTTGCGGGTGTGG-1,Benign
AACAACTGGTAGTTGC-1,Stroma
AACAATTACTCTACGC-1,Benign*
AACACGACTGTACTGA-1,Stroma
AACACGAGACGCGGCC-1,Chronic inflammation
AACACGCGGCCGCGAA-1,Stroma
AACAGGAAATCGAATA-1,Stroma
AACAGGATGGGCCGCG-1,Benign*
AACAGGTAGTATGGAT-1,Exclude
AACATATCAACTGGTG-1,Stroma
AACATCGATACGTCTA-1,Stroma
AACCAAGACTTCTCTG-1,Benign*
AACCATGGGATCGCTA-1,Stroma
AACCCAGAGACGGAGA-1,Benign*
AACCCTACTGTCAATA-1,Benign
AACCCTGGTGGAACCA-1,Stroma
AACCGAGCTTGGTCAT-1,Benign
AACCGCTAAGGGATGC-1,Stroma
AACCGTTGTGTTTGCT-1,Stroma
AACCTGTCACGGAATT-1,Stroma
AACCTTTACGACGTCT-1,Benign
AACGATAGAAGGGCCG-1,Stroma
AACGATATGTCAACTG-1,Exclude
AACGCATGATCTGGGT-1,Stroma
AACGCGGTCTCCAGCC-1,Benign
AACGGCCATCTCCGGT-1,Exclude
AACGTACTGTGGGTAC-1,Exclude
AACGTCAGACTAGTGG-1,Stroma
AACGTGATGAAGGACA-1,Stroma
AACGTGCGAAAGTCTC-1,Stroma
AACTACCCGTTTGTCA-1,Stroma
AACTAGCGTATCGCAC-1,Stroma
AACTCAAGTTAATTGC-1,Benign
AACTCCTAATCCCATG-1,Benign
AACTCGATGGCGCAGT-1,Stroma
AACTCTCAATAGAGCG-1,Exclude
AACTCTCAGTGTGCTC-1,Stroma
AACTGAGTTATACTGA-1,Stroma
AACTGATATTAGGCCT-1,Benign
AACTGGGTCCCGACGT-1,Benign
AACTGGTGTGGGCCTT-1,Stroma
AACTTCTGCGTCTATC-1,Stroma
AACTTGCCCGTATGCA-1,Benign*
AACTTTACGGGAGCTT-1,Stroma
AACTTTAGCTGCTGAG-1,Stroma
AACTTTCTCGATCATG-1,Stroma
AAGAAATCACCAGATT-1,Stroma
AAGAAGGATCAGTTAG-1,Benign*
AAGACCCAACTGAACA-1,Stroma
AAGACTGCAAGCTACT-1,Stroma
AAGAGATGAATCGGTA-1,Benign*
AAGAGCTCTTTATCGG-1,Stroma
AAGAGGATGTACGCGA-1,Exclude
AAGAGGCATGGATCGC-1,Stroma
AAGATGGCACCGGACC-1,Stroma
AAGATTGGCGGAACGT-1,Benign
AAGCCGAAGCGGTTTA-1,Benign
AAGCCGCTTTACCTTG-1,Stroma
AAGCGGCGTCATGGGT-1,Benign
AAGCGTCCCTCATCGA-1,Stroma
AAGCTCGTGCCAAGTC-1,Benign
AAGGAGAACTTATAAG-1,Benign*
AAGGAGCGGTTGGTGC-1,Benign*
AAGGATCGATCGCTTG-1,Stroma
AAGGATGAGGGACCTC-1,Benign
AAGGCAGGCTGTCTCC-1,Stroma
AAGGCGCGTAAAGCTT-1,Benign*
AAGGCTGTGCTCATCG-1,Stroma
AAGGGACAGATTCTGT-1,Benign
AAGGTATCCTAATATA-1,Exclude
AAGGTGATAAACCAGC-1,Benign
AAGTAGAAGACCGGGT-1,Benign*
AAGTAGTGACGCGAGG-1,Benign*
AAGTCAATTGTCGTCA-1,Stroma
AAGTCTAGTAGCTGCC-1,Stroma
AAGTCTTCTGTGGCCT-1,Stroma
AAGTGACGACCGAATT-1,Stroma
AAGTGAGTCGGGTTTA-1,Stroma
AAGTGCAAAGGTAGAC-1,Benign*
AAGTGCCTTGACTGTA-1,Stroma
AAGTGCGTTAGAATCT-1,Stroma
AAGTTCAGTCTGCGTA-1,Benign
AAGTTCGGCCAACAGG-1,Stroma
AAGTTTACTAATGGCA-1,Benign*
AATAACAACGCTCGGC-1,Exclude
AATAACACTAGAACAA-1,Stroma
AATAAGTCCTCGAGAC-1,Stroma
AATACAATGTTTCAGG-1,Stroma
AATAGAACAGAGTGGC-1,Stroma
AATAGCTACCGCGTGC-1,Benign
AATAGTCCGTCCCGAC-1,Stroma
AATATCAAGGTCGGAT-1,Stroma
AATATCCTAGCAAACT-1,Benign*
AATATCGAGGGTTCTC-1,Stroma
AATATTGGAGTATTGA-1,Benign*
AATCCAAGGGCCTGAG-1,Stroma
AATCGCCTCAGCGCCA-1,Exclude
AATCGCGCAGAGGACT-1,Stroma
AATCGGGACACTACGA-1,Stroma
AATCTAGGTTTACTTG-1,Stroma
AATCTATGCCGGAGCC-1,Benign
AATCTCTACTGTGGTT-1,Benign*
AATCTGCGTTGGGACG-1,Exclude
AATCTGGCTTTCTAGT-1,Stroma
AATGACAGCAATGTCT-1,Stroma
AATGACGTAGGATGTC-1,Stroma
AATGACTGTCAGCCGG-1,Stroma
AATGAGTTCGCATATG-1,Stroma
AATGATGATACGCTAT-1,Benign
AATGATGCGACTCCTG-1,Benign
AATGCAACCGGGTACC-1,Stroma
AATGCACCAAGCAATG-1,Exclude
AATGGTCCACCGTTCA-1,Stroma
AATGGTTCTCACAAGC-1,Stroma
AATGTGCCCGAGGTGT-1,Stroma
AATTAAAGGTCGGCGT-1,Benign
AATTCATAAGGGATCT-1,Benign
AATTCTAGAGTTAGGC-1,Stroma
AATTGAACGCTCTGGT-1,Benign
AATTTGGGACATAGTA-1,Benign
AATTTGGTTCCAAAGA-1,Stroma
ACAAAGAAGGTAGGCC-1,Benign*
ACAAATGGTAGTGTTT-1,Benign
ACAACAGCATGAGCTA-1,Exclude
ACAACGGTCCCTGCGA-1,Stroma
ACAAGCAGTGCCTAGC-1,Benign*
ACAAGCTATATGGAAG-1,Stroma
ACAAGGACAAGAGGTT-1,Stroma
ACAAGGGCAGGCTCTG-1,Stroma
ACAATAGTCGTACGTT-1,Benign
ACAATCCATTTAAACC-1,Stroma
ACAATCGATCTTTATA-1,Benign*
ACAATGAATACGGAGA-1,Stroma
ACAATTTAGGAGGCTC-1,Stroma
ACAATTTGAGCAGTGG-1,Benign
ACAATTTGGCCATATT-1,Stroma
ACACAAAGACGGGTGG-1,Stroma
ACACACCAGGACCAGT-1,Benign
ACACACTTTCTACACG-1,Stroma
ACACCACATAATTAGC-1,Stroma
ACACCCAGCATGCAGC-1,Stroma
ACACCCGAGAAATCCG-1,Benign*
ACACCTTAAGTAGGGC-1,Stroma
ACACCTTACTACTTGC-1,Stroma
ACACGAGACTCCTTCT-1,Stroma
ACACGGCACTATGCAT-1,Stroma
ACACGGGAACTTAGGG-1,Exclude
ACACTCCAATGTCACT-1,Benign*
ACACTGATCAAGGTGT-1,Stroma
ACAGAACTGAGAACAA-1,Stroma
ACAGATTAGGTTAGTG-1,Stroma
ACAGCATAGAGCCAGT-1,Stroma
ACAGCGCACCCGCAGC-1,Benign
ACAGGTGGAGGTGAGG-1,Stroma
ACAGGTGTGTTGTTGC-1,
ACAGTAATACAACTTG-1,Stroma
ACAGTATACCGTGGGA-1,Stroma
ACATAATAAGGCGGTG-1,Stroma
ACATCAGCTGGGACGC-1,Exclude
ACATCCCGGCCATACG-1,Stroma
ACATCCTGGTAACTGT-1,Exclude
ACATCGATCGTTTACC-1,Benign
ACATCGGTCAGCCGCG-1,Benign
ACATCGTATGCAATGG-1,Stroma
ACATCGTTAACCTAGT-1,Stroma
ACATCTCAACGCGTAA-1,Benign*
ACATGGCGCCAAAGTA-1,Stroma
ACCAAACACCCAGCGA-1,Stroma
ACCAAACTAGAAATCC-1,Benign*
ACCAACACCACACACT-1,Benign
ACCAACGCTTATTTAT-1,Stroma
ACCAAGAACGCGTGTC-1,Benign*
ACCACAACTCAGAACA-1,Stroma
ACCACAAGTTTCTATC-1,Benign
ACCACCAATGTAACAA-1,Stroma
ACCACCCTCTCTTCTA-1,Stroma
ACCAGACCATAACAAC-1,Stroma
ACCAGCCCGGTCTTTG-1,Stroma
ACCAGGAGTGTGATCT-1,Benign*
ACCATATCCGCAATAA-1,Stroma
ACCATCCGCCAACTAG-1,Stroma
ACCATCGTATATGGTA-1,Stroma
ACCCAACGCCCGTGGC-1,Stroma
ACCCACCTACATGCTC-1,Stroma
ACCCATCTTGAGGGTA-1,Exclude
ACCCGGATGACGCATC-1,Benign
ACCCGGTTACACTTCC-1,Benign
ACCCGTGTCATCAGTA-1,Stroma
ACCCTATGCCATATCG-1,Stroma
ACCCTGGTAACGCCCT-1,Benign
ACCCTTCATCTGCGAA-1,Stroma
ACCCTTTAGTTCTCCA-1,Stroma
ACCGAAAGGGCCCTGC-1,Benign*
ACCGACTGAGTCCCAC-1,Stroma
ACCGATGGTAGCATCG-1,Benign
ACCGCGGTGGAAGTCG-1,Benign
ACCGGGCCTTTGTTGA-1,Stroma
ACCGTGACCACGTGGG-1,Stroma
ACCGTTCCCGCTCTGA-1,Stroma
ACCTAAGTACCTTTCA-1,Stroma
ACCTAATCGACTTCCT-1,Exclude
ACCTACAGTATGTGGT-1,Stroma
ACCTCCGTTATTCACC-1,Benign
ACCTGCGTGTCATGTT-1,Stroma
ACGAAATGGGCGGCAC-1,Benign*
ACGAGAACCCATCACG-1,Stroma
ACGAGATATTTGCTTA-1,Stroma
ACGAGGATACCACTCT-1,Stroma
ACGAGTACGGATGCCC-1,Benign
ACGATACATAGAACTA-1,Benign
ACGATCATACATAGAG-1,Stroma
ACGATCATCTTGTAAA-1,Stroma
ACGATGCATATGTTAT-1,Benign
ACGATGGATCCGATGC-1,Stroma
ACGCAATCACTACAGC-1,Benign
ACGCATTCGTGAGTAC-1,Benign
ACGCCAGATGATTTCT-1,Benign
ACGCCCAGCTGTCGAT-1,Stroma
ACGCCGCTAGACGACC-1,Benign
ACGCGAAGTCAGACGA-1,Stroma
ACGCGCTACACAGGGT-1,Stroma
ACGCGGGCCAAGGACA-1,Stroma
ACGCTAGTGATACACT-1,Stroma
ACGCTGTGAGGCGTAG-1,Stroma
ACGGAATTTAGCAAAT-1,Stroma
ACGGAGCGCAAATTAC-1,Stroma
ACGGCCAACATGGACT-1,Benign
ACGGGAGTGTCGGCCC-1,Stroma
ACGGGCGTATGCGACA-1,Exclude
ACGTACAGATTTCTCT-1,Stroma
ACGTAGATTGCTGATG-1,Benign
ACGTATTACTCCGATC-1,Stroma
ACGTCTCGTTCCGGGA-1,Benign*
ACGTGCGCCTCGTGCA-1,Stroma
ACGTTAATGTCGAAGA-1,Stroma
ACGTTAGATTTGCCCG-1,Benign
ACGTTCCGCGCTCCGT-1,Stroma
ACGTTCGCAATCAATT-1,Exclude
ACGTTCGTTCAGGAAA-1,Stroma
ACGTTTAGTTGTGATC-1,Stroma
ACTACCAGCTCTCTGG-1,Stroma
ACTATATGCTGTGTTC-1,Benign
ACTATCCAGGGCATGG-1,Stroma
ACTATTCGTCCGTGGT-1,Benign
ACTATTTCCGGGCCCA-1,Stroma
ACTCAACGAATGTATT-1,Stroma
ACTCAATAAAGGCACG-1,Benign
ACTCAGACCTGCTTCT-1,Stroma
ACTCCCATTCCTAAAG-1,Stroma
ACTCCCGAATTCGTTT-1,Stroma
ACTCCCGTAGACTAGG-1,Stroma
ACTCGCGATCTGACGC-1,Benign
ACTCGTAACCCGTCCT-1,Chronic inflammation
ACTCGTCAGTAATCCC-1,Stroma
ACTCTCTGACTTAGGT-1,Benign
ACTCTCTTATACACGA-1,Stroma
ACTCTTCAGCTCCCGC-1,Exclude
ACTCTTGTATAGTAAC-1,Benign
ACTGAATGGCGAAAGT-1,Benign
ACTGCCGTCGTAACTC-1,Benign
ACTGCGGACACACCGT-1,Benign
ACTGTACGATACACAT-1,Exclude
ACTGTAGCACTTTGGA-1,Exclude
ACTGTATACGCGAGCA-1,Benign*
ACTGTCCAGGATTATA-1,Benign
ACTGTCTTCTTTAGAA-1,Benign
ACTGTGCTAGTAGATC-1,Stroma
ACTGTTTAGTGTAGGC-1,Benign*
ACTTACCGGGCGCGCA-1,Benign
ACTTAGTACGACAAGA-1,Stroma
ACTTATACTTACCCGG-1,Benign
ACTTATTAGGATCGGT-1,Benign
ACTTATTTATGTGCCA-1,Benign
ACTTCGCCATACGCAC-1,Benign
ACTTCGCTAGCGAGTG-1,Benign
ACTTGACTCCCTCTTT-1,Benign
ACTTGCCATATTGTAC-1,Stroma
ACTTGGGACCCGGTGG-1,Stroma
ACTTGTAGTCCCTTCA-1,Stroma
ACTTTACCCTCATGAA-1,Stroma
ACTTTCCTATAGCTTC-1,Benign
ACTTTGACTGCATCCT-1,Benign*
AGAACCCAGCGTGACA-1,Stroma
AGAACGTGGTACATTC-1,Exclude
AGAAGAGCGCCGTTCC-1,Benign
AGAAGGTTGCCGAATT-1,Benign
AGAAGTGATTCGTGAT-1,Stroma
AGAATAAATCTTCAGG-1,Benign*
AGAATGCGGGTTCGGA-1,Benign
AGAATTATGGATTCGA-1,Exclude
AGAATTGTTTGACATA-1,Stroma
AGACAGCTCAGAATCC-1,Benign*
AGACATAGATCCTTCC-1,Stroma
AGACCAAACCACACCT-1,Exclude
AGACCATGGGATACAA-1,Stroma
AGACCCACCGCTGATC-1,Stroma
AGACCCGCCCTCCTCG-1,Benign
AGACCGCTCCGCGGTT-1,Benign
AGACCGGGAAACCCTG-1,Stroma
AGACGACGATGCCGCT-1,Benign
AGACTAGCCTTCCAGA-1,Stroma
AGAGAACCGTCTAGGA-1,Benign
AGAGAAGGAGTACAAT-1,Stroma
AGAGATCTCTAAAGCG-1,Benign
AGAGCAGTTATGAGAC-1,Stroma
AGAGCGCTTGTAACGG-1,Stroma
AGAGCGGGCTAATCAT-1,Stroma
AGAGCGTACAAGCTCG-1,Stroma
AGAGGTATCTCGGTCC-1,Stroma
AGAGTAAACTTCACTA-1,Benign
AGAGTATAGTGTTACG-1,Benign
AGATAACTTCAGGGCC-1,Benign*
AGATACCAGCACTTCA-1,Stroma
AGATACCGGTGTTCAC-1,Benign
AGATACGACTTCATAT-1,Stroma
AGATACTCAAGATCGA-1,Benign
AGATCGTGCATAAGAT-1,Stroma
AGATCTCAGGTGTGAT-1,Stroma
AGATGACTCGCCCACG-1,Stroma
AGATGAGGGTTGCGAT-1,Benign
AGATGATGGAGTCTGG-1,Benign
AGATGCATCCTGTGTC-1,Stroma
AGATTATAGGACGTTT-1,Benign
AGCAACATATCTTATT-1,Stroma
AGCACCAGTACTCACG-1,Benign
AGCACTACCGGCCTGT-1,Exclude
AGCACTTAAGGACGCC-1,Stroma
AGCAGCCAGATGAATA-1,Stroma
AGCATCATTTCGAAAG-1,Stroma
AGCATCGTCGATAATT-1,Stroma
AGCCACTCCCGTGCTT-1,Exclude
AGCCCATACATGTAAG-1,Stroma
AGCCCGGTAGCCTGTA-1,Stroma
AGCCCTAAGCGAAGTT-1,Stroma
AGCCCTGTCGCACCGT-1,Exclude
AGCCCTTCTAATCCGA-1,Benign
AGCCGCAAATTCAAAT-1,Stroma
AGCCGTGGCTAAATGT-1,Chronic inflammation
AGCCTAATACCCACGT-1,Stroma
AGCCTTAAAGCGGAAG-1,Stroma
AGCGACAGGAACGGTC-1,Benign
AGCGACATCCCATTCA-1,Stroma
AGCGACCAACGATATT-1,Stroma
AGCGCATAATGAATCG-1,Stroma
AGCGCGGGTGCCAATG-1,Benign
AGCGCTAGAGCGATGT-1,Stroma
AGCGGCGGTTAGCGGT-1,Stroma
AGCGGGAAGGGTCCAT-1,Stroma
AGCGGTTGCCGCTCTG-1,Stroma
AGCGTCTGAACCCGCA-1,Stroma
AGCGTGGTATTCTACT-1,Benign
AGCTAGAAGCAGAAGT-1,Benign
AGCTATTTAATCCAAC-1,Benign
AGCTCTAGACGTTCCA-1,Stroma
AGCTCTTCCCAGTGCA-1,Benign
AGCTCTTCGTAACCTT-1,Stroma
AGCTCTTTACTCAGTT-1,Benign
AGCTGAAGTAAACCAA-1,Stroma
AGCTGTAACCTCAATC-1,Stroma
AGCTTATAGAGACCTG-1,Stroma
AGCTTGATCTTAACTT-1,Stroma
AGGACAGTCGAATCCC-1,Benign
AGGACATCGCACGTCG-1,Benign*
AGGACGACCCATTAGA-1,Stroma
AGGACGCTCGATGTTG-1,Exclude
AGGAGACATCCACAGT-1,Stroma
AGGAGAGTCTGGCTAC-1,Benign
AGGATATAGGGATTTA-1,Stroma
AGGATCACGCGATCTG-1,Chronic inflammation
AGGATTGCTTACGACA-1,Stroma
AGGCAGATGCGTAAAC-1,Exclude
AGGCAGGGAGCGTACT-1,Stroma
AGGCATTGTCGTAGGG-1,Benign
AGGCCACATTGGTTAC-1,Stroma
AGGCCACCCGTTATGA-1,Exclude
AGGCCCATTGTACAGG-1,Stroma
AGGCCCTAGAACGCCA-1,Stroma
AGGCGTCTATGGACGG-1,Stroma
AGGCTATGGTTAGCTT-1,Benign*
AGGCTTCCCGAAGAAG-1,Stroma
AGGCTTGCTAGACACC-1,Stroma
AGGGAAACGAGGTACT-1,Benign
AGGGACAGCACGGCGG-1,Stroma
AGGGACCGGCTGCGTT-1,Benign
AGGGACTCTACGCGAC-1,Stroma
AGGGAGACATACTTCG-1,Benign
AGGGCAGCGGCGTGGT-1,Stroma
AGGGCGAGCAGCTGAT-1,Benign
AGGGCGTGATCGGCTA-1,Benign*
AGGGCTGCAGTTACAG-1,Stroma
AGGGTCAGTAACCCTA-1,Stroma
AGGGTCGATGCGAACT-1,Benign
AGGGTGCTCTCGAGGG-1,Benign
AGGGTGGATAGTGCAT-1,Stroma
AGGGTTCCCTTTGGTT-1,Benign
AGGGTTTAGTTCGGGA-1,Benign
AGGTAACCTCCTATTC-1,Benign*
AGGTACGATATTGCCA-1,Benign
AGGTAGGTACAAAGCT-1,Exclude
AGGTATAATTGATAGT-1,Benign
AGGTATGCGGACATTA-1,Benign
AGGTCAGGTGAGAGTG-1,Chronic inflammation
AGGTCGCGGAGTTACT-1,Exclude
AGGTGTATCGCCATGA-1,Stroma
AGGTTACACCATGCCG-1,Benign
AGGTTGAGGCACGCTT-1,Exclude
AGGTTTCACACACCTT-1,Stroma
AGTAATGTCTTGCCGC-1,Stroma
AGTACATCATTTATCA-1,Benign
AGTACGGCCCGTATCG-1,Benign*
AGTACGGGCACCTGGC-1,Benign
AGTAGGAAGGAAGTTG-1,Benign
AGTAGGTAACATACAT-1,Exclude
AGTATAATACTAGGCA-1,Benign*
AGTATTTGGCACGACC-1,Stroma
AGTCAACACCACCATC-1,Benign
AGTCAGCCACCGCCTG-1,Benign*
AGTCCATTGGCTGATG-1,Stroma
AGTCCCGCCTTTAATT-1,Benign
AGTCCCTCGCAGAAAG-1,Stroma
AGTCGACGGTCTCAAG-1,Benign
AGTCGGCCCAAACGAC-1,Stroma
AGTCGGCTCAACTTTA-1,Chronic inflammation
AGTCGGTTGCGTGAGA-1,Benign
AGTCGTGGGCATTACG-1,Stroma
AGTCTAAAGTATACTC-1,Benign
AGTCTCACAAGACTAC-1,Stroma
AGTCTGGACATCCTTG-1,Stroma
AGTCTTCTCCTCAAAT-1,Benign
AGTGAACAAACTTCTC-1,Stroma
AGTGAAGATGGTGTCC-1,Stroma
AGTGACCTACTTTACG-1,Benign
AGTGAGACTTCCAGTA-1,Stroma
AGTGAGCCTCGCCGCC-1,Exclude
AGTGAGGGTTTCTGAC-1,Stroma
AGTGATATGAGTAGTT-1,Benign
AGTGATTCAAGCAGGA-1,Benign
AGTGCGTAGCTCGTAA-1,Benign
AGTGCTTGCACGAATA-1,Stroma
AGTGGCGGCAATTTGA-1,Benign
AGTGGCTCCGTCGGCC-1,Stroma
AGTGGTGTTACCCGTG-1,Stroma
AGTGGTTGCGTATAGG-1,
AGTGTATTGCGCATTG-1,Benign
AGTGTGGTCTATTGTG-1,Stroma
AGTTAAACACTTGCGA-1,Benign
AGTTAAGCGGTCCCGG-1,Benign
AGTTAAGTCAACCGCT-1,Stroma
AGTTACCGCACATGGT-1,Benign*
AGTTACTCTATCGTGG-1,Benign
AGTTCCTACAGAATTA-1,Benign
AGTTCCTATTTATGTT-1,Exclude
AGTTGACATCGGCTGG-1,Stroma
AGTTTATGTAAAGACA-1,Stroma
AGTTTCGCAGGTCGGA-1,Stroma
AGTTTGGCACGGGTTG-1,Stroma
AGTTTGGCCAGACCTA-1,Benign
ATAAACCATTGGACGG-1,Stroma
ATAAACGGACCCGTAA-1,Stroma
ATAAAGGCTCGGTCGT-1,Benign
ATAAATATTAGCAGCT-1,Exclude
ATAACGCCGGAGGGTC-1,Stroma
ATAACGGAGTCCAACG-1,Benign
ATAAGTAGGATTCAGA-1,Exclude
ATAAGTAGGGCGACTC-1,Stroma
ATAAGTTACCGCGACG-1,Benign
ATAATAGCTGTTGAAT-1,Benign
ATAATAGTGTAGGGAC-1,Benign*
ATACCACGGGCAACTT-1,Exclude
ATACCAGCAAATTGCT-1,Benign*
ATACCAGGCTAATAGA-1,Benign*
ATACCAGGTGAGCGAT-1,Stroma
ATACCGTCATCCATAA-1,Stroma
ATACGAAGGCTTTCCA-1,Benign
ATACGCCGGCGAAACC-1,Stroma
ATACGGGTTTCGATTG-1,Stroma
ATACGGTGAAGATGCA-1,Benign*
ATACGTCCACTCCTGT-1,Stroma
ATACTAGCATGACCCT-1,Stroma
ATACTTGTTCTCGAGC-1,Stroma
ATAGACAACGGGACCT-1,Stroma
ATAGACGAAGAGAAAG-1,Benign*
ATAGAGTACTGGGACA-1,Stroma
ATAGAGTTATCAACTT-1,Exclude
ATAGGCGGCTATAGAA-1,Benign
ATAGGCTAGCTTCGCA-1,Stroma
ATAGGGATATCCTTGA-1,Benign
ATAGGTTGGGCAGATG-1,Exclude
ATAGTCTTTGACGTGC-1,Stroma
ATAGTGAAGCGTTCTC-1,Benign
ATAGTTCCACCCACTC-1,Stroma
ATATCAACCTACAGAG-1,Stroma
ATATCGGTAGGGAGAT-1,Stroma
ATATCTCCCTCGTTAA-1,Benign
ATATCTTAGGGCCTTC-1,Stroma
ATATGTCTCCCTAGCC-1,Benign
ATATTCAGTTAAACCT-1,Benign
ATATTCCCACAGGTCA-1,Stroma
ATATTGCTGTCAAAGT-1,Stroma
ATATTTAACCCTCAAG-1,Benign
ATCAAACACTGTTCCA-1,Benign
ATCAAACGAAGGTTTG-1,Exclude
ATCAATCTGGGCTGCA-1,Benign
ATCACATTAGAATATC-1,Stroma
ATCACGTGCTAATTAA-1,Exclude
ATCACTTCATCCTCGC-1,Benign
ATCAGACGGCACGCCG-1,Exclude
ATCAGCTCGTCCACTA-1,Stroma
ATCAGGTAGCTGACAG-1,Stroma
ATCAGTAGGCAGGGAT-1,Exclude
ATCATCCAATATTTGT-1,Benign
ATCATGGACTACCGAC-1,Stroma
ATCCAACGCAGTCATA-1,Stroma
ATCCAATGGAGGGTCC-1,Stroma
ATCCAATGGTACCGAA-1,Exclude
ATCCAGAGCAACAACC-1,Stroma
ATCCAGGATTCGTGAA-1,Benign
ATCCTACCTAAGCTCT-1,Benign
ATCCTGAATCGCTGCG-1,Benign*
ATCCTGCGTGGAATGG-1,Benign
ATCCTGCTGCAGATAG-1,Stroma
ATCCTTCTGAAAGAAC-1,Stroma
ATCGACCCAATACAGA-1,Benign
ATCGACTCTTTCCGTT-1,Benign
ATCGCACGCCGGGAGA-1,Benign
ATCGCCAGTCAACATT-1,Benign
ATCGCTGCGTGCAGCA-1,Stroma
ATCGCTTTACGTCTCA-1,Exclude
ATCGGCAAGCAGTCCA-1,Stroma
ATCGGTTACCTAGTAA-1,Stroma
ATCGTTCACTTTCGCC-1,Benign
ATCTCCCTGCAATCTA-1,Benign
ATCTCGTGAGCGAAAC-1,Benign
ATCTGCACCTCTGCGA-1,Stroma
ATCTGGTTAAGACTGT-1,Benign
ATCTGTAATTGTACCC-1,Benign*
ATCTTGACCTGCAACG-1,Stroma
ATCTTGACTTGTCCAA-1,Exclude
ATCTTTCGTATAACCA-1,Stroma
ATGAAGCCAAGGAGCC-1,Stroma
ATGACGCCGGCTCTAA-1,Benign*
ATGACGCGTTCTATCC-1,Stroma
ATGAGGAGTGTTAATC-1,Benign*
ATGAGGGCAGCGGCTA-1,Stroma
ATGATCGGGAATAGAC-1,Benign*
ATGATGCAATGGTACA-1,Benign
ATGCACTACCGCATTG-1,Stroma
ATGCATGATCCAGGAT-1,Benign
ATGCATTCCGTGATGG-1,Stroma
ATGCCAATCGCTCTGC-1,Benign
ATGCCATTTGCGACCA-1,Stroma
ATGCCGGTCTTGCATA-1,Exclude
ATGCCGGTTGATGGGA-1,Benign
ATGCGACAATTGGTCC-1,Benign
ATGCGACAGTCCCATT-1,Benign
ATGCGAGTCCCACCAC-1,Benign
ATGCTCAGTGTTGCAT-1,Stroma
ATGGAACCTTTGCACA-1,Stroma
ATGGAGCAGGCCGTGA-1,Stroma
ATGGATCCGGCGTCCG-1,Benign
ATGGATTGACCAAACG-1,Exclude
ATGGCAGCCGAGAAAC-1,Stroma
ATGGCGGAATAGTCGC-1,Exclude
ATGGCTGGAAATGGCC-1,Benign
ATGGGCCTCGGCCTCT-1,Benign
ATGGTCGCGTGGTTTC-1,Benign
ATGGTGCTCAAAGCCA-1,Benign*
ATGTAAGGCTGCTCTT-1,Exclude
ATGTGAAAGCCTAATG-1,Chronic inflammation
ATGTGCATCCGACGCA-1,Stroma
ATGTGGACATCTTGAT-1,Benign
ATGTGTAGTTTAGTCA-1,Benign*
ATGTTACGAGCAATAC-1,Stroma
ATGTTCGTCGACCCAC-1,Stroma
ATGTTTCGGCCCGGAG-1,Benign
ATTAAACATGCGGACC-1,Benign
ATTAATACTACGCGGG-1,Benign
ATTAATGAACCAGTCG-1,Stroma
ATTAATTCGGTCACTC-1,Stroma
ATTACAACTACCGGCC-1,Exclude
ATTACCACACTGCCTG-1,Benign
ATTACGACTCCACAGT-1,Stroma
ATTACGCGCTGGCAGG-1,Stroma
ATTACTAGCCTCTTGC-1,Benign*
ATTACTTACTGGGCAT-1,Exclude
ATTAGATTCCTCAGCA-1,Benign
ATTAGATTGATAGCGG-1,Stroma
ATTAGGCGATGCTTTC-1,Exclude
ATTATACTTTGCTCGT-1,Stroma
ATTATAGCTACTTTAC-1,Stroma
ATTATCTCGACAGATC-1,Stroma
ATTATGCCATAGGGAG-1,Stroma
ATTATTATGTCCGTCA-1,Stroma
ATTCAGGACCTATTTC-1,Stroma
ATTCAGTAGCAGGGTC-1,Benign*
ATTCATATACTGTCCA-1,Benign
ATTCCCACATAAACAA-1,Stroma
ATTCCTAAGACGTGGA-1,Benign
ATTCCTCCGCCAGTGC-1,Exclude
ATTCGACGCCGGGCCT-1,Benign*
ATTCGTGCTATCTCTT-1,Stroma
ATTCTCGTCTCTTTAG-1,Stroma
ATTCTTCGTACTTATG-1,Stroma
ATTGAAGATCTTAGTG-1,Stroma
ATTGACCGGCGATGAC-1,Exclude
ATTGACGTAACTCGGT-1,Stroma
ATTGATGAGTCCTAAC-1,Benign
ATTGCTGCTCCTCCAT-1,Benign*
ATTGGGAATATCTTGG-1,Stroma
ATTGTACAACTCGGCT-1,Benign
ATTGTCGCAATACCTT-1,Benign
ATTTAACTCGTATTAC-1,Benign*
ATTTACAGTTTACTGG-1,Stroma
ATTTACTAAGTCCATT-1,Stroma
ATTTCATTATTTCGCG-1,Benign
ATTTCCGGGTTCTGCG-1,Stroma
ATTTGCGCGAGTAGCT-1,Stroma
ATTTGTCTTGGGAGCT-1,Stroma
ATTTGTTCCAGGGCTC-1,Benign
CAAACCAGGTCTGCAT-1,Stroma
CAAACGAGTATCGCAG-1,Exclude
CAAACGGTCGCACTTT-1,Stroma
CAAACTACGATAGAGA-1,Benign
CAAACTATTGAGCTTC-1,Benign
CAAACTCGCGACGCCG-1,Benign
CAAAGATTATTGGGCC-1,Stroma
CAAAGGTCATCTGAAA-1,Stroma
CAAATCTCTCACAAGG-1,Stroma
CAAATGTCCTTCCGTG-1,Benign
CAAATTGGATTATGCC-1,Benign
CAAATTGTCAGCAAGC-1,Stroma
CAACACATCTCCTGCC-1,Stroma
CAACCTGAACCTGCCA-1,Stroma
CAACGACCCGTTTACA-1,Stroma
CAACGGTTCTTGATAC-1,Stroma
CAACTATATCGAATGC-1,Benign
CAACTCCTTGATCCCG-1,Benign*
CAACTGCTCATCCGAT-1,Stroma
CAACTTGTAGTGGGCA-1,Stroma
CAAGACTCAGAAGCGC-1,Benign
CAAGAGGGCGGAGTAC-1,Stroma
CAAGATATTATAACGT-1,Benign
CAAGCAACGTCGGAGT-1,Stroma
CAAGCACCAAATGCCT-1,Benign
CAAGGATCGCATGTTC-1,Benign
CAAGGTCCTATAGGCT-1,Exclude
CAAGTGAACTTTGGTT-1,Benign*
CAAGTGTGGTTGCAAA-1,Benign
CAATAAACCTTGGCCC-1,Benign
CAATACGAGAGTCTGA-1,Stroma
CAATACGCTCTGAGGC-1,Stroma
CAATATTCTTGACCTA-1,Stroma
CAATCCCTATACCAGC-1,Exclude
CAATCCTGCCGTGGAG-1,Benign*
CAATGAGGTTCGACTA-1,Stroma
CAATGGAATCTACATA-1,Stroma
CAATGGATCTCTACCA-1,Benign
CAATGGTCGGCCTGGG-1,Benign*
CAATGTGCCAACCCTT-1,Benign
CAATTAAGGGTGATGA-1,Benign
CAATTTCGTATAAGGG-1,Stroma
CACAAGAAAGATATTA-1,Stroma
CACAATGAGCTGCTAT-1,Benign
CACACAGCTTGCGCTC-1,Stroma
CACACAGGGATAGATT-1,Stroma
CACACGCGCTGTCTTA-1,Exclude
CACACTTGTATTGCGA-1,Exclude
CACAGCACCCACGGCA-1,Benign
CACAGCTAGGGAGTGA-1,Stroma
CACATATTAGCAGGAT-1,Benign
CACATCGTGCACGCGC-1,Stroma
CACATGATTCAGCAAC-1,Stroma
CACATTCTTTCGATGG-1,Benign
CACATTTCTTGTCAGA-1,Stroma
CACCACGCCACACAGA-1,Stroma
CACCATCGGAGGAGAC-1,Stroma
CACCCAAATCTTATGT-1,Benign
CACCCACACGTCACCC-1,Benign*
CACCCACGAGGCAATT-1,Stroma
CACCCGGTTTGTGACT-1,Benign
CACCCTTGGTGAGACC-1,Stroma
CACCCTTTCCTCGCTC-1,Stroma
CACCGATACACCGAGC-1,Benign
CACCGCCAGAAGGTTT-1,Stroma
CACCGCCGACCAGCGA-1,Stroma
CACCGCGTCCACTCTA-1,Benign
CACCGTTAGGGATCAC-1,Benign
CACCGTTGCGCGATAT-1,Stroma
CACCTAATAGAGTCGT-1,Stroma
CACCTAATCAGTTTAC-1,Benign
CACCTCGATGGTGGAC-1,Exclude
CACCTTGCGAAACTCG-1,Exclude
CACCTTGGCGCCTTTG-1,Benign
CACGAAAGTTAGTCCC-1,Benign*
CACGACTAAAGTTCTG-1,Stroma
CACGCACAGCGCAGCT-1,Benign
CACGCAGCGAGGCTTT-1,Stroma
CACGCGGAACTGTTGC-1,Stroma
CACGGACGTGGATGGC-1,Stroma
CACGGCGCGCCAAAGG-1,Benign
CACGGGATTGAGGGTT-1,Stroma
CACGTCGGCAACCTCT-1,Exclude
CACGTTCGTGCTCTAG-1,Stroma
CACTAAAGTTGCCTAT-1,Stroma
CACTACTCAGTTCTGT-1,Benign*
CACTCAAGAGCTATGG-1,Stroma
CACTCAGCTCTTGAGG-1,Stroma
CACTCCTATGTAAGAT-1,Stroma
CACTCCTCTCGGTCGG-1,Benign
CACTCGAGCTGAACAA-1,Exclude
CACTCGGTTAGGAGGA-1,Benign*
CACTGTCCAAGTGAGA-1,Benign*
CACTTAATCAGACGGA-1,Benign
CACTTCGCCACAGGCT-1,Stroma
CAGAATATTCGTTATC-1,Stroma
CAGACACCGATCGCTG-1,Stroma
CAGACCTGTAAGTGTT-1,Exclude
CAGACGAACCTGATAC-1,Stroma
CAGAGACGGTCACCCA-1,Stroma
CAGAGCATGAGCTTGC-1,Benign
CAGAGGCGATGCATGA-1,Stroma
CAGAGTGATTTAACGT-1,Stroma
CAGATACTAACATAGT-1,Stroma
CAGATCATTTAAAGTC-1,Stroma
CAGCAGCCCGTTCCTT-1,Benign
CAGCCCTCACAGGCAG-1,Benign*
CAGCCGGGCCCTCTAT-1,Benign
CAGCCTCCTGCAGAGG-1,Stroma
CAGCCTCTCCTCAAGA-1,Benign
CAGCGATTCCCTTCAA-1,Stroma
CAGCGCCAACACGATA-1,
CAGCTCACTGAGACAT-1,Exclude
CAGCTCGACAAGTTAA-1,Benign
CAGCTCGTGCTTGTGT-1,Exclude
CAGCTGGCGTAACCGT-1,Chronic inflammation
CAGCTTAGTAGGTAGC-1,Benign*
CAGGAAGACTTTATAT-1,Benign
CAGGACAGCTGCCCTT-1,Exclude
CAGGATATATCGTTGT-1,Stroma
CAGGATCCGCCCGACC-1,Stroma
CAGGCCGTTTGGGTGT-1,Benign
CAGGCGCACGGTGGTC-1,Stroma
CAGTAACTATTTATTG-1,Stroma
CAGTAATCCCTCCCAG-1,Stroma
CAGTACATTCTCTAAA-1,Benign
CAGTACCAGTTTACGT-1,Chronic inflammation
CAGTAGCCCACGCGGT-1,Benign
CAGTCGAGGATGCAAT-1,Stroma
CAGTCGGCCTAGATAT-1,Benign*
CAGTCTGTATACTGGG-1,Stroma
CAGTGAATAAATGACT-1,Exclude
CAGTGGTTGCACATGA-1,Stroma
CAGTGTCCGCAGAATG-1,Benign*
CAGTTCAAATTGACAC-1,Benign
CAGTTCCGCGGGTCGA-1,Stroma
CATAACGGACAGTCGT-1,Benign
CATAAGCTCTCCGTCT-1,Benign*
CATAATGAGCGGGCGA-1,Stroma
CATACAAAGCCGAACC-1,Stroma
CATACCCGTACCCAGT-1,Stroma
CATACGGCGTCTGGGC-1,Exclude
CATACTATGTAATTGT-1,Stroma
CATACTTAGGCAATAC-1,Stroma
CATAGCCGCCCGGGAT-1,Stroma
CATAGCGTTGCCCACC-1,Stroma
CATAGTACATTGAGAG-1,Stroma
CATAGTAGCATAGTAG-1,Benign*
CATAGTCCACAAGAAC-1,Benign
CATATACTACTGATAA-1,Exclude
CATATAGGTACAGTCA-1,Benign
CATATGTCAGGCTACG-1,Stroma
CATATTATTTGCCCTA-1,Stroma
CATCAAACTGGCGCCC-1,Stroma
CATCATCTACCCGGAC-1,Stroma
CATCGCCCGCGGCCAA-1,Benign*
CATCGGACGGGTTAAT-1,Benign
CATCTAGTGAAGGGAA-1,Benign
CATCTATCCCGTGTCT-1,Exclude
CATCTTACACCACCTC-1,Stroma
CATGAACCGACATTTG-1,Benign*
CATGAACCTCTTATCA-1,Stroma
CATGACTTCGCTGAAT-1,Stroma
CATGATGCACAATTCT-1,Benign
CATGATGGAAGTTAGC-1,Benign
CATGCATGGAGACCCT-1,Stroma
CATGCCAACTCGCAAA-1,Stroma
CATGCGACCAGTTTAA-1,Benign
CATGCGTTAGACAGAA-1,Stroma
CATGCTGGCTCCAATT-1,Stroma
CATGGCAGGAAGATCG-1,Stroma
CATGGGTCGGGTGTGG-1,Stroma
CATGGTAAGTAGCGTT-1,Benign
CATGGTCTAGATACCG-1,Benign
CATGTAGGAGCGCCAA-1,Stroma
CATTACATAGATTGTG-1,Stroma
CATTACGTCGGCCCGT-1,Benign
CATTATGCTTGTTGTG-1,Benign*
CATTCACTGACAGCTA-1,Stroma
CATTCCCATTCCGTCG-1,Stroma
CATTGATGAACACGCC-1,Exclude
CATTGCGAAATGGGCG-1,Benign*
CATTGCGGGTCAATTC-1,Benign
CATTTAGCGGACCATG-1,Exclude
CATTTATCGTTCAAGA-1,Exclude
CATTTCTAGCAGACTA-1,Stroma
CATTTGAGTGGTACGT-1,Benign
CCAAACAGAACCCTCG-1,Stroma
CCAAATAACAAGATTC-1,Benign
CCAACGATGCACTGAT-1,Stroma
CCAACGCTTGCCAGGG-1,Benign
CCAACTTGATAGATCC-1,Stroma
CCAAGAAAGTGGGCGA-1,Exclude
CCAAGACTTCTGCGAA-1,Stroma
CCAAGCGTAACTCGTA-1,Exclude
CCAAGGAACAGAGAGG-1,Exclude
CCAATAGTGCCGTCGA-1,Stroma
CCAATCGGTAGATCGA-1,Benign
CCAATGTCACAGCAAG-1,Benign
CCAATTACGGGTCGAG-1,Benign
CCAATTGAATGTTAAT-1,Exclude
CCACAATGTACGTCTT-1,Stroma
CCACACTGAGATATTA-1,Benign
CCACCAACTTTACTGT-1,Stroma
CCACCCAAGGAAAGTG-1,Stroma
CCACGAATTTAACCTC-1,Stroma
CCACGAGAAGAGAATC-1,Stroma
CCACGGAGCCATAAGA-1,Stroma
CCACGGTGCCCGGTAG-1,Benign
CCACGTAAATTAGACT-1,Stroma
CCACTATCCGGGTCAC-1,Benign
CCACTGGTGGCTGGTT-1,Benign*
CCAGAAAGCAACTCAT-1,Exclude
CCAGAGACAAAGCCGG-1,Stroma
CCAGATAGTTGAGTGA-1,Benign
CCAGATGTAAATGGGT-1,Stroma
CCAGCCTGGACCAATA-1,Benign
CCAGCGGGATCACCAG-1,Exclude
CCAGCTACGCCTCATA-1,Stroma
CCAGCTGATGGTACTT-1,Benign*
CCAGCTTCCGCCCGCA-1,Stroma
CCAGGGACGTGGCCTC-1,Stroma
CCAGTAGTCTGATCCA-1,Benign
CCAGTCAAATCTCTTA-1,Stroma
CCAGTCTAGACGGCGC-1,Benign
CCATAAACAACCCGAC-1,Exclude
CCATACCTTTACTTGT-1,Benign
CCATAGGTTGGCGTGG-1,Benign
CCATCCATACCAAGTC-1,Stroma
CCATCGCAGTTAAACT-1,Benign
CCATCTCACCAGTGAA-1,Benign
CCATCTTGTTCACAAT-1,Stroma
CCATGCCTGTTTAGTA-1,Stroma
CCATGCTCTGCAGGAA-1,Stroma
CCATGGCCCTTGTACC-1,Benign*
CCATTAGCGATAATCC-1,Benign*
CCATTCCCTGCCCACA-1,Stroma
CCATTGTTTCCTCCAT-1,Stroma
CCCAAACATGCTGCTC-1,Benign
CCCAACATACGTCGCG-1,Stroma
CCCAACCACACTAACA-1,Stroma
CCCAAGACAGAGTATG-1,Stroma
CCCAATGAGATTTGCA-1,Stroma
CCCAATTTCACAACTT-1,Stroma
CCCAGAGGAGGGCGTA-1,Stroma
CCCAGTTAAGGCGCCG-1,Stroma
CCCGAAGTTTCGCGAA-1,Stroma
CCCGACCATAGTCCGC-1,Benign
CCCGAGTTTCTCCGTA-1,Benign
CCCGATAGCCTCGCCT-1,Exclude
CCCGCAGCGCGAACTA-1,Exclude
CCCGCAGGGCCCAAAG-1,Benign
CCCGCCATGCTCCCGT-1,Stroma
CCCGCGCAATGCACCC-1,Benign*
CCCGCTTGCCCTCGTC-1,Stroma
CCCGGTGGAAGAACCT-1,Stroma
CCCGGTGTATCGGAAT-1,Stroma
CCCGTAAGTCTAGGCC-1,Benign*
CCCGTAGCTGGGAAGA-1,Stroma
CCCGTCAGCGTCTGAC-1,Stroma
CCCGTGAGGGCGGTGA-1,Benign*
CCCTAGGCAACAAGAG-1,Benign*
CCCTCATTCTGGAATT-1,Benign*
CCCTCGGGAGCCTTGT-1,Exclude
CCCTGAAATGAGTTGA-1,Stroma
CCCTGACTAACAAATT-1,Benign*
CCCTGCCCAATCCGCT-1,Exclude
CCCTGCGCTACGCATA-1,Benign*
CCCTGGCTGTTCCTTC-1,Stroma
CCCTGGTATGGGCGGC-1,Stroma
CCCTTTGACAGGTCTT-1,Stroma
CCGAAAGTGGTGAGCA-1,Stroma
CCGAACACTGGGCCTC-1,Benign
CCGAAGGGCGTACCGC-1,Stroma
CCGAAGTATATTGTTC-1,Stroma
CCGACAAAGGGAGTGC-1,Benign*
CCGACGGGCATGAGGT-1,Stroma
CCGACGTAAACACAAC-1,Benign
CCGACTCGCATAGTCT-1,Benign*
CCGAGAAGTCGCATAA-1,Stroma
CCGAGCTGTGCTTGTC-1,Stroma
CCGAGGGATGTTAGGC-1,Stroma
CCGATCTCAACCTTAT-1,Stroma
CCGATTCGAGGGACCC-1,Benign*
CCGCACAAAGACCAAC-1,Stroma
CCGCACACGAACGTGT-1,Stroma
CCGCACGTGACCTCGG-1,Stroma
CCGCCACCACAATCCA-1,Benign*
CCGCCGGTCAACACAC-1,Benign*
CCGCCGTTGAGGATAA-1,Benign
CCGCCTGCGAATTGGT-1,Benign
CCGCCTTGCGATGTCG-1,Benign*
CCGCGATTTGGTAGGT-1,Benign*
CCGCGGAATGCGTCAC-1,Stroma
CCGCGGGTACGAAGAA-1,Benign*
CCGCGTAGGTAAGGGC-1,Stroma
CCGCTATCAGCACCAG-1,Benign
CCGCTGGTGCCATTCA-1,Stroma
CCGCTTACCTCACTCT-1,Stroma
CCGCTTGCTGACATGG-1,Benign
CCGGAAGTTATCAGTC-1,Stroma
CCGGAATGGTTTCAGT-1,Exclude
CCGGAGCGTACTTTCT-1,Stroma
CCGGAGGTCTTATGGT-1,Stroma
CCGGCACGACCGTTTC-1,Benign
CCGGCGCATATTGGAT-1,Stroma
CCGGCGTGAGACTCTG-1,Stroma
CCGGGACCCGCAGAGA-1,Benign*
CCGGGCGGTCTCGTCA-1,Benign
CCGGGCTGCTCCATAC-1,Stroma
CCGGGTTCGAGGTTAC-1,Stroma
CCGGTAATGGCTAGTC-1,Stroma
CCGGTTTGTAATTGTG-1,Stroma
CCGTAAGTTGGTCCCA-1,Benign
CCGTACCCAAGCGCCA-1,Stroma
CCGTATCTCGTCGTAG-1,Stroma
CCGTATTAGCGCAGTT-1,Stroma
CCGTGAGGCATTCATG-1,Stroma
CCGTGCCCATGACGGC-1,Stroma
CCGTGGAACGATCCAA-1,Exclude
CCGTGTTAAATTCCAT-1,Exclude
CCGTTACGTTAGAACA-1,Benign
CCGTTCCGAATCTCGG-1,Benign*
CCTAAAGGCTGACGCT-1,Exclude
CCTAAATTAACGGTTC-1,Benign
CCTAACTAAGGCTCTA-1,Stroma
CCTACATTCACAGACG-1,Stroma
CCTACGGCTCAGTCGA-1,Stroma
CCTACTGCGGCGGCCA-1,Stroma
CCTACTGCTTACACTT-1,Benign*
CCTAGGCGTAGCGATC-1,Benign
CCTAGGTAAAGGTAGC-1,Exclude
CCTAGTTAGTCGCATG-1,Stroma
CCTATACCGTCCTGTC-1,Stroma
CCTATCTATATCGGAA-1,Exclude
CCTATGAAGTGGTGCC-1,Stroma
CCTATGGGTTACCGTC-1,Benign
CCTCACCAATCTTGAC-1,Stroma
CCTCACCTGAGGGAGC-1,Exclude
CCTCACCTTAGCATCG-1,Stroma
CCTCATGCAGCTACGA-1,Benign*
CCTCCCGACAATCCCT-1,Stroma
CCTCCGACAATTCAAG-1,Benign*
CCTCCTGAGCCCACAT-1,Benign*
CCTCGAAGTGGACGGG-1,Benign
CCTCGCCAGCAAATTA-1,Stroma
CCTCGCGCGATATAGG-1,Stroma
CCTCGGACCGGGATAG-1,Stroma
CCTCGGATGCTACCTG-1,Stroma
CCTCTAATCTGCCAAG-1,Benign
CCTCTATCGATTAGCA-1,Stroma
CCTCTCTCCCATCTAG-1,Stroma
CCTCTGGCCTAGACGG-1,Benign
CCTGAACGATATATTC-1,Benign
CCTGAATATTTACATA-1,Benign
CCTGACCACCGATGGT-1,Stroma
CCTGCCCGTTGTCTAG-1,Benign*
CCTGCGTTCTACGCTT-1,Benign*
CCTGCTATTTGAGAAG-1,Benign*
CCTGGAAACGTTCTGC-1,Stroma
CCTGGCTAGACCCGCC-1,Stroma
CCTGTAAGACATGATA-1,Benign
CCTGTACTCACGCCCA-1,Stroma
CCTGTCACCCGGGCTC-1,Benign
CCTGTCCCTCACGTTA-1,Benign
CCTGTCGCCCGTAAAT-1,Benign
CCTTCAGTTAAAGTGA-1,Stroma
CCTTCTCAGCGTTCCT-1,Benign*
CCTTCTTGATCCAGTG-1,Benign
CCTTTAAGGGAGCACT-1,Stroma
CCTTTCAATGAAGAAA-1,Exclude
CGAAACATAGATGGCA-1,Benign
CGAAACGCAATTCATG-1,Stroma
CGAACCCGCATGCGTC-1,Exclude
CGAACGCCCAGTGCCG-1,Benign
CGAACGGCCGGACAAC-1,Stroma
CGAAGACTGCCCGGGA-1,Stroma
CGAAGCTATAAATTCA-1,Stroma
CGAAGTTGCTCTGTGT-1,Stroma
CGACAATTTGATCTAA-1,Stroma
CGACACGCTCCGACAG-1,Stroma
CGACAGTTCGCGTTAT-1,Benign
CGACATGCGATCTTCT-1,Stroma
CGACCCTTAACGCCGG-1,Stroma
CGACCTACTAGACAAT-1,Stroma
CGACGCATCCGTACCT-1,Stroma
CGACTCAGGATGTTAT-1,Benign
CGACTTTGTATAGCCT-1,Stroma
CGAGACCCTAGAGTGT-1,Benign
CGAGAGATGTGAACCT-1,Benign
CGAGAGCGCGTAGATA-1,Stroma
CGAGATTTCGCTCGGG-1,Stroma
CGAGCACTTCAAGTTT-1,Stroma
CGAGCGTTGATCAGCC-1,Stroma
CGAGCTGGGCTTTAGG-1,Benign
CGAGGAGCTTCCATAT-1,Benign
CGAGGATCGGGAACGA-1,Benign
CGAGGCCAGGCATTGG-1,Stroma
CGAGGCTAAATATGGC-1,Benign
CGAGGGACTGCGGTCG-1,Exclude
CGAGTACTAAAGAGGA-1,Benign
CGAGTGAAGGTACCAG-1,Stroma
CGAGTGCTATAGTTCG-1,Stroma
CGAGTTCTGTCCCACC-1,Benign
CGAGTTTATCGGACTG-1,Benign
CGATAATACTCAGGTT-1,Stroma
CGATACCTCGCGGACA-1,Benign
CGATATTAGCCGCAGG-1,Stroma
CGATCCGACCCAGTGC-1,Benign
CGATCTGTTGGAGGAC-1,Stroma
CGATGGACCCTACGCC-1,Benign
CGCAAACACGAGTTAC-1,Stroma
CGCAATTACTTTCGGT-1,Exclude
CGCAATTAGGGTAATA-1,Stroma
CGCAATTCTACAATAA-1,Benign*
CGCACATGTCCACTAC-1,Benign
CGCACGTGCGCTATCA-1,Benign
CGCAGAAACATTTGCG-1,Stroma
CGCAGATCTTCACCCG-1,Benign
CGCATCATGGCTTCAG-1,Stroma
CGCATCCATCAGCCAG-1,Benign
CGCATGGTGCGATGCT-1,Benign
CGCATTAGCTAATAGG-1,Exclude
CGCCAAGAAGCCGAGT-1,Stroma
CGCCACAGGTCGCGAT-1,Stroma
CGCCATCCGATTATGA-1,Benign
CGCCCAGCACGCCTAG-1,Stroma
CGCCCGCTTCCGTACA-1,Benign
CGCCCTTGAAGGCTGA-1,Stroma
CGCCGACTATTCGCTA-1,
CGCCGCCCATGCCTGT-1,Stroma
CGCCGTCTACCCATCG-1,Stroma
CGCCTCCCTCCTCTAT-1,Benign
CGCCTGGCCTACGTAA-1,Stroma
CGCCTTTAGCATGCTC-1,Benign
CGCGACACTGCGCAGC-1,Benign*
CGCGAGAGGGACTTGT-1,Benign
CGCGAGTCTGCCGGGT-1,Stroma
CGCGCATGTTTGATTG-1,Stroma
CGCGCCCGACTTAATA-1,Exclude
CGCGGCTCAACTTGAA-1,Stroma
CGCGGGAATTAGGCAG-1,Benign
CGCGGTAAGTCTAGCT-1,Stroma
CGCGGTCACAAACCAA-1,Benign
CGCGTCATATTAAACC-1,Benign*
CGCGTTCATGAAATAC-1,Benign*
CGCTACCGCCCTATGA-1,Stroma
CGCTACGGGACATTTA-1,Benign
CGCTAGAGACCGCTGC-1,Benign
CGCTATACCGCCCACT-1,Benign*
CGCTATTCAATGTATG-1,Stroma
CGCTATTCTTAGGCTC-1,Stroma
CGCTCGACATAATGAT-1,Stroma
CGCTCTCCGTAGATTA-1,Stroma
CGCTGAGGACGTCCAA-1,Stroma
CGCTGGTGACTACCCT-1,Benign
CGCTGTGACGCCGCAC-1,Stroma
CGCTGTGTGGATGTTG-1,Stroma
CGCTTATTCCCGGTCG-1,Stroma
CGCTTCCACTGAAATC-1,Stroma
CGCTTTCATACCGGTG-1,Exclude
CGCTTTCTTGCATTCG-1,Benign
CGGAAAGAATCAAACG-1,Stroma
CGGAACGTAAACATAG-1,Stroma
CGGACGTTACTTGAAG-1,Stroma
CGGAGCAATTTAATCG-1,Stroma
CGGAGCATGGCGATCC-1,Benign
CGGAGCTTATAACACC-1,Stroma
CGGAGTTTGAGAGACA-1,Stroma
CGGATAAGCGGACATG-1,Stroma
CGGCACCGTTAGCGCC-1,Exclude
CGGCACTCAAGAAAGT-1,Stroma
CGGCAGGGTCGGGTTG-1,Benign
CGGCCACGCACAAAGT-1,Benign
CGGCCCAACCTGTAGT-1,Benign
CGGCCCAGGTATATCC-1,Benign
CGGCTCTAAAGCTGCA-1,Stroma
CGGCTCTTCGTCGAAC-1,Stroma
CGGCTGCAAGATTAAG-1,Benign*
CGGCTTTGTATGATAA-1,Stroma
CGGGAATATAGTATAC-1,Benign
CGGGAATTTATGTAAA-1,Benign
CGGGAGTATACCGCCG-1,Benign*
CGGGATCAATGTAAGA-1,Stroma
CGGGCAGCTAAACCGC-1,Exclude
CGGGCCTTCTTTGTAA-1,Stroma
CGGGTGTACCCATTTA-1,Benign
CGGTACTAGAATCAAA-1,Benign
CGGTAGAGGTGCAGGT-1,Stroma
CGGTATAGGTATTAGC-1,Benign
CGGTCAAGTGGGAACC-1,Benign
CGGTCCATGAGACTCC-1,Stroma
CGGTCTATCAACCCGT-1,Benign
CGGTGAAGACTAAAGT-1,Benign*
CGGTGCAGATAGAACG-1,Stroma
CGGTGCGCGTTGGTCC-1,Benign
CGGTGGGCTCCAGCCT-1,Benign
CGGTGTACTTGATCCC-1,Benign*
CGGTTATCCAACAGTG-1,Stroma
CGGTTCAAGTAGGTGT-1,Stroma
CGGTTCCGGCTTCTTG-1,Stroma
CGGTTGACCTGGCATA-1,Exclude
CGGTTTATGAAGGAAC-1,Benign
CGTACCTGATAGGCCT-1,Benign
CGTAGCGAATTGTCAG-1,Exclude
CGTAGCGCCGACGTTG-1,Stroma
CGTATTAAGAGATCTA-1,Benign
CGTATTGTTTCCTAAT-1,Stroma
CGTCAAATGGTCGCAG-1,Stroma
CGTCAAGGCTATAAAT-1,Stroma
CGTCACGTCCATTGGT-1,Stroma
CGTCAGTGCGCACAAG-1,Stroma
CGTCAGTTTATCGTCT-1,Exclude
CGTCATACCATATCCA-1,Stroma
CGTCGGATAGTGTTGA-1,Exclude
CGTCGGGTCTAAGCGC-1,Stroma
CGTCTGGAAGGGCCCG-1,Stroma
CGTCTTGAGTGTGACG-1,Benign
CGTGAAGTTAATTCAC-1,Stroma
CGTGACATTGGGTCGT-1,Benign
CGTGCAGACTGGGACA-1,Benign
CGTGCATTGTCGACGC-1,Stroma
CGTGCCCGACATTTGT-1,Benign*
CGTGCCCTCCCGAAGA-1,Benign
CGTGGAAGCCTCGTAC-1,Stroma
CGTGGCCGAATATCTA-1,Benign
CGTGTCCCATTCGCGA-1,Exclude
CGTGTGTTAAACCCTG-1,Stroma
CGTTAGCTCACAACTG-1,Benign
CGTTATCATACTTCCA-1,Benign*
CGTTCATGGTGCGCGT-1,Chronic inflammation
CGTTCTTCGCACACCT-1,Stroma
CGTTGAGCGACCGTCG-1,Exclude
CGTTGAGTAATTGCGT-1,Benign
CGTTGTAAACGTCAGG-1,Benign*
CGTTGTAAGATTGATT-1,Exclude
CGTTGTTTCAATTCCC-1,Stroma
CGTTTAAGCGGAGCAC-1,Benign*
CGTTTACAAGGCAGCT-1,Benign
CGTTTCACTTCGGGCG-1,Benign
CGTTTCGCTCATTACA-1,Benign
CGTTTGTGTAGAGGGT-1,Stroma
CTAAACGGGTGTAATC-1,Stroma
CTAAAGAATGCCTACT-1,Stroma
CTAAAGGGAAATAGGA-1,Stroma
CTAAATCCTATTCCGG-1,Benign
CTAACCGCGCGCCCGT-1,Stroma
CTAACGAAACTTGCTG-1,Stroma
CTAACTGGTCCGGTTC-1,Exclude
CTAAGGGAATGATTGG-1,Benign
CTAATTCGCACGCGCT-1,Stroma
CTAATTCTCAGATATT-1,Exclude
CTAATTTCAACAACAC-1,Stroma
CTACAAGAAATAACCC-1,Stroma
CTACACTAGCTTGTTC-1,Stroma
CTACCCTAAGGTCATA-1,Stroma
CTACGAACTAGGTCGA-1,Benign*
CTACGACTAGCTATAA-1,Benign*
CTACGCACGGAGTACC-1,Exclude
CTACGCCATTTCCGAT-1,Benign
CTACTATCATAGGTTT-1,Stroma
CTACTATCTTTCAGAG-1,Stroma
CTACTCAAGGTATAGT-1,Stroma
CTACTCTAGGCCCGGC-1,Stroma
CTACTGCCACCTGACC-1,Benign
CTAGACTGCATTTCGT-1,Benign
CTAGATGTGAGTGTAA-1,Exclude
CTAGATTTACGACGGC-1,Benign
CTAGCATAGTATAATG-1,Stroma
CTAGCCGATGTTATGA-1,Stroma
CTAGCTTAATGGTCCC-1,Stroma
CTAGGTCTGAAGGAAT-1,Stroma
CTAGTATTCGGAATTA-1,Benign
CTAGTCACGTCTTAAG-1,Benign
CTAGTGAAGGACAGGA-1,Stroma
CTAGTTGGGCCCGGTA-1,Benign
CTATAAGAGCCAATCG-1,Benign
CTATCGGGTCTCAACA-1,Stroma
CTATGTCACTAGCCCA-1,Benign
CTATGTCTATTGAAAC-1,Stroma
CTATGTGAGTCACGGC-1,Benign
CTATTGTGTTTGGTCA-1,Benign
CTATTTGGTTACGGAT-1,Stroma
CTCAAGACATTAGCGC-1,Exclude
CTCACACGCAAGCCTA-1,Stroma
CTCACTTGGCTGGTAA-1,Stroma
CTCAGATTGTGATAAG-1,Benign*
CTCAGGACTCACCTGT-1,Stroma
CTCAGTCACGACAAAT-1,Benign
CTCATCACTTAGTGAT-1,Benign
CTCATGGCTCACAATC-1,Stroma
CTCATGGTAATTTGCG-1,Stroma
CTCATTAACGTTGCCC-1,Benign
CTCATTTGATGGGCGG-1,Stroma
CTCCCAATGAGTCGCG-1,Benign
CTCCCTCCTTTCGATC-1,Stroma
CTCCGCCCACATGAGG-1,Benign
CTCCGGCCTAATATGC-1,Stroma
CTCCTAAGTTATGTCT-1,Benign*
CTCCTTTACGCAAGTC-1,Stroma
CTCGAGGTCGAACAGT-1,Benign
CTCGATATTTGCGAGC-1,Exclude
CTCGCACCTATATAGT-1,Benign
CTCGGGATAACACCTA-1,Stroma
CTCGGTACCACTGCTC-1,Stroma
CTCGGTCCGTAGCCTG-1,Benign*
CTCGGTTGTCGGCCCT-1,Stroma
CTCGTTTCTAATGTTT-1,Stroma
CTCTAATGCATTGATC-1,Exclude
CTCTACACTGGCGATT-1,Stroma
CTCTATTTGGCTGCAG-1,Benign
CTCTCACAATCGATGA-1,Benign
CTCTCGATGTGCGCCT-1,Benign*
CTCTGCGAAGCAAGCA-1,Stroma
CTCTGGACGCCTGGTG-1,Benign
CTCTGTGCCTGCTATG-1,Stroma
CTCTGTTTGAGGATTC-1,Stroma
CTCTTCTATTGACTGG-1,Exclude
CTCTTGTCCCGCTTGG-1,Stroma
CTGAAAGAGATCCGAC-1,Benign
CTGAATCCGAGACCTC-1,Stroma
CTGAATTTATTGCCAG-1,Stroma
CTGACTGCGCAGCTCG-1,Benign
CTGAGAAAGTTCGGCG-1,Benign
CTGAGCAAGTAACAAG-1,Stroma
CTGAGCGAGACTTATT-1,Exclude
CTGATAGTGTATCTCA-1,Stroma
CTGCACCTAGTCCACA-1,Stroma
CTGCACCTGGAACCGC-1,Benign*
CTGCCAAGGTTGGAAG-1,Exclude
CTGCCATGCATCACAT-1,Benign
CTGCCCACGAAGCGTT-1,Stroma
CTGCCTAGCCACCAAG-1,Stroma
CTGCCTCATATGCAAC-1,Stroma
CTGCGGGTGAAATGTT-1,Benign*
CTGCGGTAGTCACGTG-1,Exclude
CTGCGTTACGATATAA-1,Benign
CTGCTGAGGCCACGAA-1,Exclude
CTGCTGTCTAACGAGC-1,Stroma
CTGCTTTATGTCCGCG-1,Benign
CTGGAAATGGATGCTT-1,Benign
CTGGACGCAGTCCGGC-1,Stroma
CTGGATTTACACTTGA-1,Stroma
CTGGCATCCGAATGAG-1,Stroma
CTGGCGACATAAGTCC-1,Benign
CTGGCGCACAGGTCTG-1,Benign
CTGGCGGGAATAAGTA-1,Stroma
CTGGCTGATTCATCCT-1,Stroma
CTGGCTGGTTGTCAGT-1,Stroma
CTGGGATAAATAATGG-1,Benign
CTGGGATACGCTACCC-1,Benign
CTGGGCCTGCTATATC-1,Benign
CTGGGTAGGCAGTTAA-1,Benign
CTGGTAACACATAGAA-1,Stroma
CTGGTAACGAGCTCTT-1,Stroma
CTGGTCATTCCAATCC-1,Stroma
CTGGTCCTAACTTGGC-1,Stroma
CTGGTTCAACGCATCA-1,Stroma
CTGGTTCGCGAGCTAC-1,Stroma
CTGGTTTCGAGCAAGA-1,Benign
CTGTACTTCTTAGCAT-1,Benign
CTGTAGCCATCTCACT-1,Stroma
CTGTATGGTGTAGAAA-1,Stroma
CTGTCAAATGGCTCGG-1,Benign
CTGTCACGCCAGGCGC-1,Benign
CTGTGCAGGGTAGGTC-1,Benign
CTGTTACCCAATCTAG-1,Stroma
CTGTTCACTGCCTGTG-1,Stroma
CTGTTCATCTCACGGG-1,Stroma
CTTAACTTCGAAGTAC-1,Stroma
CTTACACGGTATTCCA-1,Benign*
CTTACACTGGGAAATA-1,Stroma
CTTAGCCCGGATAGTG-1,Stroma
CTTAGCCTTCCACATG-1,Benign
CTTAGGTCCCAATCGT-1,Stroma
CTTAGTAGGCCTACAG-1,Benign
CTTATGCGCTCAGGGC-1,Benign*
CTTATGTTGACTACCA-1,Stroma
CTTCATAGCTCAAGAA-1,Benign*
CTTCATTGTCAGTGGA-1,Stroma
CTTCCGCTCCGTGAAG-1,Stroma
CTTCGGCCAATTGTTT-1,Benign
CTTCGTAGATAGGTGA-1,Benign
CTTCTATGTTGAAGTA-1,Benign
CTTCTATTAATGCTAG-1,Stroma
CTTCTTACGTCGTATA-1,Exclude
CTTGACCCGAAAGATA-1,Exclude
CTTGAGGTTATCCCGA-1,Benign*
CTTGAGTTAGGGTAAT-1,Benign
CTTGCAACCGCCTCCT-1,Stroma
CTTGCCCAGGCTCTAC-1,Benign
CTTGTACTTGTTGACT-1,Stroma
CTTGTGAGTCTTTGAC-1,Stroma
CTTGTGCTCACCGATT-1,Benign
CTTGTTGCTGAGTCAA-1,Exclude
CTTGTTTATGTAGCCA-1,Benign*
CTTTAACTTTCAAAGG-1,Exclude
CTTTAGGAACACTGTT-1,Stroma
CTTTAGTGCTATTATT-1,Exclude
CTTTGACGTCGCTTCT-1,Benign*
CTTTGCTGTCATGGAT-1,Stroma
CTTTGGCGCTTTATAC-1,Stroma
CTTTGGCTTTAGTAAA-1,Benign*
CTTTGGGATTGTTGCA-1,Stroma
GAAACAGATGACCACC-1,Benign
GAAACAGCCATGCAGT-1,Stroma
GAAACCATGGTGCGCT-1,Benign
GAAACCGAATTACCTT-1,Benign
GAAACCTATACAAATG-1,Stroma
GAAACTCGTGCGATGC-1,Stroma
GAAACTCTAATGAAGG-1,Benign
GAAAGAACAGCGTTAT-1,Stroma
GAAAGCAGTGCACTTT-1,Stroma
GAAAGCCCTTTGGACC-1,Benign*
GAAAGTGACTAACTGC-1,Benign*
GAAATACCTGCTGGCT-1,Stroma
GAAATACTAAACGTTT-1,Stroma
GAAATATCACCATCAG-1,Benign*
GAAATATGCTTGAATG-1,Stroma
GAAATCGCGCGCAACT-1,Benign
GAAATGGCGGTGTTAG-1,Exclude
GAAATTAGCACGGATA-1,Exclude
GAAATTCACATCGCTG-1,Benign*
GAAATTGTCTCTATAA-1,Benign
GAACACACATCAACCA-1,Stroma
GAACCATCTGGGAGAC-1,Stroma
GAACCTCGACCTACAC-1,Stroma
GAACGACCGAATGATA-1,Stroma
GAACGATAAGTTAAAG-1,Stroma
GAACGTCTCATGGTCG-1,Benign
GAACGTTAGGAAGACG-1,Stroma
GAACTTGTGCACGGGA-1,Stroma
GAAGAACGGTGCAGGT-1,Stroma
GAAGACTTCAATGCCG-1,Benign*
GAAGCAAGGCAATGTT-1,Stroma
GAAGCGTGAGGAATTT-1,Benign
GAAGCTTGCTGACCGC-1,Stroma
GAAGGCTACCATTGTT-1,Stroma
GAAGTCTCCCTAGCGA-1,Benign
GAAGTGATTTATCGTG-1,Benign
GAAGTGCTGGATAGCT-1,Stroma
GAAGTTTCCACTCAAT-1,Benign
GAATAGACGCGACCCA-1,Stroma
GAATAGCATTTAGGGT-1,Stroma
GAATAGCCCTGCGGTC-1,Stroma
GAATATTCGGAGTCCC-1,Benign
GAATCGACATGGTCAC-1,Stroma
GAATCGCCGGACACGG-1,Stroma
GAATCTGAACATTCTC-1,Stroma
GAATGAAGGTCTTCAG-1,Stroma
GAATGCCGAAATGACC-1,Stroma
GAATGGGCTTATCGAC-1,
GAATGTATGGCAGGTC-1,Benign
GAATGTGGTCCGGATT-1,Benign
GAATGTTGGGTAATCT-1,Benign
GAATTATAGTGAAAGG-1,Benign
GAATTCACCCGGGTGT-1,Stroma
GAATTTCTCGCTGCAG-1,Benign*
GACAAACATATGCAGG-1,Stroma
GACAACGACCATTGAA-1,Benign
GACAACGCAGCTTACG-1,Stroma
GACACAAGGGAAGAAA-1,Stroma
GACACGAGTTAGAGGA-1,Benign*
GACACTGAGTTCAGTG-1,Benign
GACAGATTTCTGGCTC-1,Stroma
GACAGCCAGACCTGAC-1,Stroma
GACAGGCACACACTAT-1,Benign*
GACATCGATTTATAAC-1,Stroma
GACCAGAGCCCTGTAG-1,Stroma
GACCCAATTATGATAC-1,Stroma
GACCCGTCGCCGGCTA-1,Stroma
GACCGACGTGAAAGCA-1,Stroma
GACCGACTGAAGCGTC-1,Benign*
GACCGCGTCTGACGTG-1,Benign
GACCGTCAGGTCGTGA-1,Benign
GACCGTGCTGACGGTG-1,Benign
GACCGTTACATGCGAC-1,
GACGCCGTAAAGGCTA-1,Stroma
GACGCCTGTTGCAGGG-1,Stroma
GACGCTTGCTTCTAAA-1,Exclude
GACGGACCGCGTTCCT-1,Benign*
GACGGGTTGGCCCGTA-1,Stroma
GACGGTCAATAGAAGC-1,Stroma
GACGGTCCTAGGGTGT-1,Stroma
GACGTGAGACTCCATG-1,Stroma
GACGTGTAGGGATTAT-1,Stroma
GACGTTCGTAAATACA-1,Stroma
GACTAACACAGCACCT-1,Stroma
GACTAAGATCATGCAC-1,Stroma
GACTAAGTAGGCTCAC-1,Stroma
GACTACAAAGCGGTGG-1,Chronic inflammation
GACTACAATTGCTCGT-1,Stroma
GACTCACCCACGTGAG-1,Stroma
GACTCCCAGAATAAGG-1,Exclude
GACTCGCGGGAATGAC-1,Stroma
GACTGCGGCACGTGTA-1,Stroma
GAGACTGATGGGTAGA-1,Benign
GAGACTTCGCGACCGA-1,Benign
GAGAGGGCGCGAGGTT-1,Benign
GAGAGGTGCATTCTGG-1,Benign
GAGATCTGCTTGGCAT-1,Benign*
GAGATCTGTCACTCCG-1,Stroma
GAGATCTTCCATGACA-1,Stroma
GAGATGACAATCCTTA-1,Stroma
GAGCACGGCGCCTCTT-1,Stroma
GAGCATCATCCCTGGG-1,Benign*
GAGCCACGGTAGTAGG-1,Exclude
GAGCCGAGCGTTTATT-1,Benign
GAGCGAGGGAGTACCG-1,Stroma
GAGCTAAGGGCATATC-1,Benign
GAGCTCTCGGACCTAA-1,Stroma
GAGCTGTCGTCTCGGA-1,Stroma
GAGGAATGGAGAGGTT-1,Benign*
GAGGAGTAATTCCTAC-1,Stroma
GAGGATAAACAGTGCT-1,Stroma
GAGGCATTTGCAGCAG-1,Stroma
GAGGCCCGACTCCGCA-1,Stroma
GAGGCTATCAAAGTCG-1,Benign*
GAGGGCATCGCGTATC-1,Stroma
GAGGGCCATAATATTA-1,Stroma
GAGGGCGCAGCTCTGC-1,Benign
GAGGTACATCCATCTT-1,Stroma
GAGGTCCCAAAGATCT-1,Benign*
GAGTAAGGCCACGGGA-1,Stroma
GAGTACGGGTATACAA-1,Benign*
GAGTATGCCCGCCTTG-1,Stroma
GAGTCAGACCAGAATC-1,Stroma
GAGTCCGCTTACCGGA-1,Benign
GAGTCGACAGACCCTC-1,Stroma
GAGTCTTGTAAAGGAC-1,Stroma
GAGTGCACGGACAACA-1,Stroma
GAGTGTGCGGTACCCA-1,Benign
GAGTTGATGGCAATTT-1,Stroma
GATAAATCGGTGGATG-1,Benign*
GATAACTCGCACTGTG-1,Benign
GATAAGGCAGATGCAA-1,Benign*
GATACCGTGTCGGAGT-1,Exclude
GATACGATGGGAGTCA-1,Stroma
GATAGGATTAATTACA-1,Benign
GATAGGTAACGTTGAC-1,Stroma
GATAGGTGTCCCGGGC-1,Exclude
GATATCTCATGCAATA-1,Stroma
GATATGAGACACTAAC-1,Stroma
GATATGCGGTAGCCAA-1,Benign
GATATGGATTACGCGG-1,Stroma
GATATTGAGATTGGCG-1,Stroma
GATATTTCCTACATGG-1,Benign
GATCATTCCAAACATT-1,Benign
GATCCCTTTATACTGC-1,Benign
GATCCGAATATAAGTG-1,Exclude
GATCCGGGAATTAACA-1,Stroma
GATCCTAAATCGGGAC-1,Exclude
GATCCTCGACACTGGC-1,Benign
GATCCTCTTGCGCTTA-1,Stroma
GATCGACACTATCTGA-1,Stroma
GATCGCGGGCTCTCCA-1,Stroma
GATCGGATAGAACCAT-1,Benign*
GATCGGCGATAAGTCG-1,Benign*
GATCGGTGGCCATAAC-1,Benign
GATCGTGACTGATATC-1,Stroma
GATCTCGACGCTGTGG-1,Stroma
GATCTTGGAGGGCATA-1,Benign
GATCTTTGCAGGGTAT-1,Stroma
GATGACAAGTAGGGCA-1,Stroma
GATGACGATGATCGCG-1,Exclude
GATGCCAGCAGAAGGC-1,Stroma
GATGCGAATGGTATTA-1,Benign*
GATGCGTCCTGCATTC-1,Stroma
GATGCTACAAGCGCCT-1,Benign*
GATGCTGTATTTCATC-1,Benign
GATGGCGCACACATTA-1,Stroma
GATGGTGCCCTAGGCA-1,Benign
GATGTAACGAACCACC-1,Stroma
GATGTCCGGATCACAT-1,Stroma
GATGTCGGTCAACTGC-1,Stroma
GATGTGTTGTCACAAG-1,Stroma
GATGTTCAATCCACGA-1,Benign
GATGTTTGTGCGAGAT-1,Stroma
GATTACTGAATTTGGG-1,Benign
GATTCCCTTGTCGCAG-1,Benign
GATTCCGCGTTTCCGT-1,Stroma
GATTCCTATACGGCGC-1,Stroma
GATTCGACGGTTCACG-1,Benign
GATTGACACTCTGCTC-1,Stroma
GCAAACGTCGCCAGGT-1,Benign
GCAAATATTACGCTTT-1,Stroma
GCAAATGAGGACACTT-1,Stroma
GCAACACACTAGAACT-1,Stroma
GCAACAGCAGTATGCG-1,Stroma
GCAACCACCAGACCGG-1,Benign
GCAACCACGGCCGCGT-1,Benign
GCAACGGCTAGTTATG-1,Benign
GCAAGAATTCCTTGGC-1,Stroma
GCAAGATGTGTTCGCG-1,Benign
GCAAGTGCACAGAGAA-1,Stroma
GCAATTAGTCGCACCG-1,Benign
GCACAAACGAGGCGTG-1,Stroma
GCACAAGTGTCGGAAG-1,Stroma
GCACACGCCCATGGTC-1,Benign*
GCACGCCTACTTAGAT-1,Stroma
GCACTAGTCGCGCTAT-1,Stroma
GCACTCCCACAGTCCC-1,Stroma
GCACTGTGCAAATGTA-1,Stroma
GCAGAAGGTAATCTCC-1,Stroma
GCAGACCCAGCACGTA-1,Exclude
GCAGATCCTCGCAAAT-1,Benign*
GCAGATTAGGGATATC-1,Exclude
GCAGCACACAGCCCAG-1,Benign
GCAGCCTATATCACAT-1,Benign
GCAGGACTATAGAATA-1,Stroma
GCAGGTAGAGTATGGT-1,Stroma
GCATACGAGGTCTTTA-1,Stroma
GCATAGAGCACTCAGG-1,Stroma
GCATCCCTAACTTTGA-1,Stroma
GCATCGGCCGTGTAGG-1,Benign
GCATGAGGGACGCGGC-1,Benign
GCATGGGTACTGACGC-1,Stroma
GCATTCAAGGCAACGC-1,Benign
GCATTCGAAATGAACA-1,Stroma
GCATTGTAATTCATAT-1,Stroma
GCATTTCCAAGGCTCC-1,Benign
GCCAACCATTTCCGGA-1,Exclude
GCCAAGAATACTTCTG-1,Stroma
GCCAATAGGGCATCTC-1,Benign
GCCACAATTTAAGGAC-1,Benign
GCCAGGAGTAACCGAT-1,Stroma
GCCAGGCGTTCGCATG-1,Stroma
GCCATATTGCACACAG-1,Stroma
GCCATCGAGCTGCGTG-1,Stroma
GCCATCGATGCTGCAT-1,Stroma
GCCCACCAAGGCTGTC-1,Stroma
GCCCAGATGCTGGAGA-1,Stroma
GCCCAGTTGGTATGCC-1,Stroma
GCCCGACTTCTTCCCG-1,Stroma
GCCCGCGCGTAAACGG-1,Stroma
GCCCGCGCGTTTGACA-1,Benign*
GCCCGTAATACCTTCT-1,Benign
GCCGAAATTCCTACGT-1,Benign*
GCCGATTGGCCAAGCT-1,Benign
GCCGCACTCCGTTTCA-1,Stroma
GCCGCATTAGTCCGGC-1,Chronic inflammation
GCCGCTTGTGAGAAAC-1,Benign*
GCCGGAAACACATCTT-1,Stroma
GCCGGGTTAGGGTCGC-1,Benign
GCCGTGGAAGAAATGT-1,Stroma
GCCTAGCGATCTGACC-1,Benign*
GCCTATAGTGTCAGGG-1,Stroma
GCCTATGCTGGGCCTT-1,Stroma
GCCTATTCCGATATAG-1,Stroma
GCCTATTTGCTACACA-1,Stroma
GCCTCATCTGGAAATA-1,Stroma
GCCTTCAGCCCTACCG-1,Stroma
GCGAAACTTAACTGGA-1,Benign
GCGAAGCCATACCCGT-1,Benign
GCGACATGTAAACATC-1,Stroma
GCGACGATAGTTGTAC-1,Stroma
GCGAGAGGCCATGTAA-1,Benign
GCGAGAGTTGCGTCCA-1,Stroma
GCGAGCGCATGCTCCC-1,Stroma
GCGAGGCCCGAGCAGA-1,Benign
GCGAGTTCTGCAAAGA-1,Benign
GCGATTCTGGAAGCAG-1,Stroma
GCGATTGTTAACGTTA-1,Exclude
GCGCAAGAGCGCGCTG-1,Stroma
GCGCATCCAGTCAGCA-1,Stroma
GCGCCGTTCCACGATA-1,Stroma
GCGCCTCCCACTCCGA-1,Stroma
GCGCGATGGGTCAAGT-1,Stroma
GCGCTAATTGAATAGA-1,Benign
GCGCTATGCCGAGGCA-1,Benign
GCGCTCGATCACCTGT-1,Stroma
GCGCTGATCCAGACTC-1,Benign
GCGCTGCTTTGCATTT-1,Stroma
GCGGACCGCGTTGTGG-1,Stroma
GCGGAGAAACTTCGCA-1,Stroma
GCGGAGAGGGAGAACG-1,Benign
GCGGCTCTGACGTACC-1,Benign
GCGGGAACCAGGCCCT-1,Benign*
GCGGGCATTACGATGC-1,Stroma
GCGGGCGAGCCTTACC-1,Stroma
GCGGTCCCGGTGAAGG-1,Stroma
GCGGTCCCTAGACGCA-1,Stroma
GCGGTGAACTGCGCTC-1,Benign
GCGGTTCCCTATCATG-1,Benign
GCGTAAATGGCCATAA-1,Exclude
GCGTCGAAATGTCGGT-1,Benign
GCGTCTAACCTCCTAA-1,Benign
GCGTCTCTGCATTGGG-1,Benign
GCGTGGTACTGGGTTA-1,Exclude
GCGTGTATGTCGTATT-1,Exclude
GCGTTATATTTGGAAC-1,Stroma
GCGTTCGGAGACCGGG-1,Stroma
GCTAAACCTGAGGTGA-1,Stroma
GCTAAGTAAAGGCGAT-1,Exclude
GCTAAGTAGTTTCTCT-1,Stroma
GCTAATACCGAATGCC-1,Stroma
GCTACAGTACGGACCG-1,Benign*
GCTACGACTTATTGGG-1,Exclude
GCTAGACCGTCTACTG-1,Stroma
GCTAGCACCTGGGCCA-1,Stroma
GCTAGCAGGGAGTGGG-1,Benign
GCTAGCTTGAATAGCT-1,Stroma
GCTAGTAGAGCTTGTA-1,Benign
GCTAGTTTCATTGAGG-1,Stroma
GCTATCGCGGCGCAAC-1,Stroma
GCTATGCCAGCTTATG-1,Benign*
GCTCAATCCGTTTATT-1,Stroma
GCTCATTACTGCATGT-1,Benign
GCTCCCAGTCGGTCCA-1,Stroma
GCTCCGCTCGCTTCAG-1,Stroma
GCTCCTGACATACTGG-1,Stroma
GCTCGCGGTTCCGCTC-1,Benign*
GCTCGCTCATGTCCAA-1,Stroma
GCTCGGAATTTAAAGC-1,Exclude
GCTCTAAACCCTGACG-1,Stroma
GCTCTATGTTACGTGC-1,Stroma
GCTCTCGGGTACCGAA-1,Benign
GCTGAACTCTCCAGGG-1,Exclude
GCTGAGGCGTGAGTAT-1,Benign
GCTGCACGGTTTCTTA-1,Benign
GCTGCTAAGTAGTCGA-1,Stroma
GCTGCTCTCCGGACAC-1,Benign
GCTGGACCCAAAGTGG-1,Benign
GCTGGCATATTCACCT-1,Exclude
GCTGGTGACTCGTAGT-1,Exclude
GCTGTATTACTGGCCC-1,Benign
GCTGTTGCTACCGAAC-1,Benign
GCTTAATGTAACTAAC-1,Stroma
GCTTACGTAGTTAGTA-1,Exclude
GCTTATGAAGCAGGAA-1,Benign
GCTTCCGTCCCTAGAC-1,Benign
GCTTGATGATAATCAG-1,Stroma
GCTTGCAGCACAATTG-1,Stroma
GCTTGGATCGATTAGG-1,Exclude
GCTTTCAGAGGAGGTG-1,Benign
GGAAACCTTGTTGAAT-1,Stroma
GGAAAGTGCCCATGCC-1,Benign
GGAACCGTGTAAATTG-1,Benign
GGAACGGCCTGCAGCC-1,Benign*
GGAAGCTCGCTTACAG-1,Benign
GGAATAACCTCAAGAA-1,Benign*
GGAATGCGCTAGCGTG-1,Stroma
GGACAAGTTGCAGTGA-1,Stroma
GGACACAAGTTTACAC-1,Stroma
GGACCTACGGTAACGT-1,Stroma
GGACGTCCATAGTTGG-1,Stroma
GGACTCACAAATTAGG-1,Stroma
GGAGAAGTCATTGGCA-1,Stroma
GGAGACCAATGTGCTT-1,Benign
GGAGACCATCTACATA-1,Stroma
GGAGACGACACCTTTG-1,Benign
GGAGCACCAAGAACTA-1,Exclude
GGAGGATTGAAAGGAG-1,Stroma
GGAGGCCGAAGTCGTC-1,Stroma
GGAGGGCTTGGTTGGC-1,Benign
GGAGTGCCGCCCTGGA-1,Stroma
GGATACTCATGAATTG-1,Stroma
GGATCAAAGGACGAGG-1,Stroma
GGATCAGAGCCATCAG-1,Benign*
GGATCATCCCGTACGC-1,Benign
GGATCCGGAATATACT-1,Stroma
GGATCTTGACTCAACC-1,Stroma
GGATGAAGATCGCTGA-1,Stroma
GGATGACGCGAGTTTA-1,Benign
GGATGCTGGCGTTCCT-1,Stroma
GGATGTCCTTACCGCA-1,Benign
GGATTAAGCTAAGGTC-1,Stroma
GGATTCAGTACGGTGG-1,Stroma
GGATTCCGCTATACCC-1,Stroma
GGATTTCACTTCTATA-1,Benign
GGCAAAGGCGCCAATA-1,Stroma
GGCAAATTACTTTACT-1,Stroma
GGCAAGCCAGGGATAG-1,Stroma
GGCAAGGCGAAATAGC-1,Exclude
GGCAATAGTCAATGAG-1,Exclude
GGCACTCCACTGGGCA-1,Benign*
GGCAGAGAGATCGGGA-1,Stroma
GGCAGCGGTAATCCTA-1,Benign
GGCATACAGGTAGCGG-1,Benign*
GGCATATCGGTTCTGC-1,Benign
GGCATCAACGAGCACG-1,Stroma
GGCCACAAGCGATGGC-1,Stroma
GGCCCGGAGCATGTCT-1,Benign
GGCCCGTATACCATGC-1,Stroma
GGCCCTCACCCACTTA-1,Benign*
GGCCGTTTGGGTTTCA-1,Stroma
GGCCTTTGCAACTGGC-1,Exclude
GGCGAAATCTAACTTG-1,Stroma
GGCGAACCGTTCTGAT-1,Stroma
GGCGCAGGACATCTTC-1,Exclude
GGCGCATGAATTGATG-1,Benign
GGCGCGTTCGAGTTTA-1,Stroma
GGCGCTCCTCATCAAT-1,Stroma
GGCGGAGTAATATTAG-1,Stroma
GGCGGTAGGATCATTG-1,Stroma
GGCGTACCCTATATAA-1,Stroma
GGCGTCCTATCCGCTG-1,Benign*
GGCTAAAGGGCGGGTC-1,Benign
GGCTATTAAGTTGTAT-1,Stroma
GGCTCCTCCACCTGTT-1,Stroma
GGCTCGCGTTGAGGTA-1,Stroma
GGCTCGTGCCACCAGC-1,Benign*
GGCTCTGCTCCAACGC-1,Benign
GGCTGGCTAGCTTAAA-1,Stroma
GGGAACGGGAGGTTAG-1,Benign
GGGAATGAGCCCTCAC-1,Stroma
GGGACCCGTATATCTT-1,Stroma
GGGACTGCATAGATAG-1,Benign
GGGAGAACTCACAGTA-1,Benign
GGGAGGATGCCCGAAA-1,Benign
GGGAGTAATGGCTGGC-1,Stroma
GGGAGTTAATGAGGCG-1,Benign
GGGATCCCAATACAAA-1,Stroma
GGGATGGTCGTAACCG-1,Benign
GGGATTTACCGCACCT-1,Stroma
GGGCAGACGTCACTGC-1,Stroma
GGGCCCGTCTTAAACA-1,Stroma
GGGCCCTACGAAAGGG-1,Stroma
GGGCCCTTATCTATAC-1,Stroma
GGGCCGGCCGAAGTAC-1,Stroma
GGGCCTAAATGGGCTA-1,Stroma
GGGCGATATGTGTGAA-1,Stroma
GGGCGCAGCGTTACTC-1,Stroma
GGGCGGCAAATGAATT-1,Stroma
GGGCGGGTTCCCTACG-1,Stroma
GGGCGGTCCTATTGTC-1,Stroma
GGGCGTACATTTATAT-1,Stroma
GGGCGTCACCACGTAA-1,Stroma
GGGCGTCCACTGGCTC-1,Benign
GGGCTATGATCGATGG-1,Stroma
GGGCTCATCGAACCCA-1,Benign
GGGCTGCCTAGGGCGA-1,Benign
GGGCTGGTTAGTCGCG-1,Exclude
GGGTACCCACGGTCCT-1,Stroma
GGGTACTTCATGAACT-1,Benign
GGGTATGTATGCACTT-1,Benign*
GGGTCACCGTGACGGT-1,Stroma
GGGTCATGCGTACCAT-1,Stroma
GGGTCGTGGCAAGTGT-1,Benign
GGGTGACACCTTAACT-1,Stroma
GGGTGCATATGAAAGC-1,Benign
GGGTGGTCCAGCCTGT-1,Stroma
GGGTGTTTCAGCTATG-1,Benign
GGGTTAACATTTGAGT-1,Stroma
GGGTTCAGACGAACAA-1,Stroma
GGGTTTAGGATAGGAT-1,Stroma
GGTAAATGTGCGTTAC-1,Benign
GGTAACTATGTATCTG-1,Benign*
GGTACAAACATGCTAT-1,Benign
GGTACACCAGATTTAT-1,Stroma
GGTACATCTGGGACGA-1,Stroma
GGTACCATTAAGACGG-1,Stroma
GGTAGACCGTTGGGCG-1,Stroma
GGTAGTGCTCGCACCA-1,Benign
GGTATAGTGACACATA-1,Benign
GGTATTGCCGAGTTTA-1,Benign
GGTCACGTTAGATTCA-1,Stroma
GGTCAGTGGGTCCCAC-1,Stroma
GGTCGGATAAACGGCG-1,Benign
GGTCGGCCAGGAGCTT-1,Benign
GGTCGGTAATTAGACA-1,Stroma
GGTCGGTCGTCCACAG-1,Stroma
GGTCGTAAGCTCGCAC-1,Chronic inflammation
GGTCTCCAAGTAGTGC-1,Stroma
GGTCTCTGAATGGACT-1,Benign
GGTCTGAGAATCTGGA-1,Exclude
GGTGAAACCGGGAATG-1,Stroma
GGTGAACGGGCTAGCC-1,Stroma
GGTGAAGTACAGGGAT-1,Exclude
GGTGAGATGCAGATAA-1,Benign*
GGTGATAAGGAGCAGT-1,Exclude
GGTGATTTCATCTTGT-1,Stroma
GGTGCAGAGCCTATCG-1,Benign
GGTGCGGATAAGTGGC-1,Stroma
GGTGCTGATCACAAAG-1,Stroma
GGTGCTGGTACACATT-1,Benign
GGTGGAGGTTGATACG-1,Stroma
GGTGTTGGGCGTCTTA-1,Stroma
GGTTACCACCCTCGGG-1,Stroma
GGTTACCCGACACTTT-1,Benign
GGTTAGCTATATGTCT-1,Stroma
GGTTAGGCTTGGAGAA-1,Stroma
GGTTAGTTACGGCGCC-1,Stroma
GGTTCGGATTATACTA-1,Benign*
GGTTCTACTCGTCTGA-1,Stroma
GGTTGTATCGTGAAAT-1,Stroma
GGTTGTGTAGCCTGGC-1,Benign*
GGTTTAATTGAGCAGG-1,Stroma
GGTTTACAATCTCAAT-1,Benign
GGTTTAGCCTTTCTTG-1,Exclude
GGTTTCAATCGGTCAG-1,Benign
GGTTTGAGTGCTGGAA-1,Benign*
GTAACTTGCGGCAGTC-1,Stroma
GTAAGCGGGCAGTCAG-1,Benign
GTAAGGATTTGTCGGA-1,Stroma
GTAAGTAACAGTCTGG-1,Stroma
GTAAGTAGGGTATACC-1,Stroma
GTAAGTCCACACTCTA-1,Stroma
GTAATAAAGGGCTCCC-1,Exclude
GTAATCTGATTCTTCG-1,Stroma
GTACACTTACCTGAAG-1,Stroma
GTACAGAGGCAAGGGT-1,Benign
GTACGACGGCGCTGCG-1,Benign*
GTACGAGATTGCGACA-1,Stroma
GTACGCTTCATTGCAC-1,Stroma
GTACGTCACGTATTAA-1,Stroma
GTACGTTTGCCCGTCA-1,Benign
GTACTAAGATTTGGAG-1,Benign
GTACTCCCTTATCGCT-1,Benign
GTACTCCTGGGTATGC-1,Benign
GTACTGAGGTCGTAAC-1,Stroma
GTACTGCATGAAGCGT-1,Stroma
GTACTGGAGTTAGACC-1,Stroma
GTACTTGGGCACTTCT-1,Benign*
GTAGAAACGGGTGGAG-1,Benign*
GTAGACAACCGATGAA-1,Stroma
GTAGACGTCGTTACAT-1,Benign*
GTAGAGGGAGACAAGT-1,Benign
GTAGCGCTGTTGTAGT-1,Stroma
GTAGCGGCTATACACT-1,Stroma
GTAGCTTCCTCTTGTT-1,Exclude
GTAGGTGATCCGTGTA-1,Benign
GTATAGGACTCAGTAG-1,Stroma
GTATCAGCTTGGGTTC-1,Benign*
GTATCTTTCATAACCA-1,Benign
GTATGAAATTTCACTC-1,Stroma
GTATGTGGGTCTAGTT-1,Exclude
GTATTAAGGCGTCTAA-1,Stroma
GTATTCTGAGAAACGA-1,Benign
GTCAAAGTTTACATAG-1,Stroma
GTCAAGCGGACTCGGG-1,Stroma
GTCAATGCTATAATTT-1,Exclude
GTCAATTGTACTGAAG-1,Stroma
GTCACAAAGTTTCCAA-1,Stroma
GTCACTCTCCAAATCT-1,Stroma
GTCAGAATAGTCTATG-1,Exclude
GTCAGTTGTGCTCGTT-1,Stroma
GTCAGTTTGGTAGTCG-1,Stroma
GTCATGCACCTCCGTT-1,Benign
GTCATGGACATGACTA-1,Stroma
GTCATTAGAGCGAACG-1,Stroma
GTCATTGCATTGACCC-1,Benign*
GTCCATTACTGCTACG-1,Benign
GTCCCAACGTAAAGTA-1,Benign
GTCCCAATCATCCCGC-1,Stroma
GTCCGAGAGCAATCAT-1,Stroma
GTCCGGCTGAATTGCG-1,Exclude
GTCCTACAGGCGGCTC-1,Benign*
GTCCTTCTAGTGGGTT-1,Benign
GTCGCCGTTGTGTGTT-1,Stroma
GTCGCGTAACCCGTTG-1,Stroma
GTCGGATATCTCAGAC-1,Stroma
GTCGGATGTAGCGCGC-1,Stroma
GTCGGGAACATGGTAG-1,
GTCGTACCATCTCGGG-1,Benign
GTCGTACCTACGATTG-1,Benign*
GTCGTATTGGCGTACA-1,Stroma
GTCGTCAATTATAAGG-1,Exclude
GTCGTCTGGTTGGCTA-1,Stroma
GTCGTGTCTGGTCATC-1,Benign
GTCGTTATTCGCTTAT-1,Stroma
GTCTACTCAATTACAA-1,Benign*
GTCTATCTGAGTTTCT-1,Benign
GTCTCGACTAAGTTTG-1,Benign
GTCTCGATCTGCTTTC-1,Stroma
GTCTGGGCGGTCGAGA-1,Benign
GTCTTAGTACAGCCGG-1,Benign
GTCTTGAGGAGCAGTG-1,Stroma
GTCTTGTAGCTATTCA-1,Stroma
GTGAAACGGCGCCACC-1,Benign
GTGAAACGTGCTCCAC-1,Stroma
GTGAACTCCCATTCGA-1,Benign
GTGAAGATTTCAAGTG-1,Benign
GTGAAGCCGTATAGTC-1,Stroma
GTGAAGTCACGACTCG-1,Stroma
GTGACCGCACACTACG-1,Benign
GTGACCTAAAGAATAA-1,Stroma
GTGACGAGGGTGACCC-1,Stroma
GTGACTTCAGTAGTGC-1,Benign
GTGAGCGTGCTGCACT-1,Benign*
GTGAGGACACTTAAGG-1,Benign
GTGAGGAGCGGTTGAG-1,Benign
GTGAGTCTAAGACGGA-1,Stroma
GTGAGTGGTACAACGC-1,Benign
GTGATCACTAACGCCT-1,Benign
GTGATCATAGATCTGC-1,Stroma
GTGATGCACAACATCT-1,Benign
GTGATTCGCCGCTCAA-1,Exclude
GTGCAACAAATGTGGC-1,Stroma
GTGCACGAAAGTGACT-1,Benign
GTGCCATCACACGGTG-1,Stroma
GTGCCCGTTCGGATTC-1,Benign
GTGCCGCTTCAAAGGT-1,Benign
GTGCCTCAGTGTACGG-1,Benign
GTGCGAAATCGAACAC-1,Benign
GTGCGACAGGGAGTGT-1,Stroma
GTGCGCTTACAAATGA-1,Stroma
GTGCGGGACCATCGGC-1,Stroma
GTGCGGGTCTCCAAAT-1,Stroma
GTGCGTGTATATGAGC-1,Stroma
GTGCTCAAGTACTGTC-1,Stroma
GTGCTGCAGATAAGGA-1,Exclude
GTGCTTACATCAGCGC-1,Stroma
GTGGAACCTACATGCG-1,Exclude
GTGGACCAACCCGATT-1,Exclude
GTGGACGTGCTGAGAC-1,Stroma
GTGGAGCATGTCGGCC-1,Benign
GTGGAGTCGGCGGTTG-1,Benign
GTGGCAAACAGCGGCA-1,Chronic inflammation
GTGGCGGTCCCAGCGT-1,Benign*
GTGGGAAGACTGAATC-1,Stroma
GTGGGCTTAGACACAC-1,Stroma
GTGGTATAGTCTGCCG-1,Stroma
GTGGTGGCCAAGTGAA-1,Stroma
GTGGTTACTTCTTTCG-1,Stroma
GTGGTTTCCGCCTTTC-1,Benign
GTGTACCTTGGCTACG-1,Benign
GTGTACGAACCGTTCC-1,Stroma
GTGTATGACTTTAAAG-1,Stroma
GTGTGAATAACTTAGG-1,Stroma
GTGTTACTATGCGTCC-1,Benign
GTTAACTATGTTGTCA-1,Benign
GTTAAGTTAGAGTGGG-1,Benign
GTTAATGTCTATCTTA-1,Stroma
GTTACAATTGGTGACG-1,Stroma
GTTACCTACAACTTGC-1,Benign
GTTACGGCCCGACTGC-1,Stroma
GTTACTTTGGGCCTAG-1,Stroma
GTTAGAGTGTGCCGCT-1,Stroma
GTTAGCCGTAAATCAA-1,Exclude
GTTATATCAGGAGCCA-1,Stroma
GTTATATTATCTCCCT-1,Stroma
GTTATCACCTTCTGAA-1,Benign*
GTTATTAACGTGGGAG-1,Benign*
GTTCACAGGAGTCTAG-1,Stroma
GTTCATCGTTTGGCTG-1,Stroma
GTTCCAGTCTGACCAT-1,Stroma
GTTCGCCATAAGTGCC-1,Benign
GTTCGGATCGGGAACA-1,Benign
GTTCGGGCGTACCATT-1,Stroma
GTTCGTCTGGGTCCCT-1,Exclude
GTTCTTCCCTCGATGT-1,Benign*
GTTGAACCGGTTCCAT-1,Benign
GTTGCACGGAGTTTCG-1,Benign*
GTTGCGCTAACATTAC-1,Stroma
GTTGGACCGCATCAGG-1,Benign
GTTGGATTCAGTGGCT-1,Benign
GTTGGATTGAGAACAC-1,Benign
GTTGGATTTGCGTTGG-1,Stroma
GTTGTCGTGTTAGTTG-1,Stroma
GTTTACGTTCCATCTG-1,Stroma
GTTTCATATCGTCGCT-1,Stroma
GTTTCCTGGAGGGTGA-1,Stroma
GTTTCTGCAGTCTCCC-1,Benign
GTTTGACCAAATCCTA-1,Benign
GTTTGGCCCAAGTTAT-1,Benign
GTTTGGCCGCTCAGCG-1,Stroma
GTTTGGTAGGGTCAAC-1,Benign
TAAACCCAGGAGGGCA-1,Stroma
TAAAGACAACCCTTTA-1,Exclude
TAAAGAGCCCGAAACC-1,Benign*
TAAAGCGTTAGGAGAA-1,Benign
TAAAGCTGCAATAGGG-1,Benign
TAAATCTTTACACCTC-1,Benign
TAAATGAATCCGTTTC-1,Stroma
TAAATGCCGTCTCATG-1,Benign
TAACAAAGGGAGAAGC-1,Benign*
TAACAATATTTGTTGC-1,Stroma
TAACATACAATGTGGG-1,Stroma
TAACATACACGCGATC-1,Stroma
TAACCGCCCGCAGTGC-1,Exclude
TAACCTACCGTCCGAG-1,Benign
TAACGCTTTGAGAGCG-1,Benign*
TAACTATCGAAGGTCC-1,Exclude
TAACTATTACGCCAAA-1,Stroma
TAACTCATCCGCGCGG-1,Benign
TAACTCCATGGAGGCT-1,Benign*
TAAGATTTAGCGGGAG-1,Stroma
TAAGCAGGCGACACGC-1,Stroma
TAAGCCCTTACGACCA-1,Stroma
TAAGGAACTTGTGGGA-1,Benign*
TAAGGCAACATAAGAT-1,Exclude
TAAGGCATAACATCAA-1,Stroma
TAAGGCTGAATCCCTC-1,Stroma
TAAGGGCTGGGAGAGG-1,Stroma
TAAGTAACATCTTGAC-1,Benign
TAAGTCGCCGAGTATC-1,Stroma
TAATAAACAAGGAGAT-1,Benign
TAATACACAGTAGTAT-1,Stroma
TAATAGAACAGAGTTA-1,Benign
TAATAGCTAAATGATG-1,Stroma
TAATAGTGACGACCAG-1,Benign
TAATATTGAAATTCGC-1,Stroma
TAATCAACCAAATGGG-1,Stroma
TAATCGATCCGTACGT-1,Benign
TAATGAAAGACCCTTG-1,Stroma
TAATTAGATGGATATG-1,Benign*
TAATTAGGACATCCGT-1,Benign
TAATTGGAATCGGGAA-1,Benign
TAATTTCCGTCCAGTA-1,Stroma
TACAACGCACAACTCA-1,Benign
TACAAGCTGTTCACTG-1,Stroma
TACAAGTCTCGTGCAT-1,Exclude
TACAATGAAACCAGCA-1,Stroma
TACACCGTCGTTAGTC-1,Stroma
TACATAGGCATACACC-1,Benign
TACATCCCTATCCCTG-1,Benign*
TACATTTCTAACGTGC-1,Stroma
TACCAGAAGTAGGTTC-1,Stroma
TACCAGCTAGGTTTAA-1,Stroma
TACCATGTATTGATTT-1,Stroma
TACCGCGGACTTGCAG-1,Benign
TACCGGCTCACTGCCC-1,Benign
TACCGGTCGTTTCCAT-1,Stroma
TACCTATCCCTAGAGG-1,
TACCTCACGCTTGTAC-1,Benign*
TACCTCAGTTGTCTGT-1,Stroma
TACCTGCTGCACTGTG-1,Stroma
TACCTTAAGATTTCCC-1,Stroma
TACGAACACGACTTCA-1,Benign
TACGACGCTTGCTGCG-1,Benign
TACGACTGCCTCTTAG-1,Benign
TACGAGAACTTCACGT-1,Stroma
TACGATGTTGATCATC-1,Benign*
TACGCAGTTCTTTCCT-1,Benign
TACGCCATATTCTAAT-1,Benign
TACGCCGAGGGTACCC-1,Stroma
TACGCCGCCTCAGAAG-1,Stroma
TACGCCTCCATTCCGA-1,Stroma
TACGCTATAGAAACCT-1,Benign
TACGGGATGCTAGCAG-1,Stroma
TACGTGCAAGGTTCCT-1,Benign
TACGTGCACTATGCTG-1,Stroma
TACGTTTACCGGCAAT-1,Stroma
TACTATGGTTCCTCAG-1,Stroma
TACTCGGCACGCCGGG-1,Exclude
TACTCTCCGAACAAAT-1,Benign
TACTCTTTCGTCTTCA-1,Stroma
TACTGAACAGATTTAG-1,Stroma
TACTGCAATCAATTAC-1,Benign
TACTGGACAGCTCGGC-1,Benign*
TACTGTTTCTCTGGTA-1,Stroma
TACTTGTTAGTAGTCC-1,Exclude
TACTTTACTGAGCCGG-1,Stroma
TACTTTCCGCACGCCA-1,Chronic inflammation
TAGAAAGGTGGCGCTA-1,Stroma
TAGAAATTCACGTATA-1,Benign*
TAGAATTAAGGGCAAC-1,Stroma
TAGACGCCCGTACCGG-1,Stroma
TAGACTACCTAGCGTT-1,Stroma
TAGAGATCATGCAACT-1,Stroma
TAGAGCTACGAAGAAC-1,Benign*
TAGAGTCTAAGCGAAC-1,Stroma
TAGATATGGACTGGAA-1,Stroma
TAGATCCGAAGTCGCA-1,Stroma
TAGATTCCTGGTTATT-1,Benign*
TAGCAACCTGTCACAA-1,Stroma
TAGCCATTTCAAAGTC-1,Benign
TAGCCGGCGGTCAGCG-1,Stroma
TAGCGTCCCTCGATTG-1,Stroma
TAGCGTCGAATATTGA-1,Stroma
TAGCGTTGGGTCTTAC-1,Benign
TAGCTAAGTCCGGGAG-1,Benign
TAGCTAGAAGGCATGA-1,Benign
TAGCTAGTGATGATGG-1,Stroma
TAGCTCGCCTGATAAC-1,Stroma
TAGCTGATGTGAAGCG-1,Stroma
TAGGCATGTTACGCCA-1,Benign
TAGGGAGCTTGGGATG-1,Exclude
TAGGGTGTTTCAAGAG-1,Stroma
TAGGTCCAAGTAAGGA-1,Benign*
TAGGTCGCCGGAACTG-1,Benign
TAGGTGAGCCCTACTC-1,Benign*
TAGGTGCTCGCCTAGC-1,Stroma
TAGGTTCGAGTTCGTC-1,Stroma
TAGTACCTTAGTGGTC-1,Stroma
TAGTAGCTTATACCAG-1,Stroma
TAGTCCGCAGAGAATG-1,Benign
TAGTCGATCACGGGTT-1,Stroma
TAGTCTAACAACGAGA-1,Benign
TAGTCTGTGACGTTGC-1,Stroma
TAGTGAGAAGTGGTTG-1,Stroma
TAGTGCCCTCCAGAGT-1,Benign
TAGTGTCAGAAACGGC-1,Benign*
TAGTTAAGATAGGATA-1,Benign
TAGTTTATTCTTGCTT-1,Benign*
TATAAATCCACAAGCT-1,Benign*
TATAAGTGAGGATAGC-1,Benign*
TATACACAGACGCCTT-1,Stroma
TATACACGCAAAGTAT-1,Stroma
TATACCGAGTGCCACA-1,Stroma
TATACTCATGCGGCAA-1,Benign*
TATAGATGGTCGCAGT-1,Stroma
TATAGCGCACGTTATC-1,Stroma
TATAGGGTACTCATGA-1,Stroma
TATATCCCTGGGAGGA-1,Stroma
TATATTACAAATGTCG-1,Benign
TATATTCGCGTCGATA-1,Stroma
TATCACAGCACGGGCA-1,Exclude
TATCACCCAACCGACC-1,Stroma
TATCACTTCGAGTAAC-1,Exclude
TATCCATATCATGCGA-1,Benign*
TATCCGCACCGTCGGG-1,Stroma
TATCCTGCATGGGAAT-1,Benign*
TATCGATCTATGCATA-1,Stroma
TATCGATGATTAAACG-1,Stroma
TATCTACAGAGGTAAT-1,Benign*
TATCTACCACAGCGGG-1,Benign
TATCTAGCCTAAAGGA-1,Stroma
TATGAAGACAGGTGCG-1,Stroma
TATGATAAATCTAACG-1,Stroma
TATGATCCGGCACGCC-1,Benign
TATGATTCTGCTTGGT-1,Stroma
TATGCTCCCTACTTAC-1,Benign
TATGGATGTGCTACGC-1,Stroma
TATGGCCCGGCCTCGC-1,Exclude
TATGGCTAGGCTAATT-1,Benign
TATGGGACCGAGCAGG-1,Stroma
TATGGGTACGTATCGT-1,Benign
TATGGTCTGAGTAACA-1,Stroma
TATGGTTAGTGGGAGA-1,Exclude
TATGTCAAGACCGACT-1,Stroma
TATGTCTCATTGTGCC-1,Stroma
TATTAACCTGACCGCG-1,Stroma
TATTACCATCCTGCTT-1,Benign
TATTCAATTCTAATCC-1,Exclude
TATTCCACTCAGCTCG-1,Stroma
TATTCCGGCAGTCCTA-1,Benign*
TATTCCTCCGCCCACT-1,Exclude
TATTCGTGCCAGAATA-1,Benign
TATTGACATTTCTGCC-1,Benign
TATTTAGTCTAGATCG-1,Stroma
TATTTATACCGAGTAG-1,Exclude
TATTTGTTACCCTTTA-1,Benign*
TCAAACAACCGCGTCG-1,Exclude
TCAAACTTAGATTGTT-1,Benign
TCAAAGAGCTATCTGT-1,Stroma
TCAACAAAGATAATTC-1,Stroma
TCAACACATTGGGTAA-1,Stroma
TCAACATAGCGCCCTA-1,Stroma
TCAACATCGACCGAGA-1,Stroma
TCAACCATGTTCGGGC-1,Stroma
TCAACGAGGAGACAAA-1,Benign
TCAACGCAGGAAATAA-1,Stroma
TCAACGCGACCGGCAG-1,Benign*
TCAACTAACGTATAAC-1,Stroma
TCAAGAAATACTAGCT-1,Stroma
TCAAGCTGCCTTGAAA-1,Stroma
TCAAGGTTACTACACC-1,Stroma
TCACAGCAAACTCGAA-1,Stroma
TCACAGGAGAATAAGA-1,Stroma
TCACAGGGAATCGCAA-1,Benign
TCACAGGTTATTGGGC-1,Stroma
TCACATCTTATCTGAT-1,Stroma
TCACCCTCTTAAGATT-1,Benign
TCACCGCTCGGCACTC-1,Stroma
TCACGATGTCCGTGGA-1,Stroma
TCACGCATTGTAGATC-1,Stroma
TCACGGTCATCGCACA-1,Stroma
TCACGTGCCCGATTCA-1,Benign
TCACTACGACCAATGC-1,Benign
TCACTCAGCGCATTAG-1,Stroma
TCACTCGTGCAACGGC-1,Benign
TCAGAACCTCCACAGG-1,Stroma
TCAGACGCTATAGAAG-1,Exclude
TCAGCAAATGCATCTC-1,Benign
TCAGCAGTAGGCCCTG-1,Stroma
TCAGGGCGCAAACTCG-1,Stroma
TCAGGGTGTAACGTAA-1,Benign
TCAGGTTCTTTGAGAA-1,Stroma
TCAGTACTGACCCGCG-1,Stroma
TCAGTAGGGACTATAA-1,Benign
TCAGTGTATACGTCAT-1,Stroma
TCATACTTACAGATCC-1,Stroma
TCATCACTCGAGCTCG-1,Stroma
TCATCCCAGAGGGTGG-1,Stroma
TCATCGATGGTCCCAA-1,Stroma
TCATGCAGGTTCTCAT-1,Exclude
TCATTTAAGTCTCCGA-1,Benign
TCCAACTTTAAATTCT-1,Benign
TCCACAATGGTTTACG-1,Stroma
TCCACTTTATCTAGGT-1,Stroma
TCCAGAGCACCGGTTC-1,Benign
TCCAGATGTACGCCAA-1,Stroma
TCCAGGCGAGTACGGT-1,Benign
TCCATTCCCACTAGAG-1,Stroma
TCCATTGTGACCTCGT-1,Stroma
TCCCAAACAGACAACG-1,Stroma
TCCCAAAGACGAAGGA-1,Benign
TCCCAAAGCCCTAAAT-1,Stroma
TCCCACTCTCTTCCGG-1,Stroma
TCCCAGCTTTAGTCTG-1,Benign
TCCCAGGCTTAGCTAA-1,Stroma
TCCCGCCTATGTGCGT-1,Benign
TCCCGCGTACTCCTGG-1,Exclude
TCCCGGGTGTGCTGCT-1,Stroma
TCCCGGTCAGGAATTT-1,Stroma
TCCCGTCAGTCCCGCA-1,Stroma
TCCCGTCGCGTCATAG-1,Stroma
TCCCGTGTGCAATTTG-1,Benign
TCCCTAGATCAATAGG-1,Benign
TCCCTGGCTCGCTGGA-1,Benign*
TCCCTTAGATTACTCG-1,Benign
TCCGAACTTGGCTTAC-1,Benign*
TCCGAAGTAGTCACCA-1,Stroma
TCCGAATGGTCCTGAG-1,Stroma
TCCGAGAAGGCTAAGC-1,Stroma
TCCGATAATTGCCATA-1,Benign
TCCGATGACTGAGCTC-1,Benign
TCCGATGGTGCGACAT-1,Benign*
TCCGATTACATTGCCG-1,Exclude
TCCGCGGCAGCATCTG-1,Stroma
TCCGCTGTCATCCCGG-1,Benign
TCCGCTTATCCCATTA-1,Benign
TCCGGAGGAAGGGCTG-1,Benign
TCCGGCCTAGCGTACA-1,Stroma
TCCGGTTCGTCCGGTC-1,Stroma
TCCGTAACCACAATCC-1,Stroma
TCCGTTTAGCCTTGAA-1,Benign
TCCTAACCGTCGGGCA-1,Stroma
TCCTACATCCACGGCC-1,Benign
TCCTAGCAAAGAAGCT-1,Benign
TCCTATCATAGGTAAC-1,Stroma
TCCTCCTAAGACATTC-1,Chronic inflammation
TCCTCGGGCTGGGCTT-1,Stroma
TCCTCTACGAGATGGC-1,Benign*
TCCTCTCCAGTTGTCC-1,Stroma
TCCTCTGGCCCATTAG-1,Stroma
TCCTGCCAACTGGAGA-1,Benign
TCCTGCGTTGATACTC-1,Stroma
TCCTGGCGCTGCCTGG-1,Benign
TCCTTCAATCCCTACG-1,Stroma
TCCTTCAGTGGTCGAA-1,Benign
TCCTTTCTTACGCTTA-1,Stroma
TCGAAATTTAGGACCA-1,Stroma
TCGAAGAACCGAGCAC-1,Stroma
TCGAATATCCCGCAGG-1,Stroma
TCGAGACCAACACCGT-1,Stroma
TCGAGCCAGGCAGGCC-1,Stroma
TCGATAGGCTAGTCGC-1,Stroma
TCGCATCCCTAAGTGT-1,Stroma
TCGCATTCAATGACTT-1,Stroma
TCGCCCACTGCGAGAG-1,
TCGCCGAAGTTGCGTC-1,Benign
TCGCCGCACCGCGTGA-1,Stroma
TCGCCGGTCGATCCGT-1,Benign
TCGCGTCCAGAAGGTC-1,Benign*
TCGCTAAACCGCTATC-1,Benign
TCGCTCGATATATTCC-1,Stroma
TCGCTCGGCACCAGCG-1,Stroma
TCGCTGGGCGGATTGT-1,Benign
TCGCTGTGCGTAAATC-1,Stroma
TCGCTTTAAACGTTTG-1,Benign
TCGGAATGACCATCAA-1,Stroma
TCGGAATGCGCTCTGA-1,Exclude
TCGGACGCCCAGCCCA-1,Stroma
TCGGAGAGTATCGGGA-1,Stroma
TCGGAGTACATGAGTA-1,Benign
TCGGCGAACCCAAACC-1,Benign
TCGGCGTACTGCACAA-1,Stroma
TCGGGAACGTGCCTAG-1,Stroma
TCGGGATTCAAACATA-1,Stroma
TCGGGCACTTCTGGAT-1,Stroma
TCGGGCCGTCGTGGTA-1,Benign
TCGGGTGAAACTGCTA-1,Stroma
TCGGTCCCTGACTCCA-1,Stroma
TCGGTGACCGCTCCGG-1,Benign
TCGTAAGACGACATTG-1,Benign
TCGTAAGCTCCGAGGA-1,Benign
TCGTATAGTGCAATTA-1,Stroma
TCGTATTACCCATTGC-1,Stroma
TCGTCAAGTACGCGCA-1,Stroma
TCGTCACACTGTTAGC-1,Stroma
TCGTCCGCTGGCGTCT-1,Stroma
TCGTGTACTATGGATG-1,Benign
TCGTGTCACGCTGACA-1,Stroma
TCGTTAGGAGTCCCTA-1,Benign
TCGTTCGTTATTATGT-1,Stroma
TCGTTGCTATCCGGTC-1,Stroma
TCGTTGGCTCGTCAAT-1,Stroma
TCTAACTGTATGTAAA-1,Stroma
TCTACCGTCCACAAGC-1,Exclude
TCTAGCAATCTCCGCC-1,Benign
TCTAGCATCTTCGATG-1,Stroma
TCTAGCATGCCCAGAA-1,Exclude
TCTAGGTGGCGACGCT-1,Stroma
TCTAGTGATATCGTGG-1,Stroma
TCTAGTTATCAGAAGA-1,Stroma
TCTATCATGCAGTTAC-1,Stroma
TCTATCGGTCGCAACA-1,Exclude
TCTATTACGCTGGCGA-1,Stroma
TCTATTACTAGAGGAT-1,Stroma
TCTCCAACGTAGGTTA-1,Exclude
TCTCGAACGAGGTCAC-1,Benign
TCTCGACGTATCGCCG-1,Benign
TCTCGGCTCCAGGACT-1,Benign*
TCTCGTGTTACGAGGA-1,Benign*
TCTCTAATAGCTGGTA-1,Stroma
TCTGAACCGGTCGGCT-1,Benign*
TCTGAACTCGTACCCG-1,Stroma
TCTGAATTCCGTACAA-1,Stroma
TCTGACGGGCTAACCC-1,Benign
TCTGATCGGGTGCTAG-1,Stroma
TCTGATTGGAAATGGA-1,Exclude
TCTGCACCATTAGTAA-1,Stroma
TCTGCCAGAAACTGCA-1,Stroma
TCTGCGAATCGTTCGC-1,Stroma
TCTGCGTCCGGTTTCT-1,Stroma
TCTGCTTAGAACAAGC-1,Stroma
TCTGGAGCGTAAGAGT-1,Stroma
TCTGGCCGTTCAAGTT-1,Exclude
TCTGGCGCAAGCCGGG-1,
TCTGGGAACCTTTGAA-1,Stroma
TCTGGGTAGCGCTCAT-1,Benign
TCTGTCATACAAGAGC-1,Exclude
TCTGTGCCATCATAGT-1,Stroma
TCTGTGGCTACATTTC-1,Stroma
TCTGTTACCCAGCATA-1,Exclude
TCTTACAGAGGTACCG-1,Stroma
TCTTACCGGAACTCGT-1,Stroma
TCTTACGGCATCCGAC-1,Stroma
TCTTACTTATGCCTCT-1,Exclude
TCTTAGAGCTCCAATT-1,Stroma
TCTTAGAGTGAACTCT-1,Stroma
TCTTCCCATGGGCACA-1,Exclude
TCTTCGAATAGACGTT-1,Stroma
TCTTCGATACCAATAA-1,Benign
TCTTCTATAACCCGCC-1,Stroma
TCTTGATGCGTAGCGA-1,Benign
TCTTGGTAACACCAAA-1,Benign
TCTTTAAGACTATGAA-1,Stroma
TCTTTAGAGTCTAACA-1,Benign
TCTTTAGCAGGCGAAC-1,Stroma
TCTTTCTCTTAAGGAG-1,Stroma
TGAAACTTATGCAAGC-1,Stroma
TGAAAGGACCTGACTC-1,Stroma
TGAACTGCTATGACTT-1,
TGAATATGCTATAAAC-1,Stroma
TGAATGAGATACAGCA-1,Stroma
TGAATGTCAGCCGGCC-1,Benign
TGAATTTCACTTGCCT-1,Benign*
TGACAACGCATGTCGC-1,Exclude
TGACACTTCTCTTTGC-1,Benign
TGACATATATGACGAT-1,Stroma
TGACATCGAGCGGACC-1,Stroma
TGACCCACGTTAGACA-1,Stroma
TGACGAATATTTCCCT-1,Stroma
TGACGATGCACTAGAA-1,Benign
TGACTATAATCCTTTC-1,Benign
TGAGAATGCTTTACCG-1,Stroma
TGAGACGTACCTCTCA-1,Stroma
TGAGAGATTTACCACG-1,Stroma
TGAGATCAAATACTCA-1,Stroma
TGAGATTAGGCCCTAA-1,Benign
TGAGCAGTCGTGAAGT-1,Stroma
TGAGCCATACAGTCTC-1,Stroma
TGAGCTTTAATGACGC-1,Benign
TGAGTAAATTAGCGTA-1,Stroma
TGAGTGCCTCTTAAAT-1,Benign
TGAGTGGTCCGTGACG-1,Stroma
TGATACATTTAGCCGT-1,Exclude
TGATAGCGGGATTCTA-1,Stroma
TGATCAGGGAACTGCT-1,Stroma
TGATCCCAGCATTAGT-1,Stroma
TGATCGGTTTGACCCT-1,Benign
TGATCTACGCTGATCT-1,Benign
TGATCTCCGGCGCCAG-1,Stroma
TGATGGCTGTTTCTGA-1,Benign
TGATTATGGCACGCAG-1,Stroma
TGATTCAGGTCCCGCG-1,Benign*
TGATTCGTCTATCACT-1,Stroma
TGATTCTGTCGCCGGT-1,Stroma
TGATTTATTAGCTGTG-1,Stroma
TGATTTCCTCCTGACG-1,Benign*
TGCAAGAATGACGTAA-1,Benign
TGCAATTTGGGCACGG-1,Benign
TGCACAGTGAAGTTAT-1,Benign
TGCACGAGTCGGCAGC-1,Stroma
TGCAGAACTATATCGT-1,Stroma
TGCAGAGTACCGAGCA-1,Benign
TGCAGATCGTCCTAGG-1,Benign
TGCAGCTACGTACTTC-1,Stroma
TGCAGGATCGGCAAAG-1,Stroma
TGCAGTTTCCTCCCAT-1,Benign
TGCATATGTCTGTCAC-1,Stroma
TGCATGGATCGGATCT-1,Benign
TGCATGTGGTAATCTA-1,Benign
TGCCAAAGTCAGACTT-1,Benign
TGCCAATGGGTACTCT-1,Stroma
TGCCACACTAGAGGAA-1,Benign*
TGCCACCTGGCGAAAC-1,Exclude
TGCCATTACTAAAGAA-1,Stroma
TGCCCGTACCGTTAAA-1,Benign
TGCCGAAAGCGTATTC-1,Stroma
TGCCTAAATTTAATAG-1,Benign
TGCCTGACATCGGTCA-1,Stroma
TGCCTGATCAAACGAT-1,Benign
TGCGAATATGGGATTT-1,Stroma
TGCGACACCCTAGTGC-1,Stroma
TGCGAGAATATTACCC-1,Stroma
TGCGAGATGGCGGCCA-1,Exclude
TGCGAGCCCTTCCGCG-1,Benign
TGCGCAAAGCATTTGG-1,Exclude
TGCGCCGTTAATAACG-1,Stroma
TGCGCGATTAACGGAG-1,Stroma
TGCGGAGTAAAGGTGC-1,Benign
TGCGGCATAGTTCAAC-1,Stroma
TGCGGTGAAATTTCAT-1,Stroma
TGCGTAAGAACCTGAT-1,Benign
TGCGTCATGACTGAGC-1,Stroma
TGCGTTTGTTGACACT-1,Benign
TGCTATACAAACGGAC-1,Exclude
TGCTCCACAGTTCTTA-1,Benign
TGCTCTGCCGGTTCAC-1,Stroma
TGCTGGTTGGACAATT-1,Benign*
TGCTGTTGAAGAACTC-1,Exclude
TGGAACCACTGACACA-1,Stroma
TGGAAGAAGGGAACGT-1,Benign
TGGAAGACGAACACCA-1,Benign*
TGGAAGGATAAAGATG-1,Benign
TGGAATATCCTTGACC-1,Stroma
TGGAATTAGACGCTTT-1,Stroma
TGGACTGTTCGCTCAA-1,Stroma
TGGAGCTAAAGTTCCC-1,Stroma
TGGAGGGAAACACCTC-1,Stroma
TGGAGTGATGCGATGA-1,Stroma
TGGCAACTCGCGCGCC-1,Benign
TGGCAGATTACGATCA-1,Stroma
TGGCAGCAGTAATAGT-1,Benign
TGGCCAAACTGAAGTA-1,Exclude
TGGCCAATTTGGTACT-1,Stroma
TGGCCGTATATTGACC-1,Stroma
TGGCGACTGCTCCAAA-1,Stroma
TGGCGATCAAGTTATG-1,Stroma
TGGCGGTGTGCGATTG-1,Stroma
TGGCTCTTGTCGCGTA-1,Benign*
TGGCTTGTACAAGCTT-1,Stroma
TGGCTTTGGGTAGACA-1,Stroma
TGGGAAATGCCTTTCC-1,Stroma
TGGGATGCACTCATTC-1,Benign
TGGGCAATAGTTGGGT-1,Stroma
TGGGCACAAACAGAAC-1,Stroma
TGGGCACGTTCTATGG-1,Benign
TGGGCCACAAGAGCGC-1,Benign
TGGGCCCATACTAATT-1,Stroma
TGGGTAAGGTTCCCGC-1,Benign
TGGTAAGCAGGATTGA-1,Stroma
TGGTAGAATATATGGG-1,Benign
TGGTATCGCATCCCAA-1,Stroma
TGGTATCGGTCTGTAT-1,Stroma
TGGTCGTGCAAGGCAA-1,Stroma
TGGTCTGTTGGGCGTA-1,Benign*
TGGTGATCGTATTTGT-1,Stroma
TGGTTAAGGGCGCTGG-1,Benign
TGGTTCGTAGCAAAGG-1,Stroma
TGGTTGGAGGATCCTG-1,Benign
TGGTTTAAACGTGGGT-1,Stroma
TGTAATGACCACAATA-1,Benign*
TGTACGAACAAATCCG-1,Stroma
TGTACTACTCTCACGG-1,Stroma
TGTACTGTGCCAAAGT-1,Stroma
TGTAGGAGAAATTTCC-1,Stroma
TGTAGTGATCTATAAT-1,Stroma
TGTATAACAGATCCTG-1,Benign
TGTATACGGATGATGA-1,Stroma
TGTATCCTTATTCCAT-1,Benign*
TGTATGGCGCAGACAG-1,Stroma
TGTATTTACCTAATGC-1,Benign
TGTCATTTGTTGGGAA-1,Benign
TGTCCCGACATAGCAC-1,Stroma
TGTCCGTGGCGCCTTT-1,Benign*
TGTCCTAAGTCACCGC-1,Exclude
TGTCTACAGTTTCTGT-1,Stroma
TGTGACTACGCCAGTC-1,Benign
TGTGCTTTACGTAAGA-1,Stroma
TGTGGAGGAAGCTTAA-1,Stroma
TGTGGCAAAGCGTATG-1,Exclude
TGTGGCTCCCACCAAC-1,Stroma
TGTGTCGAAGTCGAGG-1,
TGTGTCGCGAGTTGCA-1,Benign*
TGTGTTCGTATCCAAG-1,Benign*
TGTTATTGTATGTGGC-1,Benign
TGTTCCGCTTCCATGA-1,Benign
TGTTCGTATTGCGGTG-1,Stroma
TGTTCTTCCATTGACT-1,Benign*
TGTTGCCGTCGTCCCA-1,Stroma
TGTTGTCAAGAAGTCT-1,Benign
TGTTTAATACTTCATC-1,Stroma
TGTTTCGGTACTTCTC-1,Stroma
TTAAACCGGTAGCGAC-1,Stroma
TTAAACCTGGTTCCTT-1,Benign*
TTAAACTCGAATTCAT-1,Benign
TTAACACCTCGAACAT-1,Stroma
TTAACCAACCCTCCCT-1,Stroma
TTAACGAACAAGCAGT-1,Exclude
TTAACGTCGCAAGACC-1,Stroma
TTAACGTTAAAGCCTG-1,Stroma
TTAACTCACGCGTGGA-1,Benign*
TTAACTTCAGGTAGGA-1,Stroma
TTAAGATAGGATTGAC-1,Benign
TTAAGCCGACAACTTC-1,Stroma
TTAAGCGCCTGACCCA-1,Stroma
TTAAGGATACGGAGGT-1,Stroma
TTAATCAGTACGTCAG-1,Stroma
TTAATGCGAGGTAACT-1,Stroma
TTAATGTAGACCAGGT-1,Exclude
TTAATTTCAGACGCGG-1,Benign
TTACAACTACGCATCC-1,Stroma
TTACAGACCTAAATGA-1,Exclude
TTACATCGTGGCCTGG-1,Benign*
TTACATGCCACAACTA-1,Stroma
TTACCATTGATTACCC-1,Benign*
TTACCCATTGCCGGGT-1,Benign
TTACCCTAACAGTCCT-1,Stroma
TTACGGATGGTTCGAG-1,Exclude
TTACGGTGTCACCGAG-1,Stroma
TTACTATCGGCTTCTC-1,Benign*
TTACTCCGGCCGGGAA-1,Benign
TTACTCTGGTACGTAC-1,Benign
TTACTGGGATATTTCA-1,Benign
TTACTGTCTAGAGCTC-1,Stroma
TTAGAATAAGGGTCGG-1,Stroma
TTAGACACGATCGTTG-1,Benign
TTAGAGTTTAGAAGGA-1,Benign
TTAGCAACATGGATGT-1,Stroma
TTAGCTAATACGATCT-1,Exclude
TTAGCTCTGTAATCCG-1,Stroma
TTAGCTGATTTGCCGT-1,Benign
TTAGGATGGGAGGGTA-1,Stroma
TTAGGTCATAACCGAC-1,Stroma
TTAGTAGGGCGGCGGG-1,Benign*
TTAGTTATTCGTGGCA-1,Stroma
TTAGTTCAAGTGTTCG-1,Stroma
TTATAGATGCACATTA-1,Stroma
TTATATACGCTGTCAC-1,Stroma
TTATATTTGGCAATCC-1,Benign
TTATCCAATCGAACTC-1,Stroma
TTATCCTCAAGGAATA-1,Stroma
TTATCGCCTGCGAAGC-1,Stroma
TTATCTGACATTAGGA-1,Stroma
TTATCTGTATCATAAC-1,Stroma
TTATGAATGAAAGGGA-1,Benign
TTATGACAAACTGGAT-1,Stroma
TTATGATCTTAACGAA-1,Benign
TTATGCGTCCCGGTCC-1,Stroma
TTATGTTTGCGATAGA-1,Stroma
TTATTAGAGCGTGTTC-1,Exclude
TTATTAGGGAAGCATC-1,Benign*
TTCAAAGTCTCTAGCC-1,Exclude
TTCAACGACCCGACCG-1,Stroma
TTCAAGCCGAGCTGAG-1,Benign
TTCAATACTCTGAATC-1,Benign
TTCAATTAGCCATAAT-1,Stroma
TTCACGAAAGGATCAC-1,Benign
TTCAGCCCTGGTCCAC-1,Benign
TTCAGGCGTCAAAGCC-1,Stroma
TTCATGGCGCAACAGG-1,Stroma
TTCCAATCAGAGCTAG-1,Benign
TTCCAATCTGGCTATC-1,Stroma
TTCCACACAGATTTGA-1,Benign
TTCCAGACGAGATTTA-1,Stroma
TTCCATCATGCGGTGA-1,Benign
TTCCCGGCGCCAATAG-1,Stroma
TTCCGCAGAGAAATAT-1,Benign
TTCCGCGTGAGGCGAT-1,Benign
TTCCGGCCTTGAGGCT-1,Stroma
TTCCGGCTCGACTTCT-1,Stroma
TTCCGGTATCTGTGTC-1,Stroma
TTCCGGTTACCCACTT-1,Benign
TTCCTCGAGGGTGTCT-1,Stroma
TTCCTCTGCCCGAATA-1,Benign*
TTCCTTTCTGTGTTGC-1,Stroma
TTCGACGGGAAGGGCG-1,Stroma
TTCGCACTCGCGTGCT-1,Benign*
TTCGCGCGCCATACGA-1,Stroma
TTCGCTAGGAAGTTGT-1,Stroma
TTCGCTATCTGACGTG-1,Stroma
TTCGGCAACCCGCTGA-1,Benign
TTCGGCTAGAGATGGT-1,Stroma
TTCGGGACTAATCGCG-1,Benign
TTCGGGCGCTAGTCTT-1,Stroma
TTCGGTGGAGACGCCC-1,Stroma
TTCGTAATCCCAGCGG-1,Exclude
TTCGTACTCCAGAACG-1,Benign*
TTCGTTCAACGAAGTT-1,Stroma
TTCTAACCGAAGCTTA-1,Benign
TTCTACTTGCGAGGGC-1,Stroma
TTCTAGAAAGTCTTAT-1,Stroma
TTCTAGGCCAATTGTG-1,Stroma
TTCTATGCCTTTCGCA-1,Benign
TTCTGCCGCGCCTAGA-1,Exclude
TTCTGCGAGCGCCCTT-1,Stroma
TTCTGCGGGTTAGCGG-1,Stroma
TTCTGCTAGACTCCAA-1,Exclude
TTCTTAGTGAACGGTG-1,Stroma
TTCTTAGTGGCTCAGA-1,Stroma
TTCTTATCCGCTGGGT-1,Stroma
TTCTTGAGCCGCGCTA-1,Benign
TTCTTGCTAGCATCTC-1,Stroma
TTCTTGGACGATCTGC-1,Benign
TTCTTGGAGTAATGAG-1,Exclude
TTCTTGTAACCTAATG-1,Benign*
TTCTTTGGTCGCGACG-1,Exclude
TTGAAAGGTGTAAAGG-1,Benign
TTGAACGAATCCTTTG-1,Benign*
TTGAAGAATTCCCAGG-1,Stroma
TTGAATATGGACTTTC-1,Benign
TTGAATCGTTGTATAA-1,Stroma
TTGAATTCACGTGAGG-1,Benign
TTGACAGGAGCTCCCG-1,Benign
TTGACATGAACGTGGA-1,Benign
TTGACCATGTTCTCCG-1,Benign
TTGACCGTGTTAATGA-1,Exclude
TTGACGATTCAGCACG-1,Benign*
TTGACGCTCCATGAGC-1,Stroma
TTGACTACCATATGGT-1,Benign
TTGACTATTGTCCGGC-1,Stroma
TTGAGAGTACTGCTAA-1,Benign
TTGAGCAGCCCACGGT-1,Stroma
TTGAGCGCCACGTGAT-1,Benign
TTGAGTCCCGCTGCTG-1,Exclude
TTGATAGTCAATACAT-1,Benign
TTGATCTAACTTTGTC-1,Stroma
TTGATGTGTAGTCCCG-1,Benign
TTGATTAGCTGTTTCT-1,Benign
TTGATTATGCAGATGA-1,Stroma
TTGCACAATTCAGAAA-1,Stroma
TTGCACGGAGCAGCAC-1,Stroma
TTGCATGCTGATCACG-1,Benign
TTGCCAAGCAGAACCC-1,Benign
TTGCCATAGCCCGCTC-1,Stroma
TTGCCCTGATCACGGG-1,Stroma
TTGCCGGTGATCCCTC-1,Benign
TTGCGGCATCAGAAAG-1,Stroma
TTGCGTAGTTTGAGGA-1,Stroma
TTGCGTCGGCCAACCG-1,Stroma
TTGCGTGAACGCTTAG-1,Benign
TTGCTCCCATACCGGA-1,Exclude
TTGCTGAAGGAACCAC-1,Stroma
TTGCTGATCATGTTCG-1,Benign
TTGCTGCACCTATCCA-1,Stroma
TTGCTGGCCGGGCTTC-1,Stroma
TTGGAAGAATACAGTC-1,Benign
TTGGACATGTGGCTTA-1,Stroma
TTGGAGTCTCCCTTCT-1,Stroma
TTGGATATCGTCTACG-1,Stroma
TTGGATCGACTTCTGG-1,Stroma
TTGGATTGGGTACCAC-1,Stroma
TTGGCCATCTTGCGCT-1,Stroma
TTGGCCTAGAATTTCG-1,Benign
TTGGCGATCCGAATAT-1,Stroma
TTGGCTCGCATGAGAC-1,Benign*
TTGGGACACTGCCCGC-1,Benign
TTGGGCGGCGGTTGCC-1,Exclude
TTGGTATGGCTTGTGT-1,Stroma
TTGGTCACACTCGTAA-1,Exclude
TTGGTTCGCTCAAAGG-1,Exclude
TTGGTTGCGGTGCGCG-1,Stroma
TTGTAAGGACCTAAGT-1,Stroma
TTGTAAGGCCAGTTGG-1,Benign
TTGTAATCCGTACTCG-1,Stroma
TTGTATCACACAGAAT-1,Exclude
TTGTCGTTCAGTTACC-1,Stroma
TTGTGAGGCATGACGC-1,Benign*
TTGTGGCCCTGACAGT-1,Stroma
TTGTGGTAGGAGGGAT-1,Stroma
TTGTGGTATAGGTATG-1,Stroma
TTGTGTTTCCCGAAAG-1,Stroma
TTGTTAGCAAATTCGA-1,Benign*
TTGTTCAGTGTGCTAC-1,Benign
TTGTTGTGTGTCAAGA-1,Benign
TTGTTTCACATCCAGG-1,Stroma
TTGTTTCCATACAACT-1,Benign
TTGTTTGTGTAAATTC-1,Stroma
