"Barcode","Histology"
"V1_2_AGACCGCTCCGCGGTT.1","Purest Benigns"
"H2_2_TGAGCCATACAGTCTC.1","Purest Benigns"
"H2_2_TGGCCGTATATTGACC.1","Purest Benigns"
"H2_2_TTGAATATGGACTTTC.1","Purest Benigns"
"H2_2_TTACCATTGATTACCC.1","Purest Benigns"
"V1_2_GTAGAGGGAGACAAGT.1","Purest Benigns"
"H2_2_GTATGTGGGTCTAGTT.1","Purest Benigns"
"H2_2_CTTGAGTTAGGGTAAT.1","Purest Benigns"
"H2_2_TATAGGGTACTCATGA.1","Purest Benigns"
"H2_2_CACAGGGCCGTTGTCA.1","Purest Benigns"
"H2_2_CAAGTGTGGTTGCAAA.1","Purest Benigns"
"H2_2_TAGTGCCCTCCAGAGT.1","Purest Benigns"
"H2_2_TCCTAACCGTCGGGCA.1","Purest Benigns"
"V1_2_TCGCCGAAGTTGCGTC.1","Purest Benigns"
"V1_2_TGAGTGCCTCTTAAAT.1","Purest Benigns"
"H2_5_TCCGATGACTGAGCTC.1","Purest Benigns"
"V1_2_AGACGACGATGCCGCT.1","Purest Benigns"
"H2_5_CTGCCAAGGTTGGAAG.1","Purest Benigns"
"V1_2_GAAATTGTCTCTATAA.1","Purest Benigns"
"H1_4_CCGACGTAAACACAAC.1","Purest Benigns"
"H2_2_TTCTTATCCGCTGGGT.1","Purest Benigns"
"H2_1_CGGTTATCCAACAGTG.1","Purest Benigns"
"H1_2_CACAGGGCCGTTGTCA.1","Purest Benigns"
"V1_2_GATGGTGCCCTAGGCA.1","Purest Benigns"
"V1_2_GTCCTTCTAGTGGGTT.1","Purest Benigns"
"H2_1_GCTTAATGTAACTAAC.1","Purest Benigns"
"H2_5_AAATTACCTATCGATG.1","Purest Benigns"
"V1_2_GGAAGCTCGCTTACAG.1","Purest Benigns"
"H2_2_CAATTAAGGGTGATGA.1","Purest Benigns"
"H2_2_AGCGTGGTATTCTACT.1","Purest Benigns"
"H2_2_TAGATATGGACTGGAA.1","Purest Benigns"
"V1_2_AATTAAAGGTCGGCGT.1","Purest Benigns"
"H2_2_TACTATGGTTCCTCAG.1","Purest Benigns"
"V1_2_GAAATCGCGCGCAACT.1","Purest Benigns"
"V1_2_TTACTGGGATATTTCA.1","Purest Benigns"
"H2_2_TTGCCGCTTTCTAGTA.1","Purest Benigns"
"H2_5_CTCTAATGCATTGATC.1","Purest Benigns"
"H2_2_TCCGCGGCAGCATCTG.1","Purest Benigns"
"H2_2_GGATGAAGATCGCTGA.1","Purest Benigns"
"H2_2_TCGGGAGACAGCGTAC.1","Purest Benigns"
"H2_5_GTCTCGACTAAGTTTG.1","Purest Benigns"
"V1_2_AGTCTAAAGTATACTC.1","Purest Benigns"
"V1_2_TCCCGCCTATGTGCGT.1","Purest Benigns"
"H2_2_ACAATCCATTTAAACC.1","Purest Benigns"
"H2_2_AGTGCTTGCACGAATA.1","Purest Benigns"
"H2_2_GTTCGCCATAAGTGCC.1","Purest Benigns"
"H2_2_ACTTATTTATGTGCCA.1","Purest Benigns"
"H2_2_CGCCCAGCACGCCTAG.1","Purest Benigns"
"H2_2_TGCTTCCCAAGCAGTA.1","Purest Benigns"
"H2_2_CTAACCGCGCGCCCGT.1","Purest Benigns"
"H2_5_TTAGTTCAAGTGTTCG.1","Purest Benigns"
"H2_2_GGAAACTAAATGGGCC.1","Purest Benigns"
"H2_2_GGGAGTTAATGAGGCG.1","Purest Benigns"
"H2_2_TCAGCAAATGCATCTC.1","Purest Benigns"
"H2_2_TCCTTTCTTACGCTTA.1","Purest Benigns"
"H2_2_CCGGTTTGTAATTGTG.1","Purest Benigns"
"H2_2_TCCTTACGACGGTCCG.1","Purest Benigns"
"H2_2_TACCAAATAGCCCAGA.1","Purest Benigns"
"H2_2_TTGACAGGAGCTCCCG.1","Purest Benigns"
"H2_2_CTACAAGAAATAACCC.1","Purest Benigns"
"V1_2_TTGATAGTCAATACAT.1","Purest Benigns"
"H2_2_TACTCTTACTTTACTG.1","Purest Benigns"
"H2_2_TGATTTATTAGCTGTG.1","Purest Benigns"
"H2_2_TTCCACACAGATTTGA.1","Purest Benigns"
"H2_2_TGGCAATGGGACGGCG.1","Purest Benigns"
"H2_2_TCCGCTGTCATCCCGG.1","Purest Benigns"
"H2_2_CGGGAATATAGTATAC.1","Purest Benigns"
"H2_2_TTGACTATTGTCCGGC.1","Purest Benigns"
"H2_2_AATAGAATCTGTTTCA.1","Purest Benigns"
"H2_2_GCGTCTCTGCATTGGG.1","Purest Benigns"
"V1_2_CTCGCACCTATATAGT.1","Purest Benigns"
"H2_2_CGCGCATGTTTGATTG.1","Purest Benigns"
"H2_2_AACCGCTAAGGGATGC.1","Purest Benigns"
"H2_2_ATCAAACACTGTTCCA.1","Purest Benigns"
"H2_2_CGCCGCCCATGCCTGT.1","Purest Benigns"
"H2_2_AAATACCTATAAGCAT.1","Purest Benigns"
"H2_2_CGCACATGTCCACTAC.1","Purest Benigns"
"H2_2_GAGTATCAAAGTTACA.1","Purest Benigns"
"V1_2_TTAGAGTTTAGAAGGA.1","Purest Benigns"
"H2_2_GAATAGACGCGACCCA.1","Purest Benigns"
"H2_2_GCGACGATAGTTGTAC.1","Purest Benigns"
"H2_2_TCCAATAAAGGCTACC.1","Purest Benigns"
"H2_1_CAAGTGTGGTTGCAAA.1","Purest Benigns"
"H2_2_GGTTTAGCCTTTCTTG.1","Purest Benigns"
"H2_2_CTGGTAACACATAGAA.1","Purest Benigns"
"H2_2_CCTATATTTGTCCTGG.1","Purest Benigns"
"H2_2_CATACCCGTACCCAGT.1","Purest Benigns"
"H2_5_GCCAGGAGTAACCGAT.1","Purest Benigns"
"H2_2_TGGACCAATCTAAGAT.1","Purest Benigns"
"H2_2_AAATTTGCGGGTGTGG.1","Purest Benigns"
"H2_2_CCAGCTGATGGTACTT.1","Purest Benigns"
"H2_2_TGGCAGATTACGATCA.1","Purest Benigns"
"H2_5_ATCTGGTTAAGACTGT.1","Purest Benigns"
"H2_2_ATGCCATTTGCGACCA.1","Purest Benigns"
"H2_5_AGTACGGGCACCTGGC.1","Purest Benigns"
"H2_5_TTACAGACCTAAATGA.1","Purest Benigns"
"H2_2_GTTGAGTCCCGCCGGT.1","Purest Benigns"
"H2_2_TGATACATTTAGCCGT.1","Purest Benigns"
"H2_2_CTATGCCCGAATGCAA.1","Purest Benigns"
"H2_2_GAAAGCAGTGCACTTT.1","Purest Benigns"
"H2_2_CACAGTCCCGCTTCGC.1","Purest Benigns"
"H2_2_CCTAACCCAAACAAGT.1","Purest Benigns"
"H2_2_TTATAGGTAATTGTCT.1","Purest Benigns"
"H2_2_CACATATTAGCAGGAT.1","Purest Benigns"
"H2_2_ACCGCAATAACTGCCT.1","Purest Benigns"
"H2_2_CCTCGCGCTGTGCGAT.1","Purest Benigns"
"H2_2_GGAACTTTGGCGATTA.1","Purest Benigns"
"H2_5_ATCGGCAAGCAGTCCA.1","Purest Benigns"
"H2_1_TGTATGGCGCAGACAG.1","Purest Benigns"
"H2_2_ATATTCCACATAGTGA.1","Purest Benigns"
"H2_2_CGTGTCCCATTCGCGA.1","Purest Benigns"
"H2_2_CCTAGGCGTAGCGATC.1","Purest Benigns"
"H2_2_ATATAAAGCGCTCGTG.1","Purest Benigns"
"H2_2_GACCAAACGTTGACTG.1","Purest Benigns"
"H2_2_GTCAAGCGGACTCGGG.1","Purest Benigns"
"H2_2_AAACTGCTGGCTCCAA.1","Purest Benigns"
"H2_2_ACGGACTCTCAAAGCG.1","Purest Benigns"
"H2_5_TGGTTTAAACGTGGGT.1","Purest Benigns"
"H2_5_CGTCGGATAGTGTTGA.1","Purest Benigns"
"H2_5_CTGGTAACGAGCTCTT.1","Purest Benigns"
"H2_2_CCTATACCGTCCTGTC.1","Purest Benigns"
"H2_2_CTTGGCCAAGCTGGGA.1","Purest Benigns"
"H2_2_ATGCTCTGGCGCGGTA.1","Purest Benigns"
"H2_2_CATGGTAAGTAGCGTT.1","Purest Benigns"
"H2_2_TACTCTTTCGTCTTCA.1","Purest Benigns"
"H2_2_GGGTTAACATTTGAGT.1","Purest Benigns"
"H2_2_TGAGGAGTGCCAGCTT.1","Purest Benigns"
"H2_2_TTGACCAGGAACAACT.1","Purest Benigns"
"H2_2_ATACGTTATGCACGGA.1","Purest Benigns"
"H2_2_GGCGGTAGGATCATTG.1","Purest Benigns"
"H2_2_CCCGTAGCTGGGAAGA.1","Purest Benigns"
"H2_2_TCTTACTTATGCCTCT.1","Purest Benigns"
"V1_2_GATCGGTGGCCATAAC.1","Purest Benigns"
"H2_2_CTGCACAACTACATAT.1","Purest Benigns"
"H2_2_CAGACACCGATCGCTG.1","Purest Benigns"
"H2_2_ACACGTAGGCCACAAG.1","Purest Benigns"
"H2_2_GTCGGGAAGCAGAAAC.1","Purest Benigns"
"H2_2_GTGGTGGCCAAGTGAA.1","Purest Benigns"
"H2_2_GTCATGCACCTCCGTT.1","Purest Benigns"
"H2_2_TGCTCGGCGAAACCCA.1","Purest Benigns"
"H2_2_ATGCCGGTCTTGCATA.1","Purest Benigns"
"H2_2_ATACGTCCACTCCTGT.1","Purest Benigns"
"H2_2_TACTGAACAGATTTAG.1","Purest Benigns"
"H1_4_TCTCCCTGGGCAGCGT.1","Purest Benigns"
"H2_2_AGACGAAGTGCCGGTC.1","Purest Benigns"
"H2_2_TTAGTTATTCGTGGCA.1","Purest Benigns"
"H2_2_GGCCTGCTTCTCCCGA.1","Purest Benigns"
"H2_2_GTACGCTTCATTGCAC.1","Purest Benigns"
"H2_2_TTACCCTAGGGATTGG.1","Purest Benigns"
"H2_2_GTTTCAAACGAGTTGT.1","Purest Benigns"
"H2_2_TTCCGGCCTTGAGGCT.1","Purest Benigns"
"H2_1_AAACACCAATAACTGC.1","Purest Benigns"
"H2_1_ACGAGGTTTACAACGT.1","Purest Benigns"
"H2_2_ATGGGCCTCGGCCTCT.1","Purest Benigns"
"H1_2_ATGGATTGACCAAACG.1","Purest Benigns"
"H2_2_TGGTAGAATATATGGG.1","Purest Benigns"
"H1_2_GGGAGGATGCCCGAAA.1","Purest Benigns"
"H2_2_CGATTCGCCTGGCTGC.1","Purest Benigns"
"H2_2_TCCGCGGCCCAATGAA.1","Purest Benigns"
"H2_2_CACATCTCACCGACGA.1","Purest Benigns"
"H2_2_CGCGAAGTGGCATACT.1","Purest Benigns"
"H2_2_AAAGTTGACTCCCGTA.1","Purest Benigns"
"H2_2_ACGTATTACTCCGATC.1","Purest Benigns"
"H2_2_GTTATAATACGGTGAA.1","Purest Benigns"
"H2_2_GGATGACGCGAGTTTA.1","Purest Benigns"
"H2_2_AAGCACCCTGCGTATC.1","Purest Benigns"
"H2_2_TACCAATAAAGTACCA.1","Purest Benigns"
"H2_2_AGCTCTAGACGTTCCA.1","Purest Benigns"
"H2_5_GCTAAGTAGTTTCTCT.1","Purest Benigns"
"V1_2_TGGCAACTCGCGCGCC.1","Purest Benigns"
"H2_2_CCTCACGTCAGCTAAT.1","Purest Benigns"
"H2_2_GTATCTTTCATAACCA.1","Purest Benigns"
"H2_2_ATTGCGATCAGTAACT.1","Purest Benigns"
"H2_2_TAGAATAGCCGATGAA.1","Purest Benigns"
"V1_2_AAATCGTGTACCACAA.1","Purest Benigns"
"H2_2_GCAGCACACAGCCCAG.1","Purest Benigns"
"H1_2_ATAGGTTGGGCAGATG.1","Purest Benigns"
"H2_2_GGTAGTGCTCGCACCA.1","Purest Benigns"
"H1_2_GATCGGTGGCCATAAC.1","Purest Benigns"
"H2_2_CCGGGCTGCTCCATAC.1","Purest Benigns"
"H2_2_CCAGGCTGGCGTCTGA.1","Purest Benigns"
"H2_2_GATCAACATAAAGGGA.1","Purest Benigns"
"H2_2_TATGGTCTGAGTAACA.1","Purest Benigns"
"H2_5_AGGCTTCCCGAAGAAG.1","Purest Benigns"
"H2_5_GCATGAGGGACGCGGC.1","Purest Benigns"
"H2_2_TGGTTCAACGGGTAAT.1","Purest Benigns"
"H1_2_TCTATGCTATAACGAC.1","Purest Benigns"
"H2_2_TTCGGGCGCTAGTCTT.1","Purest Benigns"
"H2_1_TAACCTACCGTCCGAG.1","Purest Benigns"
"H2_2_AGCAAAGGCCGCTAGT.1","Purest Benigns"
"H2_2_CTCCGCCCACATGAGG.1","Purest Benigns"
"H2_2_GTTTGGTAGGGTCAAC.1","Purest Benigns"
"H1_4_GGTTTGACAAGAAGCT.1","Purest Benigns"
"H2_1_CCTAGGCGTAGCGATC.1","Purest Benigns"
"H2_5_ATACGCCGGCGAAACC.1","Purest Benigns"
"H2_5_TTAACGAACAAGCAGT.1","Purest Benigns"
"H2_5_GGCGCATGAATTGATG.1","Purest Benigns"
"V1_2_TTATGATCTTAACGAA.1","Purest Benigns"
"H2_2_GCTGCTCTCCGGACAC.1","Purest Benigns"
"H2_2_AACCCTACTGTCAATA.1","Purest Benigns"
"H2_2_TGAGTAAATTAGCGTA.1","Purest Benigns"
"H2_2_ACTATTTCCGGGCCCA.1","Purest Benigns"
"H2_2_CCACTGTTTGGATTAA.1","Purest Benigns"
"H2_2_CCGGGCGGTCTCGTCA.1","Purest Benigns"
"H2_2_ATACGCCGGCGAAACC.1","Purest Benigns"
"H2_2_GAAGCGTGAGGAATTT.1","Purest Benigns"
"H2_2_ATGCGACAGTCCCATT.1","Purest Benigns"
"H2_5_TTGTTTCCATACAACT.1","Purest Benigns"
"H2_2_CTCATTGCTCTAACAA.1","Purest Benigns"
"H2_2_TTAGAAGAACATGACT.1","Purest Benigns"
"H2_2_CTGGAAGACACGGTGG.1","Purest Benigns"
"H2_2_GTACAGAGGCAAGGGT.1","Purest Benigns"
"H2_2_GGGCCGGCCGAAGTAC.1","Purest Benigns"
"H2_2_TTATATACGCTGTCAC.1","Purest Benigns"
"V1_2_GGGTGCATATGAAAGC.1","Purest Benigns"
"H2_1_CCTCGGACCGGGATAG.1","Purest Benigns"
"V1_2_GTTGGATTGAGAACAC.1","Purest Benigns"
"V1_2_TTGTTGTGTGTCAAGA.1","Purest Benigns"
"H2_2_TGCCTAATTGAAGATT.1","Purest Benigns"
"H2_2_TCAACATAGCGCCCTA.1","Purest Benigns"
"H2_2_TGCCAATGGGTACTCT.1","Purest Benigns"
"H2_2_AGAAGGTTGTAGGTCG.1","Purest Benigns"
"H2_5_TTCAAAGTCTCTAGCC.1","Purest Benigns"
"H2_2_CTGTAGCCATCTCACT.1","Purest Benigns"
"H2_5_TTGTTGTGTGTCAAGA.1","Purest Benigns"
"H2_2_GGCAAATTACTTTACT.1","Purest Benigns"
"H2_5_ACGATACATAGAACTA.1","Purest Benigns"
"H1_4_GGTCCCATAACATAGA.1","Purest Benigns"
"H2_2_TCTAGCATGCCCAGAA.1","Purest Benigns"
"H2_2_CCAACGATGCACTGAT.1","Purest Benigns"
"H2_2_TGCCCGTACCGTTAAA.1","Purest Benigns"
"H2_5_AATATCGAGGGTTCTC.1","Purest Benigns"
"H2_5_ATTAGATTCCTCAGCA.1","Purest Benigns"
"H2_2_TCGCCGAAGTTGCGTC.1","Purest Benigns"
"H2_5_TACTGCAATCAATTAC.1","Purest Benigns"
"V1_2_AATCTATGCCGGAGCC.1","Purest Benigns"
"V1_2_TACGTGCAAGGTTCCT.1","Purest Benigns"
"H2_5_CCTAACTAAGGCTCTA.1","Purest Benigns"
"H2_2_CCGCGGAATGCGTCAC.1","Purest Benigns"
"V1_2_TCATTTAAGTCTCCGA.1","Purest Benigns"
"V1_2_ATCGCACGCCGGGAGA.1","Purest Benigns"
"H2_5_CACTTAATCAGACGGA.1","Purest Benigns"
"H2_5_TATCTACAGAGGTAAT.1","Purest Benigns"
"V1_2_TCCGATGGTGCGACAT.1","Purest Benigns"
"H2_2_TTGTAATCCGTACTCG.1","Purest Benigns"
"V1_2_GCTCTCGGGTACCGAA.1","Purest Benigns"
"H2_2_AATGACGTAGGATGTC.1","Purest Benigns"
"V1_2_TGGGCACGTTCTATGG.1","Purest Benigns"
"H2_2_GCGGTTCCCTATCATG.1","Purest Benigns"
"H2_5_ATAGGCTAGCTTCGCA.1","Purest Benigns"
"H2_5_GTGACCGCACACTACG.1","Purest Benigns"
"H2_5_TCTAGGTGGCGACGCT.1","Purest Benigns"
"H2_2_TTCTGCGGGTTAGCGG.1","Purest Benigns"
"V1_2_CCTCGAAGTGGACGGG.1","Purest Benigns"
"H2_5_TACATTTCTAACGTGC.1","Purest Benigns"
"H2_2_TATGGGACCGAGCAGG.1","Purest Benigns"
"H2_2_TGATTCGTCTATCACT.1","Purest Benigns"
"V1_2_CCTCTGGCCTAGACGG.1","Purest Benigns"
"H2_2_ACTTACGCATCCACGC.1","Purest Benigns"
"V1_2_CCATCTCACCAGTGAA.1","Purest Benigns"
"H2_5_CGCAGATCTTCACCCG.1","Purest Benigns"
"H1_2_AATTGCAGCAATCGAC.1","Purest Benigns"
"H2_5_CCCAGAGGAGGGCGTA.1","Purest Benigns"
"H2_2_ATAAGTTACCGCGACG.1","Purest Benigns"
"V1_2_ATTGATGAGTCCTAAC.1","Purest Benigns"
"H2_2_CGGGCCTTCTTTGTAA.1","Purest Benigns"
"V1_2_CTCATTAACGTTGCCC.1","Purest Benigns"
"V1_2_AGCTATTTAATCCAAC.1","Purest Benigns"
"V1_2_TCAGCAAATGCATCTC.1","Purest Benigns"
"H2_5_ACCCGGATGACGCATC.1","Purest Benigns"
"H2_2_ACTCCCTAATGCTAAA.1","Purest Benigns"
"H2_2_TGTTCGTATTGCGGTG.1","Purest Benigns"
"H2_2_CCCTGAAATGAGTTGA.1","Purest Benigns"
"V1_2_GCAATTAGTCGCACCG.1","Purest Benigns"
"H2_2_GCTACAATCGAGGATA.1","Purest Benigns"
"H2_2_CCTGTCGCCCGTAAAT.1","Purest Benigns"
"V1_2_GATCCCTTTATACTGC.1","Purest Benigns"
"H2_2_AGGGACTCTACGCGAC.1","Purest Benigns"
"H2_2_GTCGCGTAACCCGTTG.1","Purest Benigns"
"H2_2_ACTACGCGTTAGAATT.1","Purest Benigns"
"V1_2_AGGTACGATATTGCCA.1","Purest Benigns"
"H2_5_AACTCTCAATAGAGCG.1","Purest Benigns"
"H2_5_AGTGAGCCTCGCCGCC.1","Purest Benigns"
"H2_2_CTTCAACTCCACTTGG.1","Purest Benigns"
"H2_2_TTGCACAATTCAGAAA.1","Purest Benigns"
"H2_2_TTGGATATCGTCTACG.1","Purest Benigns"
"H1_4_CGGTATAGGTATTAGC.1","Purest Benigns"
"H2_2_TATCCGCACCGTCGGG.1","Purest Benigns"
"V1_2_ATCATCCAATATTTGT.1","Purest Benigns"
"H2_2_TATTAACCTGACCGCG.1","Purest Benigns"
"H2_2_ACAAGGAAATCCGCCC.1","Purest Benigns"
"H2_2_TTACACGATCTGCGAC.1","Purest Benigns"
"V1_2_TAGGTCGCCGGAACTG.1","Purest Benigns"
"V1_2_TCCTTCAGTGGTCGAA.1","Purest Benigns"
"H2_5_GTCGTGTCTGGTCATC.1","Purest Benigns"
"H2_2_AGCGGGAAGGGTCCAT.1","Purest Benigns"
"H2_2_CGGGAATTTATGTAAA.1","Purest Benigns"
"H2_5_GTAAGTAGGGTATACC.1","Purest Benigns"
"V1_2_GCCAATAGGGCATCTC.1","Purest Benigns"
"V1_2_TACGCAGTTCTTTCCT.1","Purest Benigns"
"H2_5_CCCAAACATGCTGCTC.1","Purest Benigns"
"H2_5_CCTCACCTTAGCATCG.1","Purest Benigns"
"H2_5_ACTTATACTTACCCGG.1","Purest Benigns"
"V1_2_GGTTACCCGACACTTT.1","Purest Benigns"
"V1_2_ATGTTTCGGCCCGGAG.1","Purest Benigns"
"V1_2_AGTTAAACACTTGCGA.1","Purest Benigns"
"V1_2_TGTTCTTCCATTGACT.1","Purest Benigns"
"H2_5_CTCAGTCACGACAAAT.1","Purest Benigns"
"H1_4_TAACTATTACGCCAAA.1","Purest Benigns"
"H1_4_ATGCGACAATTGGTCC.1","Purest Benigns"
"H2_2_CGGCAAACATCGTGCG.1","Purest Benigns"
"H2_5_AAGGGACAGATTCTGT.1","Purest Benigns"
"H2_5_TTCTTTGGTCGCGACG.1","Purest Benigns"
"H1_4_CTTTGGCAGACAGAGT.1","Purest Benigns"
"H2_1_CCGACAATAGGCCGCC.1","Purest Benigns"
"V1_2_CAAGACTCAGAAGCGC.1","Purest Benigns"
"V1_2_ATATTTAACCCTCAAG.1","Purest Benigns"
"V1_2_TTCGTACTCCAGAACG.1","Purest Benigns"
"H2_5_CAGCTCACTGAGACAT.1","Purest Benigns"
"V1_2_TTAATTTCAGACGCGG.1","Purest Benigns"
"V1_2_AACTGATATTAGGCCT.1","Purest Benigns"
"V1_2_GCGTCGAAATGTCGGT.1","Purest Benigns"
"H2_5_TCCCGGGTGTGCTGCT.1","Purest Benigns"
"V1_2_ATCGCCAGTCAACATT.1","Purest Benigns"
"H1_2_GCATGCTAATAACGAT.1","Purest Benigns"
"V1_2_AACTGGGTCCCGACGT.1","Purest Benigns"
"H2_5_CGAGGCTAAATATGGC.1","Purest Benigns"
"H2_5_CCACGGAGCCATAAGA.1","Purest Benigns"
"H2_5_CTTTGGCTTTAGTAAA.1","Purest Benigns"
"H2_2_AGTCGACGGTCTCAAG.1","Purest Benigns"
"H2_5_ACCTAAGTACCTTTCA.1","Purest Benigns"
"H1_4_GCGTAAATGGCCATAA.1","Purest Benigns"
"H2_5_CCTATGGGTTACCGTC.1","Purest Benigns"
"H2_5_TACTTTCCGCACGCCA.1","Purest Benigns"
"H2_5_TGAATATGCTATAAAC.1","Purest Benigns"
"H2_2_ACATCGGTCAGCCGCG.1","Purest Benigns"
"H2_5_GTGAAGATTTCAAGTG.1","Purest Benigns"
"H1_2_GCTAGGCACCACGGAG.1","Purest Benigns"
"H2_2_AGACGCCCACTTCGCC.1","Purest Benigns"
"H2_2_AGTCAAGATGACACTT.1","Purest Benigns"
"V1_2_TCGGCGAACCCAAACC.1","Purest Benigns"
"H2_2_CCAGTCTTGTCATAGA.1","Purest Benigns"
"H2_5_TTCCAATCAGAGCTAG.1","Purest Benigns"
"H2_2_GAGGATAAACAGTGCT.1","Purest Benigns"
"H2_2_GTATCCTTTGGTAACC.1","Purest Benigns"
"V1_2_CGAGCTGGGCTTTAGG.1","Purest Benigns"
"H2_2_GAAACCTATACAAATG.1","Purest Benigns"
"H2_5_GTGAGGACACTTAAGG.1","Purest Benigns"
"H2_2_GCACGTGGTTTACTTA.1","Purest Benigns"
"H2_1_TTCAATACTCTGAATC.1","Purest Benigns"
"H2_5_GTGAACTCCCATTCGA.1","Purest Benigns"
"H2_2_CGTTGTCGGCAATTGA.1","Purest Benigns"
"H2_5_TGCAGTGAGGCTCGGG.1","Purest Benigns"
"H1_4_TCTGTGGCTACATTTC.1","Purest Benigns"
"H2_2_GTGAGTGGTACAACGC.1","Purest Benigns"
"H2_2_TTATTAGAGCGTGTTC.1","Purest Benigns"
"H1_4_CATCTTACACCACCTC.1","Purest Benigns"
"H2_2_ATAATCTTGGAGAACC.1","Purest Benigns"
"H2_2_CGTCGCTTGGTTATAC.1","Purest Benigns"
"H1_4_CGGTTGGGTTCAAGTT.1","Purest Benigns"
"H2_5_CTAATTCTCAGATATT.1","Purest Benigns"
"H2_2_GAGGCCTGTTGATACA.1","Purest Benigns"
"V1_2_CATTATGCTTGTTGTG.1","Purest Benigns"
"H2_1_CGATGTTGTTATCTAC.1","Purest Benigns"
"H1_2_ACCCGGTTACACTTCC.1","Purest Benigns"
"H1_2_CAGGCAGTCTTACCAG.1","Purest Benigns"
"H2_2_TTGGTCACACTCGTAA.1","Purest Benigns"
"H2_5_TCCAGGCGAGTACGGT.1","Purest Benigns"
"H2_2_CTTATAGATGGCTGTT.1","Purest Benigns"
"H2_5_CAACACATCTCCTGCC.1","Purest Benigns"
"H2_5_AATAACAACGCTCGGC.1","Purest Benigns"
"H2_5_TAGACGCCCGTACCGG.1","Purest Benigns"
"H1_4_CCCAAGACAGAGTATG.1","Purest Benigns"
"H2_2_TCGTGTATTGGTCACG.1","Purest Benigns"
"H1_4_AGCGGGAAGGGTCCAT.1","Purest Benigns"
"H1_4_GGCTAATGATTGAAAT.1","Purest Benigns"
"H1_4_TGGGTGGGATGTCATT.1","Purest Benigns"
"H2_1_GCATCGGCCGTGTAGG.1","Purest Benigns"
"H1_4_TGGACTGTTCGCTCAA.1","Purest Benigns"
"H1_4_CCAACGCTTGCCAGGG.1","Purest Benigns"
"V1_2_TGCCTAAATTTAATAG.1","Purest Benigns"
"V1_2_GTGGAGCATGTCGGCC.1","Purest Benigns"
"H2_2_ACAATTGTGTCTCTTT.1","Purest Benigns"
"H2_2_GATAACTCGCACTGTG.1","Purest Benigns"
"H2_2_TCAACCATGTTCGGGC.1","Purest Benigns"
"H1_4_TTCTTCCCTTTGATAT.1","Purest Benigns"
"H2_1_GATGCCTTCTGCGGCA.1","Purest Benigns"
"H1_4_GGACACAAGTTTACAC.1","Purest Benigns"
"H2_2_GTCTATTGGTTCCGGT.1","Purest Benigns"
"H2_2_ACTGTCTTCTTTAGAA.1","Purest Benigns"
"H2_2_CGAGGGACTGCGGTCG.1","Purest Benigns"
"H2_2_CGGGAGCTTCAGTGTA.1","Purest Benigns"
"H2_2_GAGTCCGCTTACCGGA.1","Purest Benigns"
"H2_2_AGGAAGCTGTCCGCCG.1","Purest Benigns"
"H2_2_CTATGGGAAGCGGAAT.1","Purest Benigns"
"H2_2_GGCGCATGAATTGATG.1","Purest Benigns"
"H2_2_TCATTTAGAAGTGTGA.1","Purest Benigns"
"H1_4_CCAAATAACAAGATTC.1","Purest Benigns"
"H2_2_GACGTGTAGGGATTAT.1","Purest Benigns"
"H1_4_CTAGGTCTGAAGGAAT.1","Purest Benigns"
"H1_4_GCGACATGTAAACATC.1","Purest Benigns"
"H2_5_GTTCGGGCGTACCATT.1","Purest Benigns"
"H2_5_TCCGGCCTAGCGTACA.1","Purest Benigns"
"H2_1_GCCTATAGTGTCAGGG.1","Purest Benigns"
"H2_1_CACCAGTCAGCATGCA.1","Purest Benigns"
"H2_5_TCGCTCGGCACCAGCG.1","Purest Benigns"
"H2_2_ATCGTGGAAAGTCTGG.1","Purest Benigns"
"H2_2_GGCATACAGGTAGCGG.1","Purest Benigns"
"H2_5_AGGATATAGGGATTTA.1","Purest Benigns"
"H1_4_CAGAGCATGAGCTTGC.1","Purest Benigns"
"H2_1_CACCGTATCCCATCCG.1","Purest Benigns"
"H2_1_CACGTTCGTGCTCTAG.1","Purest Benigns"
"H2_1_TCTCTCGCCGCACATA.1","Purest Benigns"
"H2_1_TCGGGCCGTCGTGGTA.1","Purest Benigns"
"H2_1_TCTGAATTCCGTACAA.1","Purest Benigns"
"H2_2_GTGACCGCACACTACG.1","Purest Benigns"
"V1_2_GGAAAGTGCCCATGCC.1","Purest Benigns"
"H2_5_CCAGTCTAGACGGCGC.1","Purest Benigns"
"H1_4_GCGAGAGTTGCGTCCA.1","Purest Benigns"
"H2_1_GGCAGCAAACCTATGC.1","Purest Benigns"
"H2_2_CGCTGGTGACTACCCT.1","Purest Benigns"
"H2_1_TACTTGTTAGTAGTCC.1","Purest Benigns"
"H1_4_AGCACTACCTCACCAG.1","Purest Benigns"
"H2_1_CACATTTCTTGTCAGA.1","Purest Benigns"
"H2_2_CGCTGTGTGGATGTTG.1","Purest Benigns"
"H1_4_CCAGCCTGGACCAATA.1","Purest Benigns"
"H1_4_ACCCGGATGACGCATC.1","Purest Benigns"
"H2_5_ACTTATTTATGTGCCA.1","Purest Benigns"
"H1_4_CAGACCTGTAAGTGTT.1","Purest Benigns"
"H2_2_GAGACTTCGCGACCGA.1","Purest Benigns"
"H1_4_TGGTATCGCATCCCAA.1","Purest Benigns"
"H2_1_CTTGAGTTAGGGTAAT.1","Purest Benigns"
"H2_2_CTGGTAAAGTGTGGGC.1","Purest Benigns"
"H2_2_TACGCTCGGTATTGGA.1","Purest Benigns"
"H2_1_CGCCTCCCTCCTCTAT.1","Purest Benigns"
"H1_4_TCAGAACCTCCACAGG.1","Purest Benigns"
"H2_2_CGCTATACCGCCCACT.1","Purest Benigns"
"H2_1_TTATGATCTTAACGAA.1","Purest Benigns"
"H1_4_CCGCTTGCTGACATGG.1","Purest Benigns"
"H1_2_AGTCGACGGTCTCAAG.1","Purest Benigns"
"H1_2_GCTAACTGAAGTCTGA.1","Purest Benigns"
"H1_2_ACGGATGGTGCGGATA.1","Purest Benigns"
"H1_2_CGGCGCCATCAATCCC.1","Purest Benigns"
"H2_2_CATTATGCTTGTTGTG.1","Purest Benigns"
"H1_2_GGATTGCTGTGACTCC.1","Purest Benigns"
"H1_2_ATGCGAGTCCCACCAC.1","Purest Benigns"
"H1_2_AGAACGTGGTACATTC.1","Purest Benigns"
"H1_2_ATGTGCATCCGACGCA.1","Purest Benigns"
"H1_2_ACGGCGACGATGGGAA.1","Purest Benigns"
"H1_2_CACACACGCTAACGAG.1","Purest Benigns"
"H1_2_ACAGGCTTGCCCGACT.1","Purest Benigns"
"H1_2_CCTAACCCAAACAAGT.1","Purest Benigns"
"H1_2_GAACTGTGGAGAGACA.1","Purest Benigns"
"H2_2_AAACCTCATGAAGTTG.1","Purest Benigns"
"H1_2_GCGAAACGATCGGGAG.1","Purest Benigns"
"H2_2_CCGCATGTGGTACGAT.1","Purest Benigns"
"H2_2_ATAAATATTAGCAGCT.1","Purest Benigns"
"H2_2_TAGTCTAACAACGAGA.1","Purest Benigns"
"H1_2_CTCATTGCTCTAACAA.1","Purest Benigns"
"H1_2_AACCTTTAAATACGGT.1","Purest Benigns"
"H1_2_CATCCTCTCAAAGATC.1","Purest Benigns"
"H2_2_CTACTCTAGGCCCGGC.1","Purest Benigns"
"H1_2_AGTCTTTAAAGTGTCC.1","Purest Benigns"
"H1_2_CATGTCTCATTTATGG.1","Purest Benigns"
"H1_2_AATAGAATCTGTTTCA.1","Purest Benigns"
"H1_2_CTATCGCGTAGAGAAC.1","Purest Benigns"
"H1_2_CACGTTTCGTACACAC.1","Purest Benigns"
"H1_2_TGCGCAAAGCATTTGG.1","Purest Benigns"
"H2_5_GAATGTGGTCCGGATT.1","Purest Benigns"
"H2_2_TATACACAGACGCCTT.1","Purest Benigns"
"H1_2_CGCAGGCGATCCAAAC.1","Purest Benigns"
"H1_2_ACAATTTGAGCAGTGG.1","Purest Benigns"
"H1_2_GCCTCATCTGGAAATA.1","Purest Benigns"
"H1_2_AAACCTAAGCAGCCGG.1","Purest Benigns"
"H1_2_CTCAACTAACCCGGAT.1","Purest Benigns"
"H1_2_GATTGGGAAAGGTTGT.1","Purest Benigns"
"H1_2_CCTATAATGAGTGCCC.1","Purest Benigns"
"H1_2_TTGGACCATCTGGCAA.1","Purest Benigns"
"H1_2_GAGTGTCAACCAGAAA.1","Purest Benigns"
"H2_2_CGGTGAAGACTAAAGT.1","Purest Benigns"
"H1_2_GTGACGCAGGTTTCAT.1","Purest Benigns"
"H1_2_CGTCGCATGTGAGCCA.1","Purest Benigns"
"H1_2_GGCCGGCGTCTGCTAT.1","Purest Benigns"
"H1_2_ATTCAACCATTTAAGG.1","Purest Benigns"
"H1_2_AATTGAACGCTCTGGT.1","Purest Benigns"
"H1_2_GGGCGTGGTTTCCCAG.1","Purest Benigns"
"H1_2_ATATCGTTCCTCGAAC.1","Purest Benigns"
"H1_2_TGTACCTACACGAGGG.1","Purest Benigns"
"H1_2_CCTATGTCCACTCCAC.1","Purest Benigns"
"V1_2_GGTACAAACATGCTAT.1","Purest Benigns"
"H1_2_CGAGGGTATCCAGGTG.1","Purest Benigns"
"H1_2_GCTATACGTCTCGGAC.1","Purest Benigns"
"H1_2_TAAGGGCCTGTCCGAT.1","Purest Benigns"
"H1_2_TCACAAACCGAGGTAC.1","Purest Benigns"
"H2_1_AAATTACCTATCGATG.1","Purest Benigns"
"H2_2_AGCACTACCGGCCTGT.1","Purest Benigns"
"H1_2_ATGGTCGCGTGGTTTC.1","Purest Benigns"
"H2_2_TCCTCTCCAGTTGTCC.1","Purest Benigns"
"H2_2_TGTGCTTTACGTAAGA.1","Purest Benigns"
"H1_2_CGACAATTTGATCTAA.1","Purest Benigns"
"H1_2_ATCGACTCTTTCCGTT.1","Purest Benigns"
"H1_2_ATTGGATTACAGCGTA.1","Purest Benigns"
"H1_2_GAGGCTATCAAAGTCG.1","Purest Benigns"
"H1_2_CTATCGACGAAATACA.1","Purest Benigns"
"H1_2_GTGATCCTTGTCATGA.1","Purest Benigns"
"H1_2_TTCGGGACTAATCGCG.1","Purest Benigns"
"H1_2_TCCACAATGGTTTACG.1","Purest Benigns"
"H2_2_CGCATGGTGCGATGCT.1","Purest Benigns"
"H1_2_TAGTCCGCAGAGAATG.1","Purest Benigns"
"H1_2_CACAGGGCCATATAGT.1","Purest Benigns"
"H2_2_CCATCGCAGTTAAACT.1","Purest Benigns"
"H2_2_CTGCTGAGGCCACGAA.1","Purest Benigns"
"H2_2_CGGTCCGTCGCAAGCC.1","Purest Benigns"
"H1_2_GCTACAATCGAGGATA.1","Purest Benigns"
"H2_2_TATTCAATTCTAATCC.1","Purest Benigns"
"H1_2_ACCACAAGTTTCTATC.1","Purest Benigns"
"H1_2_CTATGTCACTAGCCCA.1","Purest Benigns"
"H1_2_ATGCATGATCCAGGAT.1","Purest Benigns"
"H1_2_TCACGCATTGTAGATC.1","Purest Benigns"
"H1_2_TTAGACGAGTCACCTC.1","Purest Benigns"
"H1_2_AGCGTGGTATTCTACT.1","Purest Benigns"
"H1_2_AGTGAACAAACTTCTC.1","Purest Benigns"
"H1_2_GTTTGGCCCAAGTTAT.1","Purest Benigns"
"H1_2_CATCCCGAGATTCATA.1","Purest Benigns"
"H2_2_TCAACTAACGTATAAC.1","Purest Benigns"
"H1_2_CTTATAGATGGCTGTT.1","Purest Benigns"
"H1_2_CTCTATTTGGCTGCAG.1","Purest Benigns"
"H1_2_TCAAACAACCGCGTCG.1","Purest Benigns"
"H1_2_GATAACTCGCACTGTG.1","Purest Benigns"
"H1_2_TCGCTACTGGCTTTGA.1","Purest Benigns"
"H1_2_CGTGCATTGTCGACGC.1","Purest Benigns"
"H1_2_GTCTATTGGTTCCGGT.1","Purest Benigns"
"H1_2_TGGCCAAACTGAAGTA.1","Purest Benigns"
"H2_2_AAGAGCTCTTTATCGG.1","Purest Benigns"
"H1_2_AGAAGGTTGTAGGTCG.1","Purest Benigns"
"H1_2_AAACGAGACGGTTGAT.1","Purest Benigns"
"H1_2_CATGATGCACAATTCT.1","Purest Benigns"
"H1_2_AAGGTGATAAACCAGC.1","Purest Benigns"
"H1_2_CTACTGCCACCTGACC.1","Purest Benigns"
"H2_5_AGGCAGATGCGTAAAC.1","Purest Benigns"
"H1_2_CTGTTCACTGCCTGTG.1","Purest Benigns"
"H1_2_AAATTAACGGGTAGCT.1","Purest Benigns"
"H1_2_TTGTCGTTCAGTTACC.1","Purest Benigns"
"H1_2_ACAAGGACAAGAGGTT.1","Purest Benigns"
"H1_2_CGCGTTCATGAAATAC.1","Purest Benigns"
"H1_2_CTAGTTGGGCCCGGTA.1","Purest Benigns"
"H1_2_GAAACAGATGACCACC.1","Purest Benigns"
"H2_2_GTACACTTACCTGAAG.1","Purest Benigns"
"H1_2_ACTCAATAAAGGCACG.1","Purest Benigns"
"H1_2_GGCTCTGCTCCAACGC.1","Purest Benigns"
"H2_2_TCGCGTCCAGAAGGTC.1","Purest Benigns"
"H1_2_CACGTTCGTGCTCTAG.1","Purest Benigns"
"H1_2_GGTCAAGACTACTTCG.1","Purest Benigns"
"H1_2_TAGAGGTTCTACTTGT.1","Purest Benigns"
"H2_2_CGTTCATGGTGCGCGT.1","Purest Benigns"
"H1_2_GCTCTAAACCCTGACG.1","Purest Benigns"
"H1_2_AGCACCAGTACTCACG.1","Purest Benigns"
"H1_2_ACACGGGAACTTAGGG.1","Purest Benigns"
"H1_2_CTAGTAGAAAGGGATT.1","Purest Benigns"
"H1_2_GAAATGGCGGTGTTAG.1","Purest Benigns"
"H1_2_CGTTAAACTAGTTAGG.1","Purest Benigns"
"H1_2_TCTCGAGGAGGTTCGC.1","Purest Benigns"
"H1_2_TATGCTCCCTACTTAC.1","Purest Benigns"
"H1_2_AAGAGGCATGGATCGC.1","Purest Benigns"
"H1_2_CGGCCACGCACAAAGT.1","Purest Benigns"
"H1_2_CCCTCCTCGCTCGTAT.1","Purest Benigns"
"H1_2_ATCGCCAGTCAACATT.1","Purest Benigns"
"H1_2_GTAGTCTACGATATTG.1","Purest Benigns"
"H1_2_AATGCAACCGGGTACC.1","Purest Benigns"
"H1_2_AGAGTAAACTTCACTA.1","Purest Benigns"
"H2_2_TACTTTCCGCACGCCA.1","Purest Benigns"
"H1_2_ACCGATAGGCATAACC.1","Purest Benigns"
"H2_2_CCAATGTCACAGCAAG.1","Purest Benigns"
"H1_2_TTAGAGTTTAGAAGGA.1","Purest Benigns"
"H2_2_AAGTTCGGCCAACAGG.1","Purest Benigns"
"H1_2_ATTGCCTTTATGTTTG.1","Purest Benigns"
"H2_2_CGTCGGGTCTAAGCGC.1","Purest Benigns"
"H1_2_CAAGGATCGCATGTTC.1","Purest Benigns"
"H1_2_ACGTTAATGTCGAAGA.1","Purest Benigns"
"H2_2_CAAAGATTATTGGGCC.1","Purest Benigns"
"H2_2_GTTTGGCCGCTCAGCG.1","Purest Benigns"
"H1_2_CCATATGGAAACTATA.1","Purest Benigns"
"H1_2_GATTCCCTTGTCGCAG.1","Purest Benigns"
"H2_2_CCGACGGGCATGAGGT.1","Purest Benigns"
"H1_2_GACAACGACCATTGAA.1","Purest Benigns"
"H2_2_CACCGTTAGGGATCAC.1","Purest Benigns"
"H1_2_TTCGCACTGTACGACA.1","Purest Benigns"
"H1_2_ACAGGCACGGATCCTT.1","Purest Benigns"
"H2_2_TAAGCAGGCGACACGC.1","Purest Benigns"
"H2_2_TGATCAGGGAACTGCT.1","Purest Benigns"
"H2_2_GTTTCATATCGTCGCT.1","Purest Benigns"
"H2_2_AATATTGGAGTATTGA.1","Purest Benigns"
"H1_2_TCACCCTCTTAAGATT.1","Purest Benigns"
"H2_2_GACAGGCACACACTAT.1","Purest Benigns"
"H2_2_GGCCCTCACCCACTTA.1","Purest Benigns"
"H2_2_ACGCGGGCCAAGGACA.1","Purest Benigns"
"H2_2_CATACGGCGTCTGGGC.1","Purest Benigns"
"H2_2_GCTGTATTACTGGCCC.1","Purest Benigns"
"H1_2_ATGGAGCAGGCCGTGA.1","Purest Benigns"
"V1_2_ACGCCGCTAGACGACC.1","Purest Benigns"
"H1_2_GTACGCTTCATTGCAC.1","Purest Benigns"
"H1_2_GTGTGAATAACTTAGG.1","Purest Benigns"
"H2_5_TAACCTACCGTCCGAG.1","Purest Benigns"
"H2_2_CCCGCAGCGCGAACTA.1","Purest Benigns"
"H2_2_CTTCGTAGATAGGTGA.1","Purest Benigns"
"H2_2_TTGGAAGAATACAGTC.1","Purest Benigns"
"H1_2_TAGCCGGCGGTCAGCG.1","Purest Benigns"
"H2_2_TCACATCTTATCTGAT.1","Purest Benigns"
"H1_2_ATCTAGCTTGTGAGGG.1","Purest Benigns"
"H1_2_TTAATTGCTTTGGGTG.1","Purest Benigns"
"H1_2_ATAAGGTGGAGAACAT.1","Purest Benigns"
"H1_2_GACCAAACGTTGACTG.1","Purest Benigns"
"H2_2_GCCGGGTTAGGGTCGC.1","Purest Benigns"
"H2_2_TAGCTCGCCTGATAAC.1","Purest Benigns"
"H1_2_TCAAGCGCGGACGGTA.1","Purest Benigns"
"H2_2_ATCCAATGGAGGGTCC.1","Purest Benigns"
"H2_2_GATGTTCAATCCACGA.1","Purest Benigns"
"H1_2_TCCAACTCAGCTATCT.1","Purest Benigns"
"H2_2_CACCGTTGCGCGATAT.1","Purest Benigns"
"H1_2_GTGTACCTTGGCTACG.1","Purest Benigns"
"H1_2_ATAAACGTTGCACCAC.1","Purest Benigns"
"H1_2_GCGGCTTTAGCAAGTT.1","Purest Benigns"
"H1_2_CCTACTGCTTACACTT.1","Purest Benigns"
"H1_2_GGCGCAGGACATCTTC.1","Purest Benigns"
"H1_2_CCATGCCTGTTTAGTA.1","Purest Benigns"
"H1_2_GAACACACATCAACCA.1","Purest Benigns"
"H1_2_GTTGGATTTGCGTTGG.1","Purest Benigns"
"H1_2_GTTAGCCCATGACATC.1","Purest Benigns"
"H1_2_AAGCGCAGGGCTTTGA.1","Purest Benigns"
"H1_2_ATAATCTTGGAGAACC.1","Purest Benigns"
"H1_2_CGCATTAGCTAATAGG.1","Purest Benigns"
"V1_2_CCAAATAACAAGATTC.1","Purest Benigns"
"V1_2_GACCGCGTCTGACGTG.1","Purest Benigns"
"H1_2_AGGAAGCTGTCCGCCG.1","Purest Benigns"
"H1_2_GTGCCTGAGACCAAAC.1","Purest Benigns"
"H1_2_TATTCAATTCTAATCC.1","Purest Benigns"
"H2_2_TTGACATGAACGTGGA.1","Purest Benigns"
"H2_2_CGCTTATTCCCGGTCG.1","Purest Benigns"
"H2_2_GTGGACCAACCCGATT.1","Purest Benigns"
"H2_2_TTACTCTGGTACGTAC.1","Purest Benigns"
"H1_2_GAACAACTGGGATGAA.1","Purest Benigns"
"H2_2_CAACCAGTGGCCTACC.1","Purest Benigns"
"H2_2_CTTGCAACCGCCTCCT.1","Purest Benigns"
"H1_2_CAAACGGTCGCACTTT.1","Purest Benigns"
"H1_2_GCAAACCTTGGCCATA.1","Purest Benigns"
"H2_2_AACTCAAGTTAATTGC.1","Purest Benigns"
"H2_2_CCATTAGCGATAATCC.1","Purest Benigns"
"H2_5_GACAGCCAGACCTGAC.1","Purest Benigns"
"V1_2_CATCGGACGGGTTAAT.1","Purest Benigns"
"H2_2_ATTTGTCTTGGGAGCT.1","Purest Benigns"
"V1_2_AACGCGGTCTCCAGCC.1","Purest Benigns"
"H2_5_AAAGGGATGTAGCAAG.1","Purest Benigns"
"H2_2_GGACTCTTCCGGTTGA.1","Purest Benigns"
"H2_2_GCGCTAATTGAATAGA.1","Purest Benigns"
"H1_2_TCATATGAGCTTTGTT.1","Purest Benigns"
"H2_2_AACTTGCCCGTATGCA.1","Purest Benigns"
"H2_2_TACAAGTCTCGTGCAT.1","Purest Benigns"
"H2_5_TCACCGCTCGGCACTC.1","Purest Benigns"
"H1_2_CTCTTCTATTGACTGG.1","Purest Benigns"
"H2_2_AACAATTACTCTACGC.1","Purest Benigns"
"H1_2_CCCGAGTTTCTCCGTA.1","Purest Benigns"
"H2_2_GCAAATATTACGCTTT.1","Purest Benigns"
"H1_2_TTATATTTGGCAATCC.1","Purest Benigns"
"H2_2_ATTGCTGCTCCTCCAT.1","Purest Benigns"
"H2_2_CGTTGTTTCAATTCCC.1","Purest Benigns"
"H2_2_TTGAAGAATTCCCAGG.1","Purest Benigns"
"V1_2_CACCTTGGCGCCTTTG.1","Purest Benigns"
"H2_2_ACGATGCATATGTTAT.1","Purest Benigns"
"H2_2_GCGAGGCCCGAGCAGA.1","Purest Benigns"
"H1_2_CTCACATTTACTAAAT.1","Purest Benigns"
"H1_2_GTTCGTCTAAAGAACT.1","Purest Benigns"
"H1_2_CCTACTCAACACGATT.1","Purest Benigns"
"H2_5_ATTAATGAACCAGTCG.1","Purest Benigns"
"H2_2_AGCCCATACATGTAAG.1","Purest Benigns"
"H2_2_ATCAAACGAAGGTTTG.1","Purest Benigns"
"H2_2_CGACAGTTCGCGTTAT.1","Purest Benigns"
"H2_2_TTCAATACTCTGAATC.1","Purest Benigns"
"H1_2_ATTTACAGTTTACTGG.1","Purest Benigns"
"H2_5_TCGAAATTTAGGACCA.1","Purest Benigns"
"H2_1_TTGACAGGAGCTCCCG.1","Purest Benigns"
"H1_2_GACTGCAAATCGAGCT.1","Purest Benigns"
"H2_5_TAGTCTAACAACGAGA.1","Purest Benigns"
"H2_5_GTTTCCTGGAGGGTGA.1","Purest Benigns"
"V1_2_CGAGTTTATCGGACTG.1","Purest Benigns"
"H2_5_CAGTGAATAAATGACT.1","Purest Benigns"
"V1_2_AATTCATAAGGGATCT.1","Purest Benigns"
"H2_2_GATATGGATTACGCGG.1","Purest Benigns"
"H1_2_GGGCAGTCAACGCCAA.1","Purest Benigns"
"H2_2_CTGGGATAAATAATGG.1","Purest Benigns"
"H1_2_CACTCGAGCTGAACAA.1","Purest Benigns"
"H1_2_AGTGAGTCGAATTAAC.1","Purest Benigns"
"H1_2_CACGCACAGCGCAGCT.1","Purest Benigns"
"H1_2_GTCTCAAGGCCCGGCT.1","Purest Benigns"
"H1_2_TCCTTTAAATCCGCTT.1","Purest Benigns"
"H1_2_TTCAGCTGGCGTGCCC.1","Purest Benigns"
"V1_2_TGGTAGAATATATGGG.1","Purest Benigns"
"H1_2_GACGAGGCTAATAAAC.1","Purest Benigns"
"H1_2_TAAGTTGCGACGTAGG.1","Purest Benigns"
"H1_2_AGCATCGTCGATAATT.1","Purest Benigns"
"H1_2_GACAAGAGATGAGATT.1","Purest Benigns"
"H1_2_CAGTGTCGGCTGGCCC.1","Purest Benigns"
"H1_2_TGTGCCGGTGCCGGAA.1","Purest Benigns"
"V1_2_TTGACAGGAGCTCCCG.1","Purest Benigns"
"H1_2_ATATTCCACATAGTGA.1","Purest Benigns"
"V1_2_ATGTGGACATCTTGAT.1","Purest Benigns"
"H1_2_GAGTATGCGCGTGCAT.1","Purest Benigns"
"H2_5_TGGCAACTCGCGCGCC.1","Purest Benigns"
"H1_2_TCCGCGGCCCAATGAA.1","Purest Benigns"
"H1_2_TCGCACCAGGAGGCAG.1","Purest Benigns"
"H2_2_TCCAACTTTAAATTCT.1","Purest Benigns"
"H1_2_TAGACGAAACGCCAAT.1","Purest Benigns"
"H1_2_CTTTAGGAACACTGTT.1","Purest Benigns"
"H1_2_TGATCGGTTTGACCCT.1","Purest Benigns"
"H1_2_AATCATGTAAAGACTC.1","Purest Benigns"
"H1_2_GTCCGGACCTGAAATT.1","Purest Benigns"
"H1_2_GTGCGTGTATATGAGC.1","Purest Benigns"
"H1_2_CCTCTAATCTGCCAAG.1","Purest Benigns"
"H1_2_TAAGGCTGAATCCCTC.1","Purest Benigns"
"H2_2_TCGTCACACTGTTAGC.1","Purest Benigns"
"H1_2_ATTATGCCATAGGGAG.1","Purest Benigns"
"H1_2_GACGCCGTAAAGGCTA.1","Purest Benigns"
"H1_2_GTGCACCAGCTTCAAC.1","Purest Benigns"
"H2_2_CGTGCATTGTCGACGC.1","Purest Benigns"
"H1_2_AAAGTGCCATCAATTA.1","Purest Benigns"
"H1_2_GACCTTCCACGTCTAC.1","Purest Benigns"
"H2_2_ATATCTTAGGGCCTTC.1","Purest Benigns"
"H1_2_CACCTCGATGGTGGAC.1","Purest Benigns"
"H1_2_CTCTCACAATCGATGA.1","Purest Benigns"
"H1_2_GCGTCGAAATGTCGGT.1","Purest Benigns"
"H1_2_CGAGCTGGGCTTTAGG.1","Purest Benigns"
"H1_2_ACACAAAGACGGGTGG.1","Purest Benigns"
"H1_2_AGTTCCTACAGAATTA.1","Purest Benigns"
"H1_2_CATGGATTGTCTTCCG.1","Purest Benigns"
"H1_2_GTTATAATACGGTGAA.1","Purest Benigns"
"H1_2_ACGTAGATTGCTGATG.1","Purest Benigns"
"H1_2_GAAATCGCGCGCAACT.1","Purest Benigns"
"H1_2_TGGAAGGATAAAGATG.1","Purest Benigns"
"H2_2_CTACGACTAGCTATAA.1","Purest Benigns"
"H1_2_TGCATGGATCGGATCT.1","Purest Benigns"
"H1_2_AGTCGTCGACCACCAA.1","Purest Benigns"
"H1_2_CCAATAGTGCCGTCGA.1","Purest Benigns"
"H2_2_AACGTACTGTGGGTAC.1","Purest Benigns"
"H1_2_GGCGCTTCATTCCCTG.1","Purest Benigns"
"H1_2_TTAACTGATCGTTTGG.1","Purest Benigns"
"H2_5_CGTACCTGATAGGCCT.1","Purest Benigns"
"H1_2_TCATTTAGAAGTGTGA.1","Purest Benigns"
"H1_2_TAAGGCCCGTCACCCT.1","Purest Benigns"
"H1_2_CCCTACTTGAACAATG.1","Purest Benigns"
"H1_2_GAATGCGAATCGGTTC.1","Purest Benigns"
"H1_2_AACCGCTAAGGGATGC.1","Purest Benigns"
"H1_2_AGGTTGAGGCACGCTT.1","Purest Benigns"
"H1_2_GTATCCTTTGGTAACC.1","Purest Benigns"
"H1_2_AGGATATAGGGATTTA.1","Purest Benigns"
"H1_2_TACGAACACGACTTCA.1","Purest Benigns"
"H1_2_ATGTGGACATCTTGAT.1","Purest Benigns"
"H1_2_TGCAATCTAACACGGT.1","Purest Benigns"
"H1_2_AACACACGCTCGCCGC.1","Purest Benigns"
"H1_2_TCGCTGCCAATGCTGT.1","Purest Benigns"
"H1_2_GGGATTTACCGCACCT.1","Purest Benigns"
"H1_2_AGTGCTTGCACGAATA.1","Purest Benigns"
"H1_2_GTGACCGCACACTACG.1","Purest Benigns"
"H1_2_AATTCTAGAGTTAGGC.1","Purest Benigns"
"H1_2_ACATAATAAGGCGGTG.1","Purest Benigns"
"H1_2_AGGGCCCTAATGTTCT.1","Purest Benigns"
"H1_2_AGGGCTGCAGTTACAG.1","Purest Benigns"
"H1_2_TCCTTTCTTACGCTTA.1","Purest Benigns"
"H2_2_ACTCGTCAGTAATCCC.1","Purest Benigns"
"H1_2_CTGGTAACACATAGAA.1","Purest Benigns"
"H1_2_GCGCCTCCCACTCCGA.1","Purest Benigns"
"H1_2_ACACGTAGGCCACAAG.1","Purest Benigns"
"H1_2_GCAAATATTACGCTTT.1","Purest Benigns"
"H1_2_CGGGAATTTATGTAAA.1","Purest Benigns"
"H1_2_GGTTAGCTATATGTCT.1","Purest Benigns"
"H1_2_GTAGTCGCGGGAATCA.1","Purest Benigns"
"H1_2_AAACGGGCGTACGGGT.1","Purest Benigns"
"H1_2_AAGTGTTTGGAGACGG.1","Purest Benigns"
"H1_2_ACTGAAACGCCGTTAG.1","Purest Benigns"
"H1_2_AGCGATGCGCCTAATA.1","Purest Benigns"
"H2_2_AGTTTGGCCAGACCTA.1","Purest Benigns"
"H1_2_ATGTTGATTAGAGACT.1","Purest Benigns"
"H2_5_TTGTTCAGTGTGCTAC.1","Purest Benigns"
"H1_2_AAGTTTATGGGCCCAA.1","Purest Benigns"
"H1_2_CAATAAACCTTGGCCC.1","Purest Benigns"
"H2_5_ATCACATTAGAATATC.1","Purest Benigns"
"V1_2_TTGAATTCACGTGAGG.1","Purest Benigns"
"H2_5_AGTCTTCTCCTCAAAT.1","Purest Benigns"
"H1_2_AGCACTACCTCACCAG.1","Purest Benigns"
"H1_2_CTGGTTTCGAGCAAGA.1","Purest Benigns"
"H1_2_TGGCTATGTGACATAC.1","Purest Benigns"
"H1_2_CTTAGTGTAGTAGCAT.1","Purest Benigns"
"H1_2_TATTCCGAGCTGTTAT.1","Purest Benigns"
"H1_2_ACTTATTAGGATCGGT.1","Purest Benigns"
"H1_2_AGTGATAACCTGCGCG.1","Purest Benigns"
"H1_2_GGTGGACTGCTCTGGC.1","Purest Benigns"
"H2_2_ATAGCAACTAGGGAAG.1","Purest Benigns"
"H1_2_GTAACATCTAAGATAA.1","Purest Benigns"
"H2_1_CTATGGGAAGCGGAAT.1","Purest Benigns"
"H2_2_TATACGCGTCATCACT.1","Purest Benigns"
"H2_2_CTAAATCCGGTGTACA.1","Purest Benigns"
"H2_2_GTGGAGTCGGCGGTTG.1","Purest Benigns"
"H1_2_GTCTAGTGAGCCGCTT.1","Purest Benigns"
"H1_2_TACCGAATAATTGTAA.1","Purest Benigns"
"H2_5_CCAACGATGCACTGAT.1","Purest Benigns"
"H1_2_CCGCTATCAGCACCAG.1","Purest Benigns"
"H2_5_ACACACCAGGACCAGT.1","Purest Benigns"
"H2_1_AGGCATTGTCGTAGGG.1","Purest Benigns"
"H1_2_ACCGGGCCTTTGTTGA.1","Purest Benigns"
"H2_5_GCCGGGTTAGGGTCGC.1","Purest Benigns"
"H1_2_GAGCACCTGTGTCCAG.1","Purest Benigns"
"H1_2_GTGGTGGCCAAGTGAA.1","Purest Benigns"
"H1_2_TAGGTGACGATAACCT.1","Purest Benigns"
"H1_2_TCATCCTCAGCTGCTT.1","Purest Benigns"
"H2_1_CATGATGGAAGTTAGC.1","Purest Benigns"
"H2_1_CGCTAGAGACCGCTGC.1","Purest Benigns"
"H2_1_CTAACGAAACTTGCTG.1","Purest Benigns"
"H2_1_CTTAGTAGGCCTACAG.1","Purest Benigns"
"H2_1_CACCCAAATCTTATGT.1","Purest Benigns"
"H2_1_GTTCGCTGAGACGTCT.1","Purest Benigns"
"H2_1_ATAGTTCCACCCACTC.1","Purest Benigns"
"H2_1_AGTTTGGCACGGGTTG.1","Purest Benigns"
"H2_1_CAGAATAACACACGGA.1","Purest Benigns"
"H2_1_TCTGAACTCGTACCCG.1","Purest Benigns"
"H2_1_GTAACATCTAAGATAA.1","Purest Benigns"
"H2_1_CGGCAATAAGATCGCC.1","Purest Benigns"
"H2_1_GTGATCACTAACGCCT.1","Purest Benigns"
"H2_1_GGGACAGAGTTACTCC.1","Purest Benigns"
"H2_1_TAATCGATCCGTACGT.1","Purest Benigns"
"H2_1_CAGACCTGTAAGTGTT.1","Purest Benigns"
"H2_1_AAGTCAATTGTCGTCA.1","Purest Benigns"
"H2_1_GCTCGCTCATGTCCAA.1","Purest Benigns"
"H2_1_AGTCCATTGGCTGATG.1","Purest Benigns"
"H2_1_CTACTATCTTTCAGAG.1","Purest Benigns"
"H2_1_CCAGTAGTCTGATCCA.1","Purest Benigns"
"H2_1_CCATCTCACCAGTGAA.1","Purest Benigns"
"H2_1_AAAGTGTGATTTATCT.1","Purest Benigns"
"H2_1_CTGACTGCGCAGCTCG.1","Purest Benigns"
"H2_1_TATTACCATCCTGCTT.1","Purest Benigns"
"H2_1_TCTTAGAGTGAACTCT.1","Purest Benigns"
"H2_1_TAGGGAGCTTGGGATG.1","Purest Benigns"
"H2_1_AGGGTCGATGCGAACT.1","Purest Benigns"
"H2_1_TTGAATTCACGTGAGG.1","Purest Benigns"
"H2_1_CAGCAGTCCAGACTAT.1","Purest Benigns"
"H2_1_GCGCATCCAGTCAGCA.1","Purest Benigns"
"H2_1_CGCAGGCGATCCAAAC.1","Purest Benigns"
"H2_1_CGTGGCCGAATATCTA.1","Purest Benigns"
"H2_1_CGCGGCTCAACTTGAA.1","Purest Benigns"
"H2_2_CATCATTACCCTGAGG.1","Purest Benigns"
"H2_1_AAATCTAGCCCTGCTA.1","Purest Benigns"
"H2_1_CATAACGGACAGTCGT.1","Purest Benigns"
"H2_1_TGACGATGCACTAGAA.1","Purest Benigns"
"H2_1_CTACCCTAAGGTCATA.1","Purest Benigns"
"H2_1_ACCGGGCCTTTGTTGA.1","Purest Benigns"
"H2_5_GTGCGTGTATATGAGC.1","Purest Benigns"
"H2_1_AGAGTAAACTTCACTA.1","Purest Benigns"
"H2_1_TAAGGCTGAATCCCTC.1","Purest Benigns"
"H2_2_CCGTAGGGTTGTTTAC.1","Purest Benigns"
"H2_1_ACCGCGGTGGAAGTCG.1","Purest Benigns"
"H1_4_TAGGTCGCCGGAACTG.1","Purest Benigns"
"H2_1_ACTATCCAGGGCATGG.1","Purest Benigns"
"H2_1_AGCTCTTCGTAACCTT.1","Purest Benigns"
"H2_1_GGTTTAGCCTTTCTTG.1","Purest Benigns"
"H2_1_CTAGATGTGAGTGTAA.1","Purest Benigns"
"V1_2_TAAAGCGTTAGGAGAA.1","Purest Benigns"
"V1_2_TCGCTTTAAACGTTTG.1","Purest Benigns"
"H2_2_ATAATTAGCTAAGTAG.1","Purest Benigns"
"H1_2_TTAAGTATTGTTATCC.1","Purest Benigns"
"H2_2_TAGCCATTTCAAAGTC.1","Purest Benigns"
"H2_2_TAAGGCATAACATCAA.1","Purest Benigns"
"V1_2_GTGGAGTCGGCGGTTG.1","Purest Benigns"
"H2_1_AAGTGCCTTGACTGTA.1","Purest Benigns"
"H2_1_TTAAGATAGGATTGAC.1","Purest Benigns"
"H2_1_GCGCAAGAGCGCGCTG.1","Purest Benigns"
"V1_2_GATGCTGTATTTCATC.1","Purest Benigns"
"H2_1_AAATAGCTTAGACTTT.1","Purest Benigns"
"H2_1_ACTTGTGGATGGAACG.1","Purest Benigns"
"H2_1_CGAGTTTATCGGACTG.1","Purest Benigns"
"H1_4_GGCAGCGGTAATCCTA.1","Purest Benigns"
"H2_1_GCTAGACCGTCTACTG.1","Purest Benigns"
"H2_5_ACTGTACGATACACAT.1","Purest Benigns"
"H2_5_TCAGAACCTCCACAGG.1","Purest Benigns"
"H2_1_CCATATGGAAACTATA.1","Purest Benigns"
"H2_1_CGGCCCAGGTATATCC.1","Purest Benigns"
"H2_1_ACCATATCCGCAATAA.1","Purest Benigns"
"H2_1_TAGCCATTTCAAAGTC.1","Purest Benigns"
"H2_1_TGTACGAACAAATCCG.1","Purest Benigns"
"H2_1_GACTCACCCACGTGAG.1","Purest Benigns"
"H2_1_GCCTCATCTGGAAATA.1","Purest Benigns"
"H2_1_TAGACTACCTAGCGTT.1","Purest Benigns"
"H2_1_TGGGCAATAGTTGGGT.1","Purest Benigns"
"H2_1_GCCGATTGGCCAAGCT.1","Purest Benigns"
"H1_4_AGTCTAAAGTATACTC.1","Purest Benigns"
"H1_4_CCCAACCACACTAACA.1","Purest Benigns"
"H2_1_GGGTTTAGGATAGGAT.1","Purest Benigns"
"H1_4_AAACAGAGCGACTCCT.1","Purest Benigns"
"H2_1_CACCTTGGCGCCTTTG.1","Purest Benigns"
"H1_4_CGGCAATAAGATCGCC.1","Purest Benigns"
"H1_4_GGTTCGATGCTGAGTT.1","Purest Benigns"
"H1_4_TGCACAGTGAAGTTAT.1","Purest Benigns"
"H2_1_CTAGGTCTGAAGGAAT.1","Purest Benigns"
"H1_4_GAAACCATGGTGCGCT.1","Purest Benigns"
"H1_4_ACGCATAAATGACATG.1","Purest Benigns"
"H1_4_TCAAGAAATACTAGCT.1","Purest Benigns"
"H2_1_CCTGAACGATATATTC.1","Purest Benigns"
"H1_4_CCACGGTGCCCGGTAG.1","Purest Benigns"
"H1_4_GGAGGCGAAGAACCGC.1","Purest Benigns"
"H2_1_CATGACTTCGCTGAAT.1","Purest Benigns"
"H1_4_ATAGAGTTATCAACTT.1","Purest Benigns"
"H2_1_TCTTAGAGCTCCAATT.1","Purest Benigns"
"H1_4_TATGATCCGGCACGCC.1","Purest Benigns"
"H1_4_ACTGTTTAGTGTAGGC.1","Purest Benigns"
"H2_1_AATATCGAATCAATGC.1","Purest Benigns"
"H1_4_TTACGGATGGTTCGAG.1","Purest Benigns"
"H2_1_TCTGAGCAATTGACTG.1","Purest Benigns"
"H2_1_ATTGATGAGTCCTAAC.1","Purest Benigns"
"H2_1_GAAAGAACAGCGTTAT.1","Purest Benigns"
"H2_1_GCGTAAATGGCCATAA.1","Purest Benigns"
"H2_2_TAATTACGTCAGTAGA.1","Purest Benigns"
"H2_1_TTCTAACCGAAGCTTA.1","Purest Benigns"
"H2_1_ACCCGGATGACGCATC.1","Purest Benigns"
"H2_2_TGAGCTCAACTGTATA.1","Purest Benigns"
"H2_1_ATATCAACCTACAGAG.1","Purest Benigns"
"H2_1_CGCACGTGCGCTATCA.1","Purest Benigns"
"H2_1_ATGCGAGTCCCACCAC.1","Purest Benigns"
"H2_1_TCTCGAGGAGGTTCGC.1","Purest Benigns"
"H1_4_GATCGGTGGCCATAAC.1","Purest Benigns"
"V1_2_CGTGCAGACTGGGACA.1","Purest Benigns"
"H2_1_TATACACAGACGCCTT.1","Purest Benigns"
"H2_2_ACCAACGCTTATTTAT.1","Purest Benigns"
"H1_4_ACCGGTCTGAGTACGG.1","Purest Benigns"
"H2_1_ACCACCAATGTAACAA.1","Purest Benigns"
"H2_1_TACGTAAAGCGGAGTG.1","Purest Benigns"
"H2_1_ACTAGTTGCGATCGTC.1","Purest Benigns"
"H2_1_GGTCAAGACTACTTCG.1","Purest Benigns"
"H2_2_ACCAACCGCACTCCAC.1","Purest Benigns"
"H2_2_TGTGTAGTAGCACGTG.1","Purest Benigns"
"H2_1_AGCAACATATCTTATT.1","Purest Benigns"
"H2_1_GACAAACATATGCAGG.1","Purest Benigns"
"H2_2_ACCTAATCGACTTCCT.1","Purest Benigns"
"H2_5_TGAAAGGACCTGACTC.1","Purest Benigns"
"H2_2_TTGCCCTGATCACGGG.1","Purest Benigns"
"H2_5_GGGTCGTGGCAAGTGT.1","Purest Benigns"
"H2_2_GGTTAGGCTTGGAGAA.1","Purest Benigns"
"V1_2_AAAGTGTGATTTATCT.1","Purest Benigns"
"H2_5_TACTTTACTGAGCCGG.1","Purest Benigns"
"H2_2_ACTTATACTTACCCGG.1","Purest Benigns"
"H2_2_CTCGGTACCACTGCTC.1","Purest Benigns"
"V1_2_CCTATGGGTTACCGTC.1","Purest Benigns"
"H2_5_ACACCCAGCATGCAGC.1","Purest Benigns"
"H2_5_CTGGGTAGGCAGTTAA.1","Purest Benigns"
"H2_5_TCCGCGGCAGCATCTG.1","Purest Benigns"
"H2_5_TACTCTCCGAACAAAT.1","Purest Benigns"
"V1_2_CGGTGCGCGTTGGTCC.1","Purest Benigns"
"H2_5_CCGGGCGGTCTCGTCA.1","Purest Benigns"
"H2_5_GCATTCAAGGCAACGC.1","Purest Benigns"
"V1_2_CATAACGGACAGTCGT.1","Purest Benigns"
"H2_2_GAAGCTTGCTGACCGC.1","Purest Benigns"
"V1_2_CTATGTCACTAGCCCA.1","Purest Benigns"
"H2_2_TACGATGTTGATCATC.1","Purest Benigns"
"H2_5_GGAAAGTGCCCATGCC.1","Purest Benigns"
"H2_5_TTCTGCGGGTTAGCGG.1","Purest Benigns"
"H2_2_CCGATTCGAGGGACCC.1","Purest Benigns"
"H2_5_TCTGTGCCATCATAGT.1","Purest Benigns"
"H2_5_GATTCCCTTGTCGCAG.1","Purest Benigns"
"H2_5_GTGTGAATAACTTAGG.1","Purest Benigns"
"H2_2_ATATACGCTCGTGACG.1","Purest Benigns"
"H2_5_CACCTTGCGAAACTCG.1","Purest Benigns"
"H2_5_AGGACAGTCGAATCCC.1","Purest Benigns"
"H1_2_TTGCTGATCATGTTCG.1","Purest Benigns"
"H2_5_ACTCTCTGACTTAGGT.1","Purest Benigns"
"H2_1_TGGTAGAATATATGGG.1","Purest Benigns"
"H2_2_ATCCAGAGCAACAACC.1","Purest Benigns"
"H2_2_GGCTATTAAGTTGTAT.1","Purest Benigns"
"H2_5_CTATTTGGTTACGGAT.1","Purest Benigns"
"H2_5_GTGCCCGTTCGGATTC.1","Purest Benigns"
"H2_2_GTCTATCTGAGTTTCT.1","Purest Benigns"
"V1_2_CCTAGGCGTAGCGATC.1","Purest Benigns"
"H2_5_AAACTCGTGATATAAG.1","Purest Benigns"
"V1_2_TTGATTAGCTGTTTCT.1","Purest Benigns"
"V1_2_ATAGGCGGCTATAGAA.1","Purest Benigns"
"V1_2_TTGACATGAACGTGGA.1","Purest Benigns"
"H2_2_TCAGGTTCTTTGAGAA.1","Purest Benigns"
"H1_2_CGTCGTCCTTCGCGAA.1","Purest Benigns"
"H2_2_GTTGAACCGGTTCCAT.1","Purest Benigns"
"V1_2_TCGCTAAACCGCTATC.1","Purest Benigns"
"H2_2_AATTGCAGCAATCGAC.1","Purest Benigns"
"H2_2_CAAACGGTCGCACTTT.1","Purest Benigns"
"H2_5_CCATTAGCGATAATCC.1","Purest Benigns"
"H1_2_CAAGAGGGCGGAGTAC.1","Purest Benigns"
"H2_5_CCAAGCGTAACTCGTA.1","Purest Benigns"
"H1_2_TACCAAATAGCCCAGA.1","Purest Benigns"
"H2_2_GTCATGCGCGAGGGCT.1","Purest Benigns"
"H2_2_TACTTGTTAGTAGTCC.1","Purest Benigns"
"H2_2_GTGCCCGTTCGGATTC.1","Purest Benigns"
"H2_5_AGTGAGACTTCCAGTA.1","Purest Benigns"
"H2_2_ACAAGGACAAGAGGTT.1","Purest Benigns"
"H2_5_GGGCCGGCCGAAGTAC.1","Purest Benigns"
"H2_2_ACCATCGTATATGGTA.1","Purest Benigns"
"H2_5_CCGTAAGTTGGTCCCA.1","Purest Benigns"
"H2_2_TGTAGTGATCTATAAT.1","Purest Benigns"
"V1_2_AGTACGGGCACCTGGC.1","Purest Benigns"
"H2_2_TAAAGCGGTATTTCCA.1","Purest Benigns"
"H2_2_TCCACAATGGTTTACG.1","Purest Benigns"
"H2_2_CATACAAAGCCGAACC.1","Purest Benigns"
"V1_2_CGCTGGTGACTACCCT.1","Purest Benigns"
"H1_2_TTGCTCCCATACCGGA.1","Purest Benigns"
"H1_2_TTGTTCAGTGTGCTAC.1","Purest Benigns"
"H2_2_TTATGACAAACTGGAT.1","Purest Benigns"
"H2_2_ACTGTATACGCGAGCA.1","Purest Benigns"
"H2_2_GTAGACACGCCTGACT.1","Purest Benigns"
"H2_2_GGAACCGTGTAAATTG.1","Purest Benigns"
"H1_2_ACCCTCCCTTGCTATT.1","Purest Benigns"
"H2_2_AGTATAATACTAGGCA.1","Purest Benigns"
"H2_2_CCTCCGACAATTCAAG.1","Purest Benigns"
"H2_2_ATTCCCACATAAACAA.1","Purest Benigns"
"H2_2_GTACTCCCTTATCGCT.1","Purest Benigns"
"H2_5_TATGTCAAGACCGACT.1","Purest Benigns"
"H2_2_TCCCTGGCTCGCTGGA.1","Purest Benigns"
"H1_2_ATACAGGCCCTCCAAT.1","Purest Benigns"
"H2_5_CTTGTTGCTGAGTCAA.1","Purest Benigns"
"H2_5_AGTGATTCAAGCAGGA.1","Purest Benigns"
"H2_5_TTGAATATGGACTTTC.1","Purest Benigns"
"H2_5_AATTGAACGCTCTGGT.1","Purest Benigns"
"H2_2_CGGAGCAATTTAATCG.1","Purest Benigns"
"H2_2_TGCCGTGGATCGTCCT.1","Purest Benigns"
"H2_2_GGTCTCCGTCCAGGTT.1","Purest Benigns"
"H2_2_AGATATAATACGACTA.1","Purest Benigns"
"H2_2_TGTTCCGCTTCCATGA.1","Purest Benigns"
"H2_2_CACGCAGCGAGGCTTT.1","Purest Benigns"
"H2_2_GCCGAAATTCCTACGT.1","Purest Benigns"
"V1_2_CTCTATTTGGCTGCAG.1","Purest Benigns"
"H2_2_GACGCTTGCTTCTAAA.1","Purest Benigns"
"H2_2_GGCGAAATCTAACTTG.1","Purest Benigns"
"V1_2_ACGAGTACGGATGCCC.1","Purest Benigns"
"H2_5_CGGTTCAAGTAGGTGT.1","Purest Benigns"
"H2_5_AACGATATGTCAACTG.1","Purest Benigns"
"H2_5_TTACTCCGGCCGGGAA.1","Purest Benigns"
"H2_2_AGGCGATAACTGGCGT.1","Purest Benigns"
"H1_2_CTATGCCCGAATGCAA.1","Purest Benigns"
"H2_2_CATTTGAGTGGTACGT.1","Purest Benigns"
"H2_2_TCAAATTTGAGACTCA.1","Purest Benigns"
"V1_2_AAGATTGGCGGAACGT.1","Purest Benigns"
"H2_5_AAGCTCGTGCCAAGTC.1","Purest Benigns"
"H2_5_TTAGCTAATACGATCT.1","Purest Benigns"
"H2_5_CATATACTACTGATAA.1","Purest Benigns"
"H2_5_CAGTTCAAATTGACAC.1","Purest Benigns"
"V1_2_AAAGGGATGTAGCAAG.1","Purest Benigns"
"V1_2_CTGTCAAATGGCTCGG.1","Purest Benigns"
"H2_5_TACGAACACGACTTCA.1","Purest Benigns"
"H2_2_ACACTGATCAAGGTGT.1","Purest Benigns"
"V1_2_CAAGCACCAAATGCCT.1","Purest Benigns"
"H2_1_ATCGCCAGTCAACATT.1","Purest Benigns"
"H2_5_TCGTAAGCTCCGAGGA.1","Purest Benigns"
"H2_5_ACCAAACACCCAGCGA.1","Purest Benigns"
"H2_5_GACACTGAGTTCAGTG.1","Purest Benigns"
"H2_5_GCCAACCATTTCCGGA.1","Purest Benigns"
"H2_2_AGGACGACCCATTAGA.1","Purest Benigns"
"H2_5_GGATCATCCCGTACGC.1","Purest Benigns"
"H2_5_GGGCTGCCTAGGGCGA.1","Purest Benigns"
"H2_1_TCGGCGAACCCAAACC.1","Purest Benigns"
"H1_2_TCGGAGAGTATCGGGA.1","Purest Benigns"
"H1_4_TGATTATGGCACGCAG.1","Purest Benigns"
"H2_5_ATCTGCACCTCTGCGA.1","Purest Benigns"
"V1_2_GCCCGTAATACCTTCT.1","Purest Benigns"
"H2_2_GGAGGGTCAAGTAAGA.1","Purest Benigns"
"H2_5_GCCCGTAATACCTTCT.1","Purest Benigns"
"H2_5_GCTTGGATCGATTAGG.1","Purest Benigns"
"H2_1_CCCAGGTCTGAAGGCT.1","Purest Benigns"
"H2_1_TTGACGCTCCATGAGC.1","Purest Benigns"
"H2_5_AGATCGTGCATAAGAT.1","Purest Benigns"
"H2_2_CTGCAGAGAATCAGAG.1","Purest Benigns"
"H2_5_TTGAATTCACGTGAGG.1","Purest Benigns"
"V1_2_ACGTAGATTGCTGATG.1","Purest Benigns"
"H2_5_CCTCGGACCGGGATAG.1","Purest Benigns"
"H2_5_CGTATTAAGAGATCTA.1","Purest Benigns"
"H2_5_GCTGTTGCTACCGAAC.1","Purest Benigns"
"V1_2_GTATCTTTCATAACCA.1","Purest Benigns"
"H2_5_TTAGCTGATTTGCCGT.1","Purest Benigns"
"H2_5_ATACGTCCACTCCTGT.1","Purest Benigns"
"V1_2_TGCCCGTACCGTTAAA.1","Purest Benigns"
"H2_1_GACACTGGAACCCGAT.1","Purest Benigns"
"H2_5_CCGTGTTAAATTCCAT.1","Purest Benigns"
"H2_1_CCCGAGTTTCTCCGTA.1","Purest Benigns"
"V1_2_TACGACTGCCTCTTAG.1","Purest Benigns"
"V1_2_TGCATGGATCGGATCT.1","Purest Benigns"
"H2_5_CAGAGCATGAGCTTGC.1","Purest Benigns"
"V1_2_GGATGTCCTTACCGCA.1","Purest Benigns"
"H2_5_TTGAAGAATTCCCAGG.1","Purest Benigns"
"V1_2_CTCTCACAATCGATGA.1","Purest Benigns"
"H2_5_TCGTAAGACGACATTG.1","Purest Benigns"
"V1_2_TCGTAAGCTCCGAGGA.1","Purest Benigns"
"H2_5_GGTTTACAATCTCAAT.1","Purest Benigns"
"V1_2_TTATATTTGGCAATCC.1","Purest Benigns"
"H2_2_TGTCCTAAGTCACCGC.1","Purest Benigns"
"V1_2_GTCTTAGTACAGCCGG.1","Purest Benigns"
"H1_2_CTAGATTTACGACGGC.1","Purest Benigns"
"H1_2_TCCGCCTGTCTACAAG.1","Purest Benigns"
"H2_2_ATACCACGGGCAACTT.1","Purest Benigns"
"V1_2_AATTGAACGCTCTGGT.1","Purest Benigns"
"V1_2_ACTTATACTTACCCGG.1","Purest Benigns"
"H1_2_AAACATTTCCCGGATT.1","Purest Benigns"
"V1_2_ACCCGGATGACGCATC.1","Purest Benigns"
"H2_5_AATCTATGCCGGAGCC.1","Purest Benigns"
"V1_2_ATGGTCGCGTGGTTTC.1","Purest Benigns"
"V1_2_CCAGTCTAGACGGCGC.1","Purest Benigns"
"H2_2_ACGACCCATGAGTTGC.1","Purest Benigns"
"H2_5_CGCCATCCGATTATGA.1","Purest Benigns"
"V1_2_GATTCGACGGTTCACG.1","Purest Benigns"
"H2_2_TAACGCTTTGAGAGCG.1","Purest Benigns"
"V1_2_AAATGATTCGATCAGC.1","Purest Benigns"
"V1_2_GTTGAACCGGTTCCAT.1","Purest Benigns"
"V1_2_TTACTCTGGTACGTAC.1","Purest Benigns"
"V1_2_ATAAGTTACCGCGACG.1","Purest Benigns"
"V1_2_TTGTTTCCATACAACT.1","Purest Benigns"
"V1_2_CGAGTACTAAAGAGGA.1","Purest Benigns"
"V1_2_TAGTCCGCAGAGAATG.1","Purest Benigns"
"V1_2_GCAACCACGGCCGCGT.1","Purest Benigns"
"V1_2_TCTAGCAATCTCCGCC.1","Purest Benigns"
"V1_2_TTGAGAGTACTGCTAA.1","Purest Benigns"
"H2_2_CTGGCGCACAGGTCTG.1","Purest Benigns"
"V1_2_CATAGTCCACAAGAAC.1","Purest Benigns"
"V1_2_CACCCGGTTTGTGACT.1","Purest Benigns"
"H1_2_AACGCTGTTGCTGAAA.1","Purest Benigns"
"V1_2_AGTGACCTACTTTACG.1","Purest Benigns"
"H2_2_CCACCAACTTTACTGT.1","Purest Benigns"
"V1_2_GTATTCTGAGAAACGA.1","Purest Benigns"
"H2_5_CCCAGTTAAGGCGCCG.1","Purest Benigns"
"V1_2_CTGTACTTCTTAGCAT.1","Purest Benigns"
"V1_2_GGGATGGTCGTAACCG.1","Purest Benigns"
"H2_2_TGTATGGCGCAGACAG.1","Purest Benigns"
"V1_2_CGATGGACCCTACGCC.1","Purest Benigns"
"V1_2_GACCGTGCTGACGGTG.1","Purest Benigns"
"V1_2_TCAGGGTGTAACGTAA.1","Purest Benigns"
"V1_2_CCGGGCGGTCTCGTCA.1","Purest Benigns"
"V1_2_TCGTAAGACGACATTG.1","Purest Benigns"
"V1_2_TGCGGAGTAAAGGTGC.1","Purest Benigns"
"V1_2_TGCGTTTGTTGACACT.1","Purest Benigns"
"V1_2_TTCCAATCAGAGCTAG.1","Purest Benigns"
"V1_2_GATATGCGGTAGCCAA.1","Purest Benigns"
"V1_2_CCAATTACGGGTCGAG.1","Purest Benigns"
"V1_2_TTCTTGGACGATCTGC.1","Purest Benigns"
"V1_2_AGATACCGGTGTTCAC.1","Purest Benigns"
"V1_2_CATATAGGTACAGTCA.1","Purest Benigns"
"V1_2_GACAACGACCATTGAA.1","Purest Benigns"
"V1_2_GGCGCATGAATTGATG.1","Purest Benigns"
"H2_5_TGAGAGATTTACCACG.1","Purest Benigns"
"V1_2_TACGACGCTTGCTGCG.1","Purest Benigns"
"H2_5_GGGCCCGTCTTAAACA.1","Purest Benigns"
"H2_5_CGACAATTTGATCTAA.1","Purest Benigns"
"H2_5_GGCGAAATCTAACTTG.1","Purest Benigns"
"H2_1_GGTTCTACTCGTCTGA.1","Purest Benigns"
"H2_5_TCTACGGGCTCAGTTG.1","Purest Benigns"
"V1_2_GCCGATTGGCCAAGCT.1","Purest Benigns"
"V1_2_ATTTGTTCCAGGGCTC.1","Purest Benigns"
"V1_2_CGCTACGGGACATTTA.1","Purest Benigns"
"H2_5_GCTTCCGTCCCTAGAC.1","Purest Benigns"
"V1_2_AAGCTCGTGCCAAGTC.1","Purest Benigns"
"H2_1_AGTGAACAAACTTCTC.1","Purest Benigns"
"V1_2_CTCAGTCACGACAAAT.1","Purest Benigns"
"V1_2_AGTTTGGCCAGACCTA.1","Purest Benigns"
"V1_2_GGAGGGCTTGGTTGGC.1","Purest Benigns"
"H2_2_GGTTTAATTACCATCG.1","Purest Benigns"
"H1_2_TGCCCGTACCGTTAAA.1","Purest Benigns"
"H2_1_TGGCAATGGGACGGCG.1","Purest Benigns"
"H2_1_ACATCCTGGTAACTGT.1","Purest Benigns"
"V1_2_CAGTTCAAATTGACAC.1","Purest Benigns"
"H2_5_ACGGAGCGCAAATTAC.1","Purest Benigns"
"H2_5_TGACATCGAGCGGACC.1","Purest Benigns"
"H1_2_TTATAGGTAATTGTCT.1","Purest Benigns"
"H2_5_TATGGGTACGTATCGT.1","Purest Benigns"
"V1_2_TGACTATAATCCTTTC.1","Purest Benigns"
"V1_2_TTAAGATAGGATTGAC.1","Purest Benigns"
"H2_2_CAATATTCTTGACCTA.1","Purest Benigns"
"H2_5_CAATAAACCTTGGCCC.1","Purest Benigns"
"H2_1_AAGATTGGCGGAACGT.1","Purest Benigns"
"H2_2_GCACGCCTACTTAGAT.1","Purest Benigns"
"H2_2_ACACACCAGGACCAGT.1","Purest Benigns"
"H2_2_AAGGTGATAAACCAGC.1","Purest Benigns"
"H2_2_GGGATTTACCGCACCT.1","Purest Benigns"
"H2_1_GCTTGGATCGATTAGG.1","Purest Benigns"
"H1_4_ATTGATGAGTCCTAAC.1","Purest Benigns"
"H2_2_TTGACTACCATATGGT.1","Purest Benigns"
"V1_2_CACATATTAGCAGGAT.1","Purest Benigns"
"V1_2_CTACGCCATTTCCGAT.1","Purest Benigns"
"H2_5_ATTGATGAGTCCTAAC.1","Purest Benigns"
"V1_2_ACTGTCTTCTTTAGAA.1","Purest Benigns"
"H2_2_TCTTCGCGGTGAGAGG.1","Purest Benigns"
"V1_2_CTGGCGACATAAGTCC.1","Purest Benigns"
"H2_5_CGACTCAGGATGTTAT.1","Purest Benigns"
"H2_2_TAGGTGCTCGCCTAGC.1","Purest Benigns"
"V1_2_CGTGCCCTCCCGAAGA.1","Purest Benigns"
"H2_5_AAGGATGAGGGACCTC.1","Purest Benigns"
"V1_2_CTAAGGGAATGATTGG.1","Purest Benigns"
"H2_2_TACGTAAAGCGGAGTG.1","Purest Benigns"
"H2_2_GAATGCGAATCGGTTC.1","Purest Benigns"
"H2_2_CGCAAACACGAGTTAC.1","Purest Benigns"
"V1_2_ACTCAATAAAGGCACG.1","Purest Benigns"
"V1_2_AGCGTGGTATTCTACT.1","Purest Benigns"
"H2_2_CACGAAAGTTAGTCCC.1","Purest Benigns"
"H2_5_CGATGGACCCTACGCC.1","Purest Benigns"
"H2_5_TCGCTTTAAACGTTTG.1","Purest Benigns"
"H2_2_AGCCCGGTAGCCTGTA.1","Purest Benigns"
"H2_2_ATGAGGAGTGTTAATC.1","Purest Benigns"
"H2_2_ATCCAACGCAGTCATA.1","Purest Benigns"
"H2_2_CACAGTTCGCTTCCCA.1","Purest Benigns"
"H2_2_TGGGCAGGCCACCGCA.1","Purest Benigns"
"V1_2_GGGCTCATCGAACCCA.1","Purest Benigns"
"V1_2_GAGGGCGCAGCTCTGC.1","Purest Benigns"
"H2_2_TGTCCGTGGCGCCTTT.1","Purest Benigns"
"H2_5_GCATTTCCAAGGCTCC.1","Purest Benigns"
"H2_5_TGCAGGATCGGCAAAG.1","Purest Benigns"
"V1_2_CACGCACAGCGCAGCT.1","Purest Benigns"
"H2_2_TACGCCTCCATTCCGA.1","Purest Benigns"
"H2_2_CTCCTGTTCAAGGCAG.1","Purest Benigns"
"H2_5_CACAGCACCCACGGCA.1","Purest Benigns"
"H2_2_CCTGAACGATATATTC.1","Purest Benigns"
"H2_2_TAACCTAGGGAGTCCA.1","Purest Benigns"
"H2_5_TGTATAACAGATCCTG.1","Purest Benigns"
"H2_2_AGCCAAGCTTTGTGTC.1","Purest Benigns"
"H2_2_TGTAGCCATCCCATTC.1","Purest Benigns"
"H2_5_CACACGCGCTGTCTTA.1","Purest Benigns"
"V1_2_TGAATGTCAGCCGGCC.1","Purest Benigns"
"H2_5_GGCTCGCGTTGAGGTA.1","Purest Benigns"
"V1_2_TTGGGACACTGCCCGC.1","Purest Benigns"
"H2_2_AGTTTGCACCTGCCTC.1","Purest Benigns"
"H2_2_ACAAAGCATGACCTAG.1","Purest Benigns"
"H2_5_TCCACTTTATCTAGGT.1","Purest Benigns"
"H2_2_CATGAGATGCACTCTC.1","Purest Benigns"
"V1_2_GTGGTTTCCGCCTTTC.1","Purest Benigns"
"V1_2_GTCATGCACCTCCGTT.1","Purest Benigns"
"V1_2_TGTTGTCAAGAAGTCT.1","Purest Benigns"
"H1_4_CTTCCTGCATATTTAC.1","Purest Benigns"
"H2_1_TGCTCCACAGTTCTTA.1","Purest Benigns"
"V1_2_CTTGCCCAGGCTCTAC.1","Purest Benigns"
"V1_2_TCGGAGTACATGAGTA.1","Purest Benigns"
"H2_2_TCGCATAAAGGGCGCA.1","Purest Benigns"
"V1_2_TTGACCATGTTCTCCG.1","Purest Benigns"
"H2_2_GCCACAATTTAAGGAC.1","Purest Benigns"
"H2_2_ACTGAATGGCGAAAGT.1","Purest Benigns"
"H2_2_ATGACTATCAGCTGTG.1","Purest Benigns"
"H1_2_CCGACAATAGGCCGCC.1","Purest Benigns"
"H2_5_CTACCCTAAGGTCATA.1","Purest Benigns"
"H2_2_GGCCGAGACTCTGGTG.1","Purest Benigns"
"H2_5_CTTACACGGTATTCCA.1","Purest Benigns"
"H2_5_AATGCAACCGGGTACC.1","Purest Benigns"
"H2_5_CTTTAACTTTCAAAGG.1","Purest Benigns"
"H2_2_CTAATTCGCACGCGCT.1","Purest Benigns"
"V1_2_AGTACATCATTTATCA.1","Purest Benigns"
"H2_2_TACCTCAGTTGTCTGT.1","Purest Benigns"
"H2_2_ACCCGGAGCACCACAA.1","Purest Benigns"
"H2_2_CGACAATTTGATCTAA.1","Purest Benigns"
"V1_2_AACCGAGCTTGGTCAT.1","Purest Benigns"
"V1_2_GATAACTCGCACTGTG.1","Purest Benigns"
"H1_2_TGATGTCAATTAAGTG.1","Purest Benigns"
"H2_2_GAATTTCTCGCTGCAG.1","Purest Benigns"
"H1_2_GAAGCCACTGATTATG.1","Purest Benigns"
"H2_2_TAACTATCGAAGGTCC.1","Purest Benigns"
"H2_2_TTGATTATGCAGATGA.1","Purest Benigns"
"H2_2_CCGCGGGTACGAAGAA.1","Purest Benigns"
"H2_2_GCCTCATCTGGAAATA.1","Purest Benigns"
"H2_2_CACCCGGTTTGTGACT.1","Purest Benigns"
"H1_2_GGGAAGGGCTTTCTCA.1","Purest Benigns"
"H1_2_TGAATACCGACGCGTA.1","Purest Benigns"
"H1_2_CGTGCAGACTGGGACA.1","Purest Benigns"
"H2_5_CTCGGTACCACTGCTC.1","Purest Benigns"
"H2_2_TCAAGGTTACTACACC.1","Purest Benigns"
"H1_2_TGCGTTTGTTGACACT.1","Purest Benigns"
"H2_5_TCTGCCAGAAACTGCA.1","Purest Benigns"
"H2_5_GAGTGTGCGGTACCCA.1","Purest Benigns"
"H2_5_TTAGTTATTCGTGGCA.1","Purest Benigns"
"H2_5_GCGAAACTTAACTGGA.1","Purest Benigns"
"H2_5_TCCCGTCAGTCCCGCA.1","Purest Benigns"
"H1_2_ACCGCAATAACTGCCT.1","Purest Benigns"
"H2_5_CCTCTAATCTGCCAAG.1","Purest Benigns"
"H1_2_TTCAGCCCTGGTCCAC.1","Purest Benigns"
"H1_2_ATGTACGATGACGTCG.1","Purest Benigns"
"H1_2_GGGAAGACGGTCTGTC.1","Purest Benigns"
"H1_2_TGCCTAATTGAAGATT.1","Purest Benigns"
"H2_5_CTGGTAACACATAGAA.1","Purest Benigns"
"H2_5_TGCAGTTTCCTCCCAT.1","Purest Benigns"
"H2_2_GTAAGTAGGGTATACC.1","Purest Benigns"
"H2_2_TCCCGGGTGTGCTGCT.1","Purest Benigns"
"H2_5_TCCTACATCCACGGCC.1","Purest Benigns"
"H2_5_TGGGCCCATACTAATT.1","Purest Benigns"
"H1_4_AAGTTCAGTCTGCGTA.1","Purest Benigns"
"H2_1_CAGCTCGACAAGTTAA.1","Purest Benigns"
"H1_2_GATTAACCGAAAGCCC.1","Purest Benigns"
"H2_1_GAATAGACGCGACCCA.1","Purest Benigns"
"H2_2_AGAGCCGCCGAGATTT.1","Purest Benigns"
"V1_2_CTGGGATAAATAATGG.1","Purest Benigns"
"V1_2_TATTACCATCCTGCTT.1","Purest Benigns"
"H2_2_TCTCTCGCCGCACATA.1","Purest Benigns"
"H2_5_ATACGGGTTTCGATTG.1","Purest Benigns"
"V1_2_GTGTTACTATGCGTCC.1","Purest Benigns"
"H2_2_ACATCCCGGCCATACG.1","Purest Benigns"
"H2_2_AGATACCGGTGTTCAC.1","Purest Benigns"
"H2_2_AGGCCACCCGTTATGA.1","Purest Benigns"
"H2_1_TAGGTCGCCGGAACTG.1","Purest Benigns"
"H2_5_TTAGCTCTGTAATCCG.1","Purest Benigns"
"H1_2_GCTCAATGTAATACCG.1","Purest Benigns"
"H1_2_GTTGTTGCAAGATGGC.1","Purest Benigns"
"H1_4_ATTGACGTAACTCGGT.1","Purest Benigns"
"H2_5_CAAGATATTATAACGT.1","Purest Benigns"
"H1_4_CATGCGACCAGTTTAA.1","Purest Benigns"
"H2_5_CATCTATCCCGTGTCT.1","Purest Benigns"
"H2_5_CTGTCAAATGGCTCGG.1","Purest Benigns"
"H2_5_TGCAAGAATGACGTAA.1","Purest Benigns"
"H1_2_CTGCACAACTACATAT.1","Purest Benigns"
"H2_5_CTATAAGAGCCAATCG.1","Purest Benigns"
"H2_1_TAGACGCCCGTACCGG.1","Purest Benigns"
"H2_2_ACAGGTGGAGGTGAGG.1","Purest Benigns"
"H2_1_GGACACAAGTTTACAC.1","Purest Benigns"
"H2_5_TGGTTCGTAGCAAAGG.1","Purest Benigns"
"H2_2_GTTACAATTGGTGACG.1","Purest Benigns"
"H2_5_ATTAATACTACGCGGG.1","Purest Benigns"
"H2_5_TCCCGTGTGCAATTTG.1","Purest Benigns"
"H2_5_ATTCAGGACCTATTTC.1","Purest Benigns"
"H2_5_CTCCTTTACGCAAGTC.1","Purest Benigns"
"H2_5_TGTAGGAGAAATTTCC.1","Purest Benigns"
"V1_2_GCTTTCAGAGGAGGTG.1","Purest Benigns"
"H1_2_CATGTAAGAGACATTT.1","Purest Benigns"
"H2_5_CAAGGTCCTATAGGCT.1","Purest Benigns"
"H1_2_GGGTACTTCATGAACT.1","Purest Benigns"
"H1_2_CAGAACTTAGCCCTCT.1","Purest Benigns"
"H1_2_CCGCATGTGGTACGAT.1","Purest Benigns"
"H2_5_AACGCGGTCTCCAGCC.1","Purest Benigns"
"H2_2_CAGCTTAGTAGGTAGC.1","Purest Benigns"
"H2_5_GGATGAAGATCGCTGA.1","Purest Benigns"
"H2_5_CTTAGCCTTCCACATG.1","Purest Benigns"
"V1_2_GTGAAGATTTCAAGTG.1","Purest Benigns"
"H1_2_CCTCGGACCGGGATAG.1","Purest Benigns"
"H1_2_GCGAAGAATCTGACGG.1","Purest Benigns"
"V1_2_TAGCCATTTCAAAGTC.1","Purest Benigns"
"H2_5_ACGATCATCTTGTAAA.1","Purest Benigns"
"V1_2_CATGGTCTAGATACCG.1","Purest Benigns"
"H2_5_CCAATGTCACAGCAAG.1","Purest Benigns"
"H2_1_CGACAATTTGATCTAA.1","Purest Benigns"
"H2_2_TAGCAACCTGTCACAA.1","Purest Benigns"
"V1_2_GCTTCCGTCCCTAGAC.1","Purest Benigns"
"H2_2_CCGGAATGGTTTCAGT.1","Purest Benigns"
"V1_2_GCTGAGGCGTGAGTAT.1","Purest Benigns"
"H2_2_TCCTCGGGCTGGGCTT.1","Purest Benigns"
"H2_5_GAAACCATGGTGCGCT.1","Purest Benigns"
"H2_2_CTTAGTGTAGTAGCAT.1","Purest Benigns"
"H1_2_ACGATCATACATAGAG.1","Purest Benigns"
"H1_2_GTTTCTAGAGGCGCGG.1","Purest Benigns"
"H2_2_GTCCCGCGACGTTATG.1","Purest Benigns"
"H1_2_TCCTTGTCCTTTAATT.1","Purest Benigns"
"H2_2_CTTCTATTAATGCTAG.1","Purest Benigns"
"V1_2_TATGCTCCCTACTTAC.1","Purest Benigns"
"V1_2_ACCGATGGTAGCATCG.1","Purest Benigns"
"H1_2_AAAGTTGACTCCCGTA.1","Purest Benigns"
"V1_2_CATGATGGAAGTTAGC.1","Purest Benigns"
"H1_2_ACTTATTTATGTGCCA.1","Purest Benigns"
"H1_2_CTAGGCGCCCTATCAG.1","Purest Benigns"
"V1_2_AGTCGACGGTCTCAAG.1","Purest Benigns"
"V1_2_GTGACTTCAGTAGTGC.1","Purest Benigns"
"V1_2_CTTGTGCTCACCGATT.1","Purest Benigns"
"V1_2_GAATGTGGTCCGGATT.1","Purest Benigns"
"V1_2_CGCGGTCACAAACCAA.1","Purest Benigns"
"V1_2_GGTCTCTGAATGGACT.1","Purest Benigns"
"H2_5_GGATCCGGAATATACT.1","Purest Benigns"
"H2_5_TAGCCGGCGGTCAGCG.1","Purest Benigns"
"V1_2_AGCGCGGGTGCCAATG.1","Purest Benigns"
"H2_2_CCTCTGTACTATTCTA.1","Purest Benigns"
"H2_5_TTGATTAGCTGTTTCT.1","Purest Benigns"
"V1_2_GTGAGGACACTTAAGG.1","Purest Benigns"
"H2_5_ACGTATTACTCCGATC.1","Purest Benigns"
"H2_5_GGGAGTTAATGAGGCG.1","Purest Benigns"
"V1_2_ATGCATGATCCAGGAT.1","Purest Benigns"
"H2_5_AATTAAAGGTCGGCGT.1","Purest Benigns"
"H1_2_CGGCCCAGGTATATCC.1","Purest Benigns"
"H2_5_GCTTAATGTAACTAAC.1","Purest Benigns"
"H1_2_TTGCCGCTTTCTAGTA.1","Purest Benigns"
"V1_2_GCGGTGAACTGCGCTC.1","Purest Benigns"
"H1_2_GAGATGGCTTTAATCA.1","Purest Benigns"
"H1_2_ACTCCGGCCGACCACT.1","Purest Benigns"
"H1_2_TCCACATCGTATATTG.1","Purest Benigns"
"H2_5_GATAACTCGCACTGTG.1","Purest Benigns"
"H1_2_TTCAATACTCTGAATC.1","Purest Benigns"
"H2_5_CCATTCCCTGCCCACA.1","Purest Benigns"
"H1_2_GTTTGGGTTTCGCCCG.1","Purest Benigns"
"H2_5_TGCCACCTGGCGAAAC.1","Purest Benigns"
"H2_5_CACGTTCGTGCTCTAG.1","Purest Benigns"
"V1_2_CAGTACATTCTCTAAA.1","Purest Benigns"
"H2_5_AAGAGGATGTACGCGA.1","Purest Benigns"
"H2_5_CCGCGTAGGTAAGGGC.1","Purest Benigns"
"H2_5_GGTGATAAGGAGCAGT.1","Purest Benigns"
"H2_5_TAATTGGAATCGGGAA.1","Purest Benigns"
"H2_5_TCTTCGATACCAATAA.1","Purest Benigns"
"H2_5_TTATCTGTATCATAAC.1","Purest Benigns"
"H2_2_ATCTGACATGGAAGGA.1","Purest Benigns"
"H2_2_GATCTGCTATCTAAGG.1","Purest Benigns"
"H2_2_TCAGCCAATCCGTAAA.1","Purest Benigns"
"H2_5_GATGTTCAATCCACGA.1","Purest Benigns"
"H2_5_TTGGGCGGCGGTTGCC.1","Purest Benigns"
"H2_2_TTGGACATGTGGCTTA.1","Purest Benigns"
"H1_2_TCATCGACGACCGTCG.1","Purest Benigns"
"H2_5_GTTTCATATCGTCGCT.1","Purest Benigns"
"H2_5_AAACGAGACGGTTGAT.1","Purest Benigns"
"H2_5_AGCTCTTTACTCAGTT.1","Purest Benigns"
"H2_5_TCTATCGGTCGCAACA.1","Purest Benigns"
"H2_5_ACATCGTATGCAATGG.1","Purest Benigns"
"H2_5_GTCATGGACATGACTA.1","Purest Benigns"
"H2_5_GCGAGGCCCGAGCAGA.1","Purest Benigns"
"H2_5_TCTTGGTAACACCAAA.1","Purest Benigns"
"H1_2_CCTATGGTCAAAGCTG.1","Purest Benigns"
"H2_5_CTCATGGTAATTTGCG.1","Purest Benigns"
"H2_5_GTACTCCTGGGTATGC.1","Purest Benigns"
"H2_5_GTGCGAAATCGAACAC.1","Purest Benigns"
"V1_2_GGAGACGACACCTTTG.1","Purest Benigns"
"H2_5_CATGCGACCAGTTTAA.1","Purest Benigns"
"H2_5_GACGGTCAATAGAAGC.1","Purest Benigns"
"H1_2_GCCTCTATACATAGCA.1","Purest Benigns"
"H2_5_ATCACTTCATCCTCGC.1","Purest Benigns"
"H2_5_AAGAGGCATGGATCGC.1","Purest Benigns"
"H2_5_TGAGCTTTAATGACGC.1","Purest Benigns"
"H2_2_TACCGTAGGTTAACTA.1","Purest Benigns"
"H2_1_GAGGCCTGTTGATACA.1","Purest Benigns"
"H2_2_TTCGACAGAGCCCGTG.1","Purest Benigns"
"H2_1_AACCCGAGCAGAATCG.1","Purest Benigns"
"H1_4_ATGTTTGTAAGATCAT.1","Purest Benigns"
"H2_2_CTATCGCGTAGAGAAC.1","Purest Benigns"
"H2_5_TATTCAATTCTAATCC.1","Purest Benigns"
"H2_5_CGGGTGTACCCATTTA.1","Purest Benigns"
"V1_2_CCAATGTCACAGCAAG.1","Purest Benigns"
"V1_2_GGAACCGTGTAAATTG.1","Purest Benigns"
"H2_2_GTGCGAAATCGAACAC.1","Purest Benigns"
"V1_2_TCCCTAGATCAATAGG.1","Purest Benigns"
"H2_2_CGACACGCTCCGACAG.1","Purest Benigns"
"H2_5_CGAGTTTATCGGACTG.1","Purest Benigns"
"H2_2_AATAACAACGCTCGGC.1","Purest Benigns"
"H2_5_AGAACGTGGTACATTC.1","Purest Benigns"
"H1_2_TCCTAAAGATTCAGAC.1","Purest Benigns"
"H2_5_TTGGGTTTATTCAGCG.1","Purest Benigns"
"H2_2_AGGTAGGTACAAAGCT.1","Purest Benigns"
"H1_2_ATTCACTGATGTTGGA.1","Purest Benigns"
"H2_5_GCGTGGTACTGGGTTA.1","Purest Benigns"
"H2_5_CGAAACGCAATTCATG.1","Purest Benigns"
"H2_5_TAAAGCTGCAATAGGG.1","Purest Benigns"
"H1_2_CAATGCGAGAAGTATC.1","Purest Benigns"
"H2_5_GTTAGCCGTAAATCAA.1","Purest Benigns"
"H2_5_ACCTAATCGACTTCCT.1","Purest Benigns"
"H2_5_ATAAGTAGGATTCAGA.1","Purest Benigns"
"H2_5_TCCCACTCTCTTCCGG.1","Purest Benigns"
"H2_5_AGTGCTTGCACGAATA.1","Purest Benigns"
"H2_5_CGATCTGTTGGAGGAC.1","Purest Benigns"
"V1_2_TCCCAAAGACGAAGGA.1","Purest Benigns"
"H2_5_ACCGATGGTAGCATCG.1","Purest Benigns"
"H2_2_GCAAACCTTGGCCATA.1","Purest Benigns"
"H1_2_CCAAGGTTGCCCTTTC.1","Purest Benigns"
"H1_2_TGTAGTGATCTATAAT.1","Purest Benigns"
"H1_2_TACGATGTTGATCATC.1","Purest Benigns"
"H1_2_AAGTAGTGACGCGAGG.1","Purest Benigns"
"H1_2_ACCTAATCGACTTCCT.1","Purest Benigns"
"H1_2_TCCGATTACATTGCCG.1","Purest Benigns"
"H1_2_AGGTAGGTACAAAGCT.1","Purest Benigns"
"H1_2_ATACCACGGGCAACTT.1","Purest Benigns"
"H1_2_GCGCGTCATTGGTACA.1","Purest Benigns"
"H1_2_ATACTGCCTTACACCG.1","Purest Benigns"
"H1_2_GGCGCGGAGATCTTTC.1","Purest Benigns"
"H1_2_AAGTTCACTCCAAGCT.1","Purest Benigns"
"H1_2_ATCAGCCTCATGCTGC.1","Purest Benigns"
"H1_2_GCAGTGTGGCTATAGG.1","Purest Benigns"
"H1_2_GCGCTTAAATAATTGG.1","Purest Benigns"
"H1_2_TACAGAAACGGTGGGC.1","Purest Benigns"
"V1_2_CACGGCGCGCCAAAGG.1","Purest Benigns"
"H2_5_ATTACGCGCTGGCAGG.1","Purest Benigns"
"H2_5_CCGGGTTCGAGGTTAC.1","Purest Benigns"
"H1_2_TCCTGCGTTGATACTC.1","Purest Benigns"
"H2_2_TCCTCCTAAGACATTC.1","Purest Benigns"
"H2_5_TAGCCATTTCAAAGTC.1","Purest Benigns"
"H1_2_CTACGACTAGCTATAA.1","Purest Benigns"
"H1_2_CGAGAGGGTAGCCGCG.1","Purest Benigns"
"H1_2_GACCGTGCTGACGGTG.1","Purest Benigns"
"H1_2_TACGCAGTTCTTTCCT.1","Purest Benigns"
"V1_2_CGAGAGATGTGAACCT.1","Purest Benigns"
"V1_2_TGTTCCGCTTCCATGA.1","Purest Benigns"
"V1_2_GAGATCTGCTTGGCAT.1","Purest Benigns"
"V1_2_TAAGTAACATCTTGAC.1","Purest Benigns"
"H2_2_GACTGCAAATCGAGCT.1","Purest Benigns"
"V1_2_TGTATAACAGATCCTG.1","Purest Benigns"
"V1_2_ATAGGGATATCCTTGA.1","Purest Benigns"
"V1_2_CCAGATAGTTGAGTGA.1","Purest Benigns"
"H2_5_GCGAGAGTTGCGTCCA.1","Purest Benigns"
"V1_2_GTCTGGGCGGTCGAGA.1","Purest Benigns"
"H2_5_TCACAGGTTATTGGGC.1","Purest Benigns"
"V1_2_ATAGACGAAGAGAAAG.1","Purest Benigns"
"H2_2_AGAAGTGATTCGTGAT.1","Purest Benigns"
"H1_2_GGTTTGTGACCTGAGG.1","Purest Benigns"
"V1_2_TGCAGAGTACCGAGCA.1","Purest Benigns"
"H1_2_ATCTACCATCTGCTCC.1","Purest Benigns"
"H1_2_TAGAAGAAGGGTTACA.1","Purest Benigns"
"H1_2_AGATACCAATAGAACC.1","Purest Benigns"
"V1_2_CCTTCTCAGCGTTCCT.1","Purest Benigns"
"H2_2_ATGTGAAAGCCTAATG.1","Purest Benigns"
"H2_5_TTGGAAGAATACAGTC.1","Purest Benigns"
"V1_2_GTGCCGCTTCAAAGGT.1","Purest Benigns"
"H2_5_ACAAATGGTAGTGTTT.1","Purest Benigns"
"V1_2_GTGATGCACAACATCT.1","Purest Benigns"
"H2_5_ACGCAATCACTACAGC.1","Purest Benigns"
"H2_5_CCTCACCTGAGGGAGC.1","Purest Benigns"
"H2_5_CGGTACTAGAATCAAA.1","Purest Benigns"
"H1_2_TACGAGAACTTCACGT.1","Purest Benigns"
"H2_5_TTACGGATGGTTCGAG.1","Purest Benigns"
"H2_5_ATAGTGAAGCGTTCTC.1","Purest Benigns"
"H2_5_GTTTGGCCCAAGTTAT.1","Purest Benigns"
"H2_5_GCGCTAATTGAATAGA.1","Purest Benigns"
"H2_1_TCCGTTAAGCTAATAT.1","Purest Benigns"
"H2_5_TTGATCTAACTTTGTC.1","Purest Benigns"
"H1_2_GAAAGCAGTGCACTTT.1","Purest Benigns"
"H1_2_TTGTAATCCGTACTCG.1","Purest Benigns"
"H1_2_TGTGGCAAAGCGTATG.1","Purest Benigns"
"H1_2_AGTTGACGGTCCTTGC.1","Purest Benigns"
"H2_5_CCCAATTTCACAACTT.1","Purest Benigns"
"H2_5_TGCCATTACTAAAGAA.1","Purest Benigns"
"V1_2_ACGTTAGATTTGCCCG.1","Purest Benigns"
"V1_2_GGCACTCCACTGGGCA.1","Purest Benigns"
"H2_5_ACGATCATACATAGAG.1","Purest Benigns"
"H1_2_CCGTAGGAAATCCCTG.1","Purest Benigns"
"H2_5_AAGAGCTCTTTATCGG.1","Purest Benigns"
"H2_5_TCCGATGGTGCGACAT.1","Purest Benigns"
"H2_5_TCAACCATGTTCGGGC.1","Purest Benigns"
"H2_5_TTACAACTACGCATCC.1","Purest Benigns"
"H2_2_CAACGTGGTGGAGTCT.1","Purest Benigns"
"H2_2_CAGCGATTCCCTTCAA.1","Purest Benigns"
"H2_5_AGACCGGGAAACCCTG.1","Purest Benigns"
"V1_2_CGAGGATCGGGAACGA.1","Purest Benigns"
"H1_2_CGGCTCTAAAGCTGCA.1","Purest Benigns"
"V1_2_CGTATTAAGAGATCTA.1","Purest Benigns"
"V1_2_AGACCCGCCCTCCTCG.1","Purest Benigns"
"V1_2_TCCGATAATTGCCATA.1","Purest Benigns"
"H2_2_CTCGGTTGTCGGCCCT.1","Purest Benigns"
"H2_5_CCATGCCTGTTTAGTA.1","Purest Benigns"
"V1_2_CGCGTTCATGAAATAC.1","Purest Benigns"
"V1_2_TCGGGCCGTCGTGGTA.1","Purest Benigns"
"V1_2_TGTGTTCGTATCCAAG.1","Purest Benigns"
"H2_2_CAAACGAGTATCGCAG.1","Purest Benigns"
"H2_5_TACGGGATGCTAGCAG.1","Purest Benigns"
"V1_2_TCACGTGCCCGATTCA.1","Purest Benigns"
"V1_2_AGCACCAGTACTCACG.1","Purest Benigns"
"V1_2_TATATTACAAATGTCG.1","Purest Benigns"
"H2_2_CGAATGACGCATAATG.1","Purest Benigns"
"V1_2_GACCGTCAGGTCGTGA.1","Purest Benigns"
"H2_2_CAACCTACCGAGCAGT.1","Purest Benigns"
"V1_2_GTCTCGACTAAGTTTG.1","Purest Benigns"
"H2_2_CCGCACGTGACCTCGG.1","Purest Benigns"
"V1_2_TTCCATCATGCGGTGA.1","Purest Benigns"
"V1_2_ATAATAGCTGTTGAAT.1","Purest Benigns"
"V1_2_TATGATCCGGCACGCC.1","Purest Benigns"
"H2_1_GTGGAGCGTTTACCGA.1","Purest Benigns"
"V1_2_AGGGAGACATACTTCG.1","Purest Benigns"
"V1_2_CAATTAAGGGTGATGA.1","Purest Benigns"
"H1_2_GCTCAATCCGTTTATT.1","Purest Benigns"
"V1_2_GTTTGACCAAATCCTA.1","Purest Benigns"
"H2_2_TTCCATCGACAGCGTG.1","Purest Benigns"
"V1_2_AAAGTCGACCCTCAGT.1","Purest Benigns"
"H1_2_GGCTTTCAATAAGGGT.1","Purest Benigns"
"H2_5_TCTGGGAACCTTTGAA.1","Purest Benigns"
"H2_5_TGTGTTCGTATCCAAG.1","Purest Benigns"
"H2_2_GCACTGTGCAAATGTA.1","Purest Benigns"
"H2_2_GCGAGTTCTGCAAAGA.1","Purest Benigns"
"V1_2_TCGCCGGTCGATCCGT.1","Purest Benigns"
"V1_2_CCTGTCGCCCGTAAAT.1","Purest Benigns"
"H2_2_TTAATGTAGACCAGGT.1","Purest Benigns"
"V1_2_CAAATGTCCTTCCGTG.1","Purest Benigns"
"V1_2_ATCAATCTGGGCTGCA.1","Purest Benigns"
"V1_2_GAATTATAGTGAAAGG.1","Purest Benigns"
"H2_5_CCCTGAAATGAGTTGA.1","Purest Benigns"
"H2_5_GTGGCAAACAGCGGCA.1","Purest Benigns"
"H2_5_TCCAACTTTAAATTCT.1","Purest Benigns"
"V1_2_GAGACTGATGGGTAGA.1","Purest Benigns"
"H2_5_TAGAAAGGTGGCGCTA.1","Purest Benigns"
"V1_2_TATTCGTGCCAGAATA.1","Purest Benigns"
"H2_5_TTGTAAGGCCAGTTGG.1","Purest Benigns"
"H2_5_AAACCGGGTAGGTACC.1","Purest Benigns"
"H2_5_CCTGTAAGACATGATA.1","Purest Benigns"
"H2_1_GATCGCTACCCGATTT.1","Purest Benigns"
"V1_2_GATGTTCAATCCACGA.1","Purest Benigns"
"H2_5_TGGAATATCCTTGACC.1","Purest Benigns"
"V1_2_GAAACCGAATTACCTT.1","Purest Benigns"
"V1_2_TTGACTACCATATGGT.1","Purest Benigns"
"V1_2_AGTCTTCTCCTCAAAT.1","Purest Benigns"
"V1_2_GAAGTTTCCACTCAAT.1","Purest Benigns"
"V1_2_GCCACAATTTAAGGAC.1","Purest Benigns"
"H2_5_AGCTGAAGTAAACCAA.1","Purest Benigns"
"H2_5_GGTTAGCTATATGTCT.1","Purest Benigns"
"V1_2_GCGGTTCCCTATCATG.1","Purest Benigns"
"H2_5_AAGGCTGTGCTCATCG.1","Purest Benigns"
"H2_5_GATATGAGACACTAAC.1","Purest Benigns"
"H2_5_TGTTCTTCCATTGACT.1","Purest Benigns"
"V1_2_CCAGCCTGGACCAATA.1","Purest Benigns"
"V1_2_CAGTAGCCCACGCGGT.1","Purest Benigns"
"H2_5_CAGCAGCCCGTTCCTT.1","Purest Benigns"
"H2_5_TCCTCTCCAGTTGTCC.1","Purest Benigns"
"H2_5_TACGCCATATTCTAAT.1","Purest Benigns"
"V1_2_TGCCTGATCAAACGAT.1","Purest Benigns"
"H2_5_ATTGAAGATCTTAGTG.1","Purest Benigns"
"H2_5_TCGCTAAACCGCTATC.1","Purest Benigns"
"H2_5_AGTTCCTACAGAATTA.1","Purest Benigns"
"H2_5_GCGATTGTTAACGTTA.1","Purest Benigns"
"H2_5_GCTGTATTACTGGCCC.1","Purest Benigns"
"H2_5_TCTAGCAATCTCCGCC.1","Purest Benigns"
"H1_2_ATTATCGGAATGTACG.1","Purest Benigns"
"H2_5_GGTTTCAATCGGTCAG.1","Purest Benigns"
"H2_5_CTGACTGCGCAGCTCG.1","Purest Benigns"
"H2_2_ACCGTGACCACGTGGG.1","Purest Benigns"
"H1_4_TACGCTATAGAAACCT.1","Purest Benigns"
"H1_4_ATATCAACCTACAGAG.1","Purest Benigns"
"H1_4_AGATGATGGAGTCTGG.1","Purest Benigns"
"H1_4_TCTTAGAGCTCCAATT.1","Purest Benigns"
"H2_2_CAGGCGCACGGTGGTC.1","Purest Benigns"
"H2_2_ATTATTATGTCCGTCA.1","Purest Benigns"
"V1_2_TTACTCCGGCCGGGAA.1","Purest Benigns"
"H1_2_ATTGCTGCTCCTCCAT.1","Purest Benigns"
"H2_2_AACACGAGACGCGGCC.1","Purest Benigns"
"H2_2_TTAGGTCATAACCGAC.1","Purest Benigns"
"H2_2_GCAAGAATTCCTTGGC.1","Purest Benigns"
"H1_2_CACTACGGGAGCTGCC.1","Purest Benigns"
"H1_2_AGGACAGTCGAATCCC.1","Purest Benigns"
"H1_2_GTTGGATTGAGAACAC.1","Purest Benigns"
"H1_2_TCTGAACTCGTACCCG.1","Purest Benigns"
"H1_2_GTAGCTTCCTCTTGTT.1","Purest Benigns"
"H1_2_CCTAAATTGTATCCTA.1","Purest Benigns"
"H1_2_AAGACATACGTGGTTT.1","Purest Benigns"
"H1_2_AATGTTGTCGTGAGAC.1","Purest Benigns"
"H1_2_AGAAATTATGACTCGC.1","Purest Benigns"
"H1_2_GTTCCCGTAAACATAT.1","Purest Benigns"
"H1_2_CCCGCAGCGCGAACTA.1","Purest Benigns"
"H2_5_GGTCGGCCAGGAGCTT.1","Purest Benigns"
"V1_2_GTGAACTCCCATTCGA.1","Purest Benigns"
"V1_2_TGATGGCTGTTTCTGA.1","Purest Benigns"
"H2_2_CTGGCTGATTCATCCT.1","Purest Benigns"
"H2_5_TTAAGCGCCTGACCCA.1","Purest Benigns"
"H2_5_AAGTGACGACCGAATT.1","Purest Benigns"
"H1_4_TTCGCTATCTGACGTG.1","Purest Benigns"
"H2_5_CGCCTGGCCTACGTAA.1","Purest Benigns"
"V1_2_TATGGGTACGTATCGT.1","Purest Benigns"
"H1_2_TCAACTGCAGAGTCAG.1","Purest Benigns"
"H2_5_AGTTAAGTCAACCGCT.1","Purest Benigns"
"H2_5_TTAAGATAGGATTGAC.1","Purest Benigns"
"H1_2_CAACCAGTGGCCTACC.1","Purest Benigns"
"H2_5_TAGGTTCGAGTTCGTC.1","Purest Benigns"
"H1_2_CTCCGGCCTAATATGC.1","Purest Benigns"
"H2_2_CATATAGGTACAGTCA.1","Purest Benigns"
"H1_4_CCGATCTCAACCTTAT.1","Purest Benigns"
"H2_5_GTAATAAAGGGCTCCC.1","Purest Benigns"
"H2_2_TTGTGCAGCCACGTCA.1","Purest Benigns"
"H2_5_ATTTACAGTTTACTGG.1","Purest Benigns"
"H2_5_CATATGTCAGGCTACG.1","Purest Benigns"
"H2_5_CGGGCCTTCTTTGTAA.1","Purest Benigns"
"H2_5_CTCCCTCCTTTCGATC.1","Purest Benigns"
"H2_5_GTCGGATATCTCAGAC.1","Purest Benigns"
"H2_5_CGGTGAAGACTAAAGT.1","Purest Benigns"
"H2_5_TGATTTATTAGCTGTG.1","Purest Benigns"
"H2_2_GCATAGAGCACTCAGG.1","Purest Benigns"
"H2_5_TAGATTCCTGGTTATT.1","Purest Benigns"
"H1_2_AGTATTTGGCACGACC.1","Purest Benigns"
"H2_5_CGCGGCTCAACTTGAA.1","Purest Benigns"
"H2_5_TTCCGGTTACCCACTT.1","Purest Benigns"
"H2_2_CGATCTGTTGGAGGAC.1","Purest Benigns"
"H2_2_CCACGGAGCCATAAGA.1","Purest Benigns"
"H1_2_GCTCCATGCAAAGCAA.1","Purest Benigns"
"H1_2_GATCCCTTTATACTGC.1","Purest Benigns"
"V1_2_GAAACAGATGACCACC.1","Purest Benigns"
"H2_5_ACAAGCAGTGCCTAGC.1","Purest Benigns"
"H2_5_AAGACTGCAAGCTACT.1","Purest Benigns"
"H2_5_CATGGGTCGGGTGTGG.1","Purest Benigns"
"H2_5_CCTTTCAATGAAGAAA.1","Purest Benigns"
"H2_5_CGTGAAGTTAATTCAC.1","Purest Benigns"
"H2_2_TCACGTGCCCGATTCA.1","Purest Benigns"
"H1_2_CACAGCACCCACGGCA.1","Purest Benigns"
"H1_2_GCCCGATCTGTGGTCG.1","Purest Benigns"
"H2_2_ATTAGGCGATGCTTTC.1","Purest Benigns"
"H1_2_AACCGAGCTTGGTCAT.1","Purest Benigns"
"H2_2_ACTTTGTCGACGCACT.1","Purest Benigns"
"H2_2_TTGTGGTAGGAGGGAT.1","Purest Benigns"
"H1_2_CCCAGGTCTGAAGGCT.1","Purest Benigns"
"H2_5_GACAACGACCATTGAA.1","Purest Benigns"
"H2_2_CTAGTCACGTCTTAAG.1","Purest Benigns"
"H2_2_CTGAATCCGAGACCTC.1","Purest Benigns"
"H2_2_GGTACATCTGGGACGA.1","Purest Benigns"
"H1_2_CATTCGTCGTAGCGGT.1","Purest Benigns"
"H1_2_GGCCCAGCTGGTTTGC.1","Purest Benigns"
"H1_2_CAGCCTCGATAGCGGT.1","Purest Benigns"
"H1_2_CCAGCTGATGGTACTT.1","Purest Benigns"
"H2_2_CTTCTATGTTGAAGTA.1","Purest Benigns"
"H1_2_CATTATGCTTGTTGTG.1","Purest Benigns"
"H2_5_ATTTGCGCGAGTAGCT.1","Purest Benigns"
"H2_5_GAAGCTTGCTGACCGC.1","Purest Benigns"
"H2_5_ACTGAATGGCGAAAGT.1","Purest Benigns"
"H2_5_CAAACGGTCGCACTTT.1","Purest Benigns"
"H2_5_GGCTATTAAGTTGTAT.1","Purest Benigns"
"H1_2_GGCCGCAGGAACCGCA.1","Purest Benigns"
"H2_5_ATGACGCGTTCTATCC.1","Purest Benigns"
"H2_2_TGAGTGCCTCTTAAAT.1","Purest Benigns"
"V1_2_GAAACCATGGTGCGCT.1","Purest Benigns"
"H1_2_GGTGACTGATAGAGAG.1","Purest Benigns"
"H2_5_CCGCACAAAGACCAAC.1","Purest Benigns"
"H1_2_TAGCGTTGGGTCTTAC.1","Purest Benigns"
"H1_2_TTCTATTAAACGCAGC.1","Purest Benigns"
"H1_2_CGAATTCCCGGTTCAA.1","Purest Benigns"
"H1_2_CTTACTGACTCCTCTG.1","Purest Benigns"
"H2_2_CTATGTGAGTCACGGC.1","Purest Benigns"
"H1_4_ACTATCCAGGGCATGG.1","Purest Benigns"
"H1_2_ATCTTGACCTGCAACG.1","Purest Benigns"
"H1_2_GGCGCGTTCGAGTTTA.1","Purest Benigns"
"H1_2_GTCATTAGAGCGAACG.1","Purest Benigns"
"H1_2_GTGCGGGTCTCCAAAT.1","Purest Benigns"
"H2_5_AAACCTCATGAAGTTG.1","Purest Benigns"
"H2_5_GCGGAGAAACTTCGCA.1","Purest Benigns"
"H2_5_TCAAGAAATACTAGCT.1","Purest Benigns"
"H2_2_ACCTCCGCCCTCGCTG.1","Purest Benigns"
"H1_4_ACTCCCGAATTCGTTT.1","Purest Benigns"
"H2_5_GCTCTCGGGTACCGAA.1","Purest Benigns"
"H1_4_CTGTCACGCCAGGCGC.1","Purest Benigns"
"H2_2_GTGGGCTTAGACACAC.1","Purest Benigns"
"H2_5_AATATTGGAGTATTGA.1","Purest Benigns"
"H2_5_AACCAAGACTTCTCTG.1","Purest Benigns"
"H2_5_CTGGCATCCGAATGAG.1","Purest Benigns"
"H2_5_GTATGAAATTTCACTC.1","Purest Benigns"
"H1_2_GAGCGCGCACGAGTAG.1","Purest Benigns"
"H2_2_TTCCTCGGACTAACCA.1","Purest Benigns"
"V1_2_CTGACTGCGCAGCTCG.1","Purest Benigns"
"H1_2_AGAGCCGCCGAGATTT.1","Purest Benigns"
"H1_2_TCTTCTATAACCCGCC.1","Purest Benigns"
"H2_2_GGCTGAAATAGCAAAG.1","Purest Benigns"
"H2_2_TTAGACGAGTCACCTC.1","Purest Benigns"
"H2_5_TGCGAGAATATTACCC.1","Purest Benigns"
"H2_2_AGGCCCTAGAACGCCA.1","Purest Benigns"
"V1_2_TGCGTAAGAACCTGAT.1","Purest Benigns"
"H2_2_ATCACGTGCTAATTAA.1","Purest Benigns"
"H2_5_GGATTTCACTTCTATA.1","Purest Benigns"
"H2_2_AGTTAAACACTTGCGA.1","Purest Benigns"
"H2_2_CAGGCCGTTTGGGTGT.1","Purest Benigns"
"H1_2_TGTTCTTCCATTGACT.1","Purest Benigns"
"H2_5_AACGCATGATCTGGGT.1","Purest Benigns"
"H2_5_CCACGGTGCCCGGTAG.1","Purest Benigns"
"H2_5_AGGTAGGTACAAAGCT.1","Purest Benigns"
"H2_5_CTACTCTAGGCCCGGC.1","Purest Benigns"
"H2_5_CAGCTTAGTAGGTAGC.1","Purest Benigns"
"H2_5_CCGCGGGTACGAAGAA.1","Purest Benigns"
"H2_5_TACTGGACAGCTCGGC.1","Purest Benigns"
"H2_5_ACTCCCGTAGACTAGG.1","Purest Benigns"
"H2_5_CGTCAAATGGTCGCAG.1","Purest Benigns"
"H2_5_CCATGGCCCTTGTACC.1","Purest Benigns"
"H2_5_AAATGGTCAATGTGCC.1","Purest Benigns"
"H2_5_GACCGACTGAAGCGTC.1","Purest Benigns"
"H2_5_ACGAAATGGGCGGCAC.1","Purest Benigns"
"H2_2_GAGGCTATCAAAGTCG.1","Purest Benigns"
"V1_2_GTACTCCTGGGTATGC.1","Purest Benigns"
"H2_5_CCCTGCGCTACGCATA.1","Purest Benigns"
"H2_5_CTGCGGGTGAAATGTT.1","Purest Benigns"
"V1_2_CCATACCTTTACTTGT.1","Purest Benigns"
"H2_2_CTGGATTTACACTTGA.1","Purest Benigns"
"H2_2_TACATAGGCATACACC.1","Purest Benigns"
"V1_2_TCTTGATGCGTAGCGA.1","Purest Benigns"
"H2_2_ACCCTATGCCATATCG.1","Purest Benigns"
"H2_5_CGTTCATGGTGCGCGT.1","Purest Benigns"
"H2_2_ACCTGCGTGTCATGTT.1","Purest Benigns"
"H2_5_TTCGTACTCCAGAACG.1","Purest Benigns"
"H2_2_GGATGCTGGCGTTCCT.1","Purest Benigns"
"H2_5_ATTGTACAACTCGGCT.1","Purest Benigns"
"H2_2_TTCGGGTTGCCACGGG.1","Purest Benigns"
"H2_5_CTAACGAAACTTGCTG.1","Purest Benigns"
"H2_2_CTTTGGCTTTAGTAAA.1","Purest Benigns"
"H2_5_CCTAGGCGTAGCGATC.1","Purest Benigns"
"H2_5_CTGCTTTATGTCCGCG.1","Purest Benigns"
"H1_2_TGACGAATATTTCCCT.1","Purest Benigns"
"H1_2_GCATTGTAATTCATAT.1","Purest Benigns"
"H1_2_TGATCAGGGAACTGCT.1","Purest Benigns"
"H2_2_AGGTCGCCTCCCAACA.1","Purest Benigns"
"V1_2_GAAGTCTCCCTAGCGA.1","Purest Benigns"
"V1_2_TCAACGAGGAGACAAA.1","Purest Benigns"
"H2_2_TCACAGCAAACTCGAA.1","Purest Benigns"
"H2_5_ATAACGCCGGAGGGTC.1","Purest Benigns"
"V1_2_CCGCTATCAGCACCAG.1","Purest Benigns"
"H1_4_GGTACCATTAAGACGG.1","Purest Benigns"
"V1_2_CTGCCATGCATCACAT.1","Purest Benigns"
"V1_2_TAACCTACCGTCCGAG.1","Purest Benigns"
"V1_2_CATTTGAGTGGTACGT.1","Purest Benigns"
"H2_5_ATGTGCATCCGACGCA.1","Purest Benigns"
"H2_5_ATGCATGATCCAGGAT.1","Purest Benigns"
"H2_5_TTCTGCTAGACTCCAA.1","Purest Benigns"
"H2_5_CCTGAACGATATATTC.1","Purest Benigns"
"V1_2_TAGTTAAGATAGGATA.1","Purest Benigns"
"H2_5_AGGGCTGCAGTTACAG.1","Purest Benigns"
"H2_5_GCTGCTCTCCGGACAC.1","Purest Benigns"
"H2_5_TATCGATCTATGCATA.1","Purest Benigns"
"H2_5_ACTCGTAACCCGTCCT.1","Purest Benigns"
"H2_2_CATACACGGTTCCCAC.1","Purest Benigns"
"H2_5_CGCGGGAATTAGGCAG.1","Purest Benigns"
"H2_5_TACGCAGTTCTTTCCT.1","Purest Benigns"
"H2_5_ATCTTGACTTGTCCAA.1","Purest Benigns"
"H2_5_AGTCAACACCACCATC.1","Purest Benigns"
"H2_5_TTATATTTGGCAATCC.1","Purest Benigns"
"H2_2_AGATGCAAGACGTGCA.1","Purest Benigns"
"H2_2_GAAGAAACGATATTGT.1","Purest Benigns"
