Barcode,UpdatedCloneNames
ACTTATTAGGATCGGT-1,FigureClone_G
GGGTTAACATTTGAGT-1,FigureClone_G
AGATTCACAACCGATA-1,FigureClone_G
TAGTCCGCAGAGAATG-1,FigureClone_G
AGCTGTAACCTCAATC-1,FigureClone_G
CCTCTATCGATTAGCA-1,FigureClone_G
GTGATTCGCCGCTCAA-1,FigureClone_G
TGCCAATGGGTACTCT-1,FigureClone_G
GCGATTGTTAACGTTA-1,FigureClone_G
TCCCAGCTTTAGTCTG-1,FigureClone_G
GACCGTGCTGACGGTG-1,FigureClone_G
GATCGCGGGCTCTCCA-1,FigureClone_G
GATGCGTCCTGCATTC-1,FigureClone_G
GGAGACGACACCTTTG-1,FigureClone_G
CCAATGTCACAGCAAG-1,FigureClone_G
ACAATTTGAGCAGTGG-1,FigureClone_G
CAGGATATATCGTTGT-1,FigureClone_G
TAGCCGGCGGTCAGCG-1,FigureClone_G
GTCCCAACGTAAAGTA-1,FigureClone_G
GTTACAATTGGTGACG-1,FigureClone_G
GGGAGGATGCCCGAAA-1,FigureClone_G
TCCACTTTATCTAGGT-1,FigureClone_G
TATGGGACCGAGCAGG-1,FigureClone_G
TGGACTGTTCGCTCAA-1,FigureClone_G
GTTCGCCATAAGTGCC-1,FigureClone_G
TCAGGGTGTAACGTAA-1,FigureClone_G
ACTCGTCAGTAATCCC-1,FigureClone_G
CCGTAAGTTGGTCCCA-1,FigureClone_G
GCTTCCGTCCCTAGAC-1,FigureClone_G
TACTGAACAGATTTAG-1,FigureClone_G
TAGTCTAACAACGAGA-1,FigureClone_G
ATAGACGAAGAGAAAG-1,FigureClone_G
CTATGTCACTAGCCCA-1,FigureClone_G
TGTATAACAGATCCTG-1,FigureClone_G
ATTAGGCGATGCTTTC-1,FigureClone_G
GGATGACGCGAGTTTA-1,FigureClone_G
TCTTCGATACCAATAA-1,FigureClone_G
TTGCCCTGATCACGGG-1,FigureClone_G
CGAGGCTAAATATGGC-1,FigureClone_G
CAGCTCACTGAGACAT-1,FigureClone_G
CCCAATTTCACAACTT-1,FigureClone_G
ATATTCAGTTAAACCT-1,FigureClone_G
GTACACTTACCTGAAG-1,FigureClone_G
CCTAAATTAACGGTTC-1,FigureClone_G
GATGTTCAATCCACGA-1,FigureClone_G
TGTTCTTCCATTGACT-1,FigureClone_G
TTAATGTAGACCAGGT-1,FigureClone_G
AAGACTGCAAGCTACT-1,FigureClone_G
CGTTTCGCTCATTACA-1,FigureClone_G
TAGTGCCCTCCAGAGT-1,FigureClone_G
CTAACCGCGCGCCCGT-1,FigureClone_G
CCGCACAAAGACCAAC-1,FigureClone_G
CGGTCAAGTGGGAACC-1,FigureClone_G
GGGAGAACTCACAGTA-1,FigureClone_G
GCCCGTAATACCTTCT-1,FigureClone_G
CTTCATTGTCAGTGGA-1,FigureClone_G
GCAAATATTACGCTTT-1,FigureClone_G
GTCGCGTAACCCGTTG-1,FigureClone_G
TAGAAAGGTGGCGCTA-1,FigureClone_G
TGTTCCGCTTCCATGA-1,FigureClone_G
TCCTCGGGCTGGGCTT-1,FigureClone_G
TCGAGACCAACACCGT-1,FigureClone_G
AATCGCCTCAGCGCCA-1,FigureClone_G
GGCACTCCACTGGGCA-1,FigureClone_G
TACGAACACGACTTCA-1,FigureClone_G
GGGCTGGTTAGTCGCG-1,FigureClone_G
TATGTCTCATTGTGCC-1,FigureClone_G
CCAATAGTGCCGTCGA-1,FigureClone_G
GAGATCTGTCACTCCG-1,FigureClone_G
CATGGTATTAGTTTGT-1,FigureClone_G
CAGGCCGTTTGGGTGT-1,FigureClone_G
TACCTTAAGATTTCCC-1,FigureClone_G
GCAGCACACAGCCCAG-1,FigureClone_G
CCTATACCGTCCTGTC-1,FigureClone_G
GCACAACCTCGGGCGT-1,FigureClone_G
CTTCGTAGATAGGTGA-1,FigureClone_G
CATACTATGTAATTGT-1,FigureClone_G
CGAGACCCTAGAGTGT-1,FigureClone_G
AGGGTTTAGTTCGGGA-1,FigureClone_G
GTGCTCAAGTACTGTC-1,FigureClone_G
GACGCTTGCTTCTAAA-1,FigureClone_G
TTGGTTGCGGTGCGCG-1,FigureClone_G
AATGACAGCAATGTCT-1,FigureClone_G
GTTGGATTTGCGTTGG-1,FigureClone_G
AGGACGACCCATTAGA-1,FigureClone_G
CAAACGAGTATCGCAG-1,FigureClone_G
TGCGACACCCTAGTGC-1,FigureClone_G
GATACGATGGGAGTCA-1,FigureClone_G
CTAAAGGGAAATAGGA-1,FigureClone_G
GACACTGAGTTCAGTG-1,FigureClone_G
AACGGCCATCTCCGGT-1,FigureClone_G
GTGCGAAATCGAACAC-1,FigureClone_G
CGGAACGTAAACATAG-1,FigureClone_G
GGTGAAGTACAGGGAT-1,FigureClone_G
GTCTGGGCGGTCGAGA-1,FigureClone_G
GGGATGGTCGTAACCG-1,FigureClone_G
TGAGTGCCTCTTAAAT-1,FigureClone_G
GTGCCGCTTCAAAGGT-1,FigureClone_G
ATCCTGCGTGGAATGG-1,FigureClone_G
GCCACAATTTAAGGAC-1,FigureClone_G
ACCATCGTATATGGTA-1,FigureClone_G
CTGTACTTCTTAGCAT-1,FigureClone_G
GCGCTATGCCGAGGCA-1,FigureClone_G
TAACTCATCCGCGCGG-1,FigureClone_G
ATCAATCTGGGCTGCA-1,FigureClone_G
ATTACGCGCTGGCAGG-1,FigureClone_G
GATTCGACGGTTCACG-1,FigureClone_G
GAGCTAAGGGCATATC-1,FigureClone_G
GATCGGTGGCCATAAC-1,FigureClone_G
TAATAGTGACGACCAG-1,FigureClone_G
TCCAGGCGAGTACGGT-1,FigureClone_G
AGCTCTAGACGTTCCA-1,FigureClone_G
TTACTCCGGCCGGGAA-1,FigureClone_G
AATTAAAGGTCGGCGT-1,FigureClone_G
CACATGATTCAGCAAC-1,FigureClone_G
GTTTGACCAAATCCTA-1,FigureClone_G
GATCATTCCAAACATT-1,FigureClone_G
CGGGCAGCTAAACCGC-1,FigureClone_G
CTACGCACGGAGTACC-1,FigureClone_G
TTGTAATCCGTACTCG-1,FigureClone_G
ACGCGGGCCAAGGACA-1,FigureClone_G
CTGTGCAGGGTAGGTC-1,FigureClone_G
ATAACGGAGTCCAACG-1,FigureClone_G
CAATAAACCTTGGCCC-1,FigureClone_G
ATCCTACCTAAGCTCT-1,FigureClone_G
TTGTAAGGCCAGTTGG-1,FigureClone_G
AAACGAGACGGTTGAT-1,FigureClone_G
CCACAATGTACGTCTT-1,FigureClone_G
CCTGTCACCCGGGCTC-1,FigureClone_G
GACCAGAGCCCTGTAG-1,FigureClone_G
TCGTAAGACGACATTG-1,FigureClone_G
TGGCCAAACTGAAGTA-1,FigureClone_G
AAGAGGCATGGATCGC-1,FigureClone_G
GCTAGTAGAGCTTGTA-1,FigureClone_G
CCAGCCTGGACCAATA-1,FigureClone_G
AGTCAACACCACCATC-1,FigureClone_G
AAGAGCTCTTTATCGG-1,FigureClone_G
TGCATATGTCTGTCAC-1,FigureClone_G
GCTGCTCTCCGGACAC-1,FigureClone_G
ACTGTACGATACACAT-1,FigureClone_G
GGTCGGCCAGGAGCTT-1,FigureClone_G
GATCCGGGAATTAACA-1,FigureClone_G
ATATCTTAGGGCCTTC-1,FigureClone_G
TATGGGTACGTATCGT-1,FigureClone_G
GTACTGGAGTTAGACC-1,FigureClone_G
TATGGTCTGAGTAACA-1,FigureClone_G
ATCTGGTTAAGACTGT-1,FigureClone_G
GTGTGAATAACTTAGG-1,FigureClone_G
CGAGTGAAGGTACCAG-1,FigureClone_G
CAGCAGCCCGTTCCTT-1,FigureClone_G
TGCAGAGTACCGAGCA-1,FigureClone_G
ATAAAGGCTCGGTCGT-1,FigureClone_G
TGCTGTTGAAGAACTC-1,FigureClone_G
AGTGAGACTTCCAGTA-1,FigureClone_G
CTTACACGGTATTCCA-1,FigureClone_G
CGGAGCATGGCGATCC-1,FigureClone_G
TTGGGACACTGCCCGC-1,FigureClone_G
GTCATTAGAGCGAACG-1,FigureClone_G
CGCGGGAATTAGGCAG-1,FigureClone_G
TGAGTGGTCCGTGACG-1,FigureClone_G
TCTGGGTAGCGCTCAT-1,FigureClone_G
GGTCTGAGAATCTGGA-1,FigureClone_G
TGCATGTGGTAATCTA-1,FigureClone_G
TTCAAAGTCTCTAGCC-1,FigureClone_G
ACGTTAATGTCGAAGA-1,FigureClone_G
AGGGCTGCAGTTACAG-1,FigureClone_G
TCTAGTTATCAGAAGA-1,FigureClone_G
GGCAATAGTCAATGAG-1,FigureClone_G
TAGCGTTGGGTCTTAC-1,FigureClone_G
GGGCCCGTCTTAAACA-1,FigureClone_G
ACGCATTCGTGAGTAC-1,FigureClone_G
CACAATGAGCTGCTAT-1,FigureClone_G
CTAGCATAGTATAATG-1,FigureClone_G
CGAGAGATGTGAACCT-1,FigureClone_G
TTGAATATGGACTTTC-1,FigureClone_G
TAAGTAACATCTTGAC-1,FigureClone_G
AAATTAACGGGTAGCT-1,FigureClone_G
ACGTAGATTGCTGATG-1,FigureClone_G
CCTATGGGTTACCGTC-1,FigureClone_G
CACAGCACCCACGGCA-1,FigureClone_G
TGACCCACGTTAGACA-1,FigureClone_G
GTTTCTGCAGTCTCCC-1,FigureClone_G
TTGCTGATCATGTTCG-1,FigureClone_G
TATTCAATTCTAATCC-1,FigureClone_G
CTCTCACAATCGATGA-1,FigureClone_G
GAAGCGTGAGGAATTT-1,FigureClone_G
CCATGCCTGTTTAGTA-1,FigureClone_G
CCTGTAAGACATGATA-1,FigureClone_G
GGCGGAGTAATATTAG-1,FigureClone_G
ATCCAGGATTCGTGAA-1,FigureClone_G
ACTTGTAGTCCCTTCA-1,FigureClone_G
ATTGAAGATCTTAGTG-1,FigureClone_G
CCGGGCGGTCTCGTCA-1,FigureClone_G
CGATACCTCGCGGACA-1,FigureClone_G
GCTACGACTTATTGGG-1,FigureClone_G
TCCAGAGCACCGGTTC-1,FigureClone_G
TGGAAGAAGGGAACGT-1,FigureClone_G
TCTTGATGCGTAGCGA-1,FigureClone_G
ACTTCGCCATACGCAC-1,FigureClone_G
TTATATACGCTGTCAC-1,FigureClone_G
TCTCATGAGATAGGGT-1,FigureClone_G
AACGTGCGAAAGTCTC-1,FigureClone_G
GACACAAGGGAAGAAA-1,FigureClone_G
CTAAAGAATGCCTACT-1,FigureClone_G
ATTGCTGCTCCTCCAT-1,FigureClone_G
TCGCTGGGCGGATTGT-1,FigureClone_G
AAATGGTCAATGTGCC-1,FigureClone_G
GCTAAGTAGTTTCTCT-1,FigureClone_G
TGAAAGGACCTGACTC-1,FigureClone_G
ACTGTCCAGGATTATA-1,FigureClone_G
TCACGCATTGTAGATC-1,FigureClone_G
AGATTATAGGACGTTT-1,FigureClone_G
TATTCGTGCCAGAATA-1,FigureClone_G
ATAACGCCGGAGGGTC-1,FigureClone_G
CCCAGTAAACTTGGGA-1,FigureClone_G
CGACAGTTCGCGTTAT-1,FigureClone_G
TTGGGCGGCGGTTGCC-1,FigureClone_G
TGATTTATTAGCTGTG-1,FigureClone_G
AACGTACTGTGGGTAC-1,FigureClone_G
CACTTAATCAGACGGA-1,FigureClone_G
CTAGTCACGTCTTAAG-1,FigureClone_G
TCACAGGTTATTGGGC-1,FigureClone_G
ACCACAAGTTTCTATC-1,FigureClone_G
TTGAAGAATTCCCAGG-1,FigureClone_G
CAAGGATCGCATGTTC-1,FigureClone_G
GGTACAAACATGCTAT-1,FigureClone_G
TCCGCGGCAGCATCTG-1,FigureClone_G
TGCGCAAAGCATTTGG-1,FigureClone_G
AGATCTCAGGTGTGAT-1,FigureClone_G
CCACCCAAGGAAAGTG-1,FigureClone_G
CTCACTTGGCTGGTAA-1,FigureClone_F
TCGTTGCTATCCGGTC-1,FigureClone_F
TCCACCTCTAGCCTTT-1,FigureClone_F
GTGGTATAGTCTGCCG-1,FigureClone_F
TTCGGGCGCTAGTCTT-1,FigureClone_F
GGAGACCATCTACATA-1,FigureClone_F
TCGGCGTACTGCACAA-1,FigureClone_F
CATTTGAGTGGTACGT-1,FigureClone_F
CGGTGCAGATAGAACG-1,FigureClone_F
AGAAGGTACACTTCAC-1,FigureClone_F
CCGACGGGCATGAGGT-1,FigureClone_F
CTTTGGGATTGTTGCA-1,FigureClone_F
AGCCCGGTAGCCTGTA-1,FigureClone_F
TTGGACATGTGGCTTA-1,FigureClone_F
AGGATCACGCGATCTG-1,FigureClone_F
ACCGACACATCTCCCA-1,FigureClone_F
CGCCTGGCCTACGTAA-1,FigureClone_F
CTCCTCCAGCTCACAC-1,FigureClone_F
CTCGCCGAATGTAGGG-1,FigureClone_F
CCTCGCGCTGTGCGAT-1,FigureClone_F
GACTGCAAATCGAGCT-1,FigureClone_F
TGCTCGGCGAAACCCA-1,FigureClone_F
TAAGGCATAACATCAA-1,FigureClone_F
GACATCGATTTATAAC-1,FigureClone_F
TTCGCGCGCCATACGA-1,FigureClone_F
CCTTCAGTTAAAGTGA-1,FigureClone_F
TCACAGCAAACTCGAA-1,FigureClone_F
TACTCTTTCGTCTTCA-1,FigureClone_F
TCGGGAGACAGCGTAC-1,FigureClone_F
TTCTAGAAAGTCTTAT-1,FigureClone_F
CGGAAAGAATCAAACG-1,FigureClone_F
GAAAGCAGTGCACTTT-1,FigureClone_F
TCCTGCGTTGATACTC-1,FigureClone_F
GTTTCATATCGTCGCT-1,FigureClone_F
GGGCAGAGCAATCGTT-1,FigureClone_F
ATAAATATTAGCAGCT-1,FigureClone_F
CCTTTAAGGGAGCACT-1,FigureClone_F
AAACAGGGTCTATATT-1,FigureClone_F
AGCCCATACATGTAAG-1,FigureClone_F
CTCAAACCACTGCCCG-1,FigureClone_F
TAGCTAGAAGGCATGA-1,FigureClone_F
GTCGGGAAGCAGAAAC-1,FigureClone_F
TGTGAGACTAGCCCAA-1,FigureClone_F
AAATGGCCCGTGCCCT-1,FigureClone_F
GATCTAACCGTATTCA-1,FigureClone_F
GCGTCCCTAAGACATA-1,FigureClone_F
GCTCCTGACATACTGG-1,FigureClone_F
AAGAGGATGTACGCGA-1,FigureClone_F
AGCAAAGGCCGCTAGT-1,FigureClone_F
ATCAGCTCGTCCACTA-1,FigureClone_F
AGACCAAACCACACCT-1,FigureClone_F
ATACCTAACCAAGAAA-1,FigureClone_F
ATGTGAAAGCCTAATG-1,FigureClone_F
TATCAGTGGCGTAGTC-1,FigureClone_F
CGACGCATCCGTACCT-1,FigureClone_F
TCAAATTTGAGACTCA-1,FigureClone_F
CTCGAGACATACGATA-1,FigureClone_F
TCCAGGGTATATACGA-1,FigureClone_F
AGCGGCGGTTAGCGGT-1,FigureClone_F
TCCTAACCGTCGGGCA-1,FigureClone_F
TACCAAATAGCCCAGA-1,FigureClone_F
TACCTACTCCCAGTAT-1,FigureClone_F
AACGAAAGTCGTCCCA-1,FigureClone_F
CGAACGGCCGGACAAC-1,FigureClone_F
ATGGAAATTTAAGGAG-1,FigureClone_F
CCTAGGTAAAGGTAGC-1,FigureClone_F
AAACCGGGTAGGTACC-1,FigureClone_F
TATTAACACCAAAGCA-1,FigureClone_F
ACCATCCGCCAACTAG-1,FigureClone_F
TTGAATCGTTGTATAA-1,FigureClone_F
GTCCTACTCTACGGGC-1,FigureClone_F
GGTCGGTCGTCCACAG-1,FigureClone_F
TCTAAAGAACAGTCTC-1,FigureClone_F
CCGGCGTGAGACTCTG-1,FigureClone_F
AGCCTAATACCCACGT-1,FigureClone_F
ACAGTAATACAACTTG-1,FigureClone_F
ATTGATCACCACATTT-1,FigureClone_F
TCGGTCCCGACAATAG-1,FigureClone_F
TGGCCAATTTGGTACT-1,FigureClone_F
TTGTCACCGCGGTATC-1,FigureClone_F
GGGACCCGTATATCTT-1,FigureClone_F
TGAGGAGTGCCAGCTT-1,FigureClone_F
AATAGTCCGTCCCGAC-1,FigureClone_F
CGTCGGGTCTAAGCGC-1,FigureClone_F
TACGTTTACCGGCAAT-1,FigureClone_F
TATACGCGTCATCACT-1,FigureClone_F
CGTGCATTGTCGACGC-1,FigureClone_F
ACGCGCTACACAGGGT-1,FigureClone_F
GAAACCTATACAAATG-1,FigureClone_F
CCGAACACTGGGCCTC-1,FigureClone_F
CGCCACAGGTCGCGAT-1,FigureClone_F
AGGGACTCTACGCGAC-1,FigureClone_F
CACCGTTGCGCGATAT-1,FigureClone_F
CCCGTAAGTCTAGGCC-1,FigureClone_E
GTATGAAATTTCACTC-1,FigureClone_E
AGTTAAGTCAACCGCT-1,FigureClone_E
GCCCTAGCCGTCGCGA-1,FigureClone_E
TTATCCTCAAGGAATA-1,FigureClone_E
CGCGAGTCTGCCGGGT-1,FigureClone_E
ACTCGTAACCCGTCCT-1,FigureClone_E
AGCCGTGGCTAAATGT-1,FigureClone_E
AGCATCATTTCGAAAG-1,FigureClone_E
GATGTAACGAACCACC-1,FigureClone_E
ATACGGAACGTCGTTT-1,FigureClone_E
TCCTCCTAAGACATTC-1,FigureClone_E
TTGCCATAGCCCGCTC-1,FigureClone_E
ACCTAAGTACCTTTCA-1,FigureClone_E
ACGGGAGTGTCGGCCC-1,FigureClone_E
GACCCAATTATGATAC-1,FigureClone_E
TCAACAAAGATAATTC-1,FigureClone_E
AACCCATCCCATGATC-1,FigureClone_E
GTCAAAGAAGTGGTGT-1,FigureClone_E
AACACGAGACGCGGCC-1,FigureClone_E
AAAGTAGCATTGCTCA-1,FigureClone_E
AATCTAGGTTTACTTG-1,FigureClone_E
TATCTTGCAATACAAC-1,FigureClone_E
TCAACGCAGGAAATAA-1,FigureClone_E
CTCCCTCCTTTCGATC-1,FigureClone_E
TTGTGGTAGGAGGGAT-1,FigureClone_E
GGGTATTCTAGCAAAC-1,FigureClone_E
ATGACGCGTTCTATCC-1,FigureClone_E
GGAATGCGCTAGCGTG-1,FigureClone_E
ACAGAACTGAGAACAA-1,FigureClone_E
GCCGCTTGTGAGAAAC-1,FigureClone_E
GATCTTTGCAGGGTAT-1,FigureClone_E
GCGAAGCCATACCCGT-1,FigureClone_E
TCGTCAAGTACGCGCA-1,FigureClone_E
AATCTGGCTTTCTAGT-1,FigureClone_E
CGTGTCTCGTTACGAC-1,FigureClone_E
CTCATGGTAATTTGCG-1,FigureClone_E
GTCTATCTGAGTTTCT-1,FigureClone_E
AGTCGTGGGCATTACG-1,FigureClone_E
CTTCAGTGGTCGCCTA-1,FigureClone_E
GAAGCTCGGACCCGTC-1,FigureClone_E
GGGCAACCGCACGTGC-1,FigureClone_E
TCGGCTTGTATCGACG-1,FigureClone_E
AACAATACATTGTCGA-1,FigureClone_E
GCGACCCAACCATCTG-1,FigureClone_E
TCAGCAGTAGGCCCTG-1,FigureClone_E
CTCTCTAACTGCCTAG-1,FigureClone_E
TTGGAAGAATACAGTC-1,FigureClone_E
GCCCGATCTGTGGTCG-1,FigureClone_E
GTGCCATCACACGGTG-1,FigureClone_E
AACTAGGCTTGGGTGT-1,FigureClone_E
CGGAGCAATTTAATCG-1,FigureClone_E
GAAGTCAGTTGCACTA-1,FigureClone_E
GTTTGGGCTTGTGAGC-1,FigureClone_E
TGAGCGGAAAGTGTTC-1,FigureClone_E
ACGGCACTTGCTTGGG-1,FigureClone_E
CTTTCTGTGCGGGCTT-1,FigureClone_E
GCTGGCGGCGCATGCT-1,FigureClone_E
ATACAGGCCCTCCAAT-1,FigureClone_E
CGATTCGCCTGGCTGC-1,FigureClone_E
CTAGTTACAACCCGGT-1,FigureClone_E
GTTTGGTAGGGTCAAC-1,FigureClone_E
AATTAGCGCTGCAGCG-1,FigureClone_E
TTAGAAGAACATGACT-1,FigureClone_E
CGGCAAACATCGTGCG-1,FigureClone_E
AGGATAAAGTCGGGAT-1,FigureClone_E
CCCAACATACGTCGCG-1,FigureClone_E
GCGTCGCCAGGGTGAT-1,FigureClone_E
TTGTGTTTCCCGAAAG-1,FigureClone_E
ATGGGTGTATACCTCC-1,FigureClone_E
TACTTTCCGCACGCCA-1,FigureClone_E
GGACCTCTAGGCCGCC-1,FigureClone_E
CCGTATCTCGTCGTAG-1,FigureClone_E
CTACTATCATAGGTTT-1,FigureClone_E
TTAAGGCCCGTACTTT-1,FigureClone_E
AATGTGCCCGAGGTGT-1,FigureClone_E
AAGGGACTATGCATTC-1,FigureClone_E
CCAAGAAAGTGGGCGA-1,FigureClone_E
TTGTTTCATTAGTCTA-1,FigureClone_E
TATATATCGAGAAATG-1,FigureClone_E
CCCTATGTAGAGCAGA-1,FigureClone_E
AACAGCTGTGTGGCAA-1,FigureClone_E
GAAGAAACGATATTGT-1,FigureClone_E
GCGGCAAAGTATTGCC-1,FigureClone_E
ACGCGAAGTCAGACGA-1,FigureClone_E
CTCTTGTCCCGCTTGG-1,FigureClone_E
TTGTGCAGCCACGTCA-1,FigureClone_E
ATCTGACATGGAAGGA-1,FigureClone_E
GGTTTAATTACCATCG-1,FigureClone_E
ATATAAAGCGCTCGTG-1,FigureClone_E
TGTTCGTATTGCGGTG-1,FigureClone_E
TATTAACCTGACCGCG-1,FigureClone_E
AGCGCATAATGAATCG-1,FigureClone_E
CACCGTTAGGGATCAC-1,FigureClone_E
TCTGTTACCCAGCATA-1,FigureClone_E
TTCCGGCCTTGAGGCT-1,FigureClone_E
GGCAAAGGCGCCAATA-1,FigureClone_E
CCAGAAAGCAACTCAT-1,FigureClone_E
CGATCCGACCCAGTGC-1,FigureClone_E
TAAGTCGCCGAGTATC-1,FigureClone_E
GCGGAGAAACTTCGCA-1,FigureClone_E
GCTCAATCCGTTTATT-1,FigureClone_E
GGTCTCTGAATGGACT-1,FigureClone_E
AGTCTCACAAGACTAC-1,FigureClone_E
ATTTGCGCGAGTAGCT-1,FigureClone_E
GCGAGGCCCGAGCAGA-1,FigureClone_E
TGAGCCATACAGTCTC-1,FigureClone_E
AGACGACGATGCCGCT-1,FigureClone_E
GGTATTGCCGAGTTTA-1,FigureClone_E
TCCAACTTTAAATTCT-1,FigureClone_E
TTGTTTCACATCCAGG-1,FigureClone_E
GAAGTTTCCACTCAAT-1,FigureClone_E
CTACAAGAAATAACCC-1,FigureClone_E
ACATCGATCGTTTACC-1,FigureClone_E
AGTTAAACACTTGCGA-1,FigureClone_E
ACGTTAGATTTGCCCG-1,FigureClone_E
CACTCCTATGTAAGAT-1,FigureClone_E
CAGCGATTCCCTTCAA-1,FigureClone_E
CTGTAGCCATCTCACT-1,FigureClone_E
TCAGTGTATACGTCAT-1,FigureClone_E
CAATATTCTTGACCTA-1,FigureClone_E
CCTCTGTACTATTCTA-1,FigureClone_E
ATCGACCCAATACAGA-1,FigureClone_E
CAGAGGCGATGCATGA-1,FigureClone_E
CAGATCCTGGTTTGAA-1,FigureClone_E
CACCCGGTTTGTGACT-1,FigureClone_E
GTCGCCGTTGTGTGTT-1,FigureClone_E
GGGCGGGTTCCCTACG-1,FigureClone_E
TTAGGTCATAACCGAC-1,FigureClone_E
TCTAATACTGCCTCAG-1,FigureClone_E
AGAGAAGGAGTACAAT-1,FigureClone_E
AAATTGATAGTCCTTT-1,FigureClone_E
GATGACAAGTAGGGCA-1,FigureClone_E
TCATCGATGGTCCCAA-1,FigureClone_E
ACAATGAATACGGAGA-1,FigureClone_E
CAAAGATTATTGGGCC-1,FigureClone_E
AGGCAGGGAGCGTACT-1,FigureClone_E
GGTAACCGGGAGGATA-1,FigureClone_E
GACAGATTTCTGGCTC-1,FigureClone_E
CTACTCAAGGTATAGT-1,FigureClone_E
GTGGAGTCGGCGGTTG-1,FigureClone_E
ACGCAAACTAATAGAT-1,FigureClone_E
TAAACCCAGGAGGGCA-1,FigureClone_E
CCGGTTTGTAATTGTG-1,FigureClone_E
AAGTGAGTCGGGTTTA-1,FigureClone_E
TCCTAGCAAAGAAGCT-1,FigureClone_E
CTGGACGCAGTCCGGC-1,FigureClone_E
TTGCATGCTGATCACG-1,FigureClone_E
CAGACACCGATCGCTG-1,FigureClone_E
CTCGGTTGTCGGCCCT-1,FigureClone_E
GGCCGTTTGGGTTTCA-1,FigureClone_E
AGACTGTTACCGGGTC-1,FigureClone_E
TACTATGGTTCCTCAG-1,FigureClone_E
CTAAATCCGGTGTACA-1,FigureClone_E
ATTATTATGTCCGTCA-1,FigureClone_E
TAAAGCGGTATTTCCA-1,FigureClone_E
AAGATGGCACCGGACC-1,FigureClone_E
CCCGTAGCTGGGAAGA-1,FigureClone_E
GCAGGAACTTAGATCT-1,FigureClone_E
GCACGCCTACTTAGAT-1,FigureClone_E
CGTTTGTGTAGAGGGT-1,FigureClone_E
AGATACCGGTGTTCAC-1,FigureClone_E
CCTACATTCACAGACG-1,FigureClone_E
GGCTCCTCCACCTGTT-1,FigureClone_E
ACGTTCGTTCAGGAAA-1,FigureClone_E
ACTGCTCGGAAGGATG-1,FigureClone_E
CCCAATGAGATTTGCA-1,FigureClone_E
TAGTAGCTTATACCAG-1,FigureClone_E
TTCTTGGACGATCTGC-1,FigureClone_E
TGCGACGGCCGAACGT-1,FigureClone_E
AACTCAAGTTAATTGC-1,FigureClone_E
ACATCGGTCAGCCGCG-1,FigureClone_E
TGCGTCATGACTGAGC-1,FigureClone_E
CTATTCATGTGTCCCA-1,FigureClone_E
CTTTACCGAATAGTAG-1,FigureClone_E
GGACCAACAGGATAAC-1,FigureClone_E
GGCGCATGAATTGATG-1,FigureClone_E
TCAGACGCTATAGAAG-1,FigureClone_E
CCCAAACATGCTGCTC-1,FigureClone_E
TTAGAATAAGGGTCGG-1,FigureClone_E
TGATACATTTAGCCGT-1,FigureClone_E
GTTACTTTGGGCCTAG-1,FigureClone_E
CACATCGTGCACGCGC-1,FigureClone_E
TTAACTTCAGGTAGGA-1,FigureClone_E
TTGCGGCATCAGAAAG-1,FigureClone_E
TGGCGACTGCTCCAAA-1,FigureClone_E
ACTATTTCCGGGCCCA-1,FigureClone_E
TACGTACTAGTGCTGA-1,FigureClone_E
GCCGAAATTCCTACGT-1,FigureClone_E
ACGATGCATATGTTAT-1,FigureClone_E
AAGTGACGACCGAATT-1,FigureClone_E
GTTGAACCGGTTCCAT-1,FigureClone_E
TGGCTACACTCTACCT-1,FigureClone_E
AAGCGTCCCTCATCGA-1,FigureClone_E
TGCAACCCATCTGCGG-1,FigureClone_E
ACACTGATCAAGGTGT-1,FigureClone_E
GAAGTGATTTATCGTG-1,FigureClone_E
TTCGCCGCTCGCGCTA-1,FigureClone_E
ATTCAACCATTTAAGG-1,FigureClone_E
TGATGTCAATTAAGTG-1,FigureClone_E
CCTATATTTGTCCTGG-1,FigureClone_E
ATGGAGCAGGCCGTGA-1,FigureClone_E
CCCGGTGTATCGGAAT-1,FigureClone_E
TAACATACACGCGATC-1,FigureClone_E
GAGTTGATGGCAATTT-1,FigureClone_E
GTGGCAAACAGCGGCA-1,FigureClone_E
TCACGATGTCCGTGGA-1,FigureClone_E
TAGGTGTTCCACAGAT-1,FigureClone_E
TATCCGCACCGTCGGG-1,FigureClone_E
AAGACCCAACTGAACA-1,FigureClone_E
TTCGCACTGTACGACA-1,FigureClone_E
CAACTGCTCATCCGAT-1,FigureClone_E
TTACCCTAGGGATTGG-1,FigureClone_E
ACTACGCGTTAGAATT-1,FigureClone_E
TACCGTAGGTTAACTA-1,FigureClone_E
CCGGAGCGTACTTTCT-1,FigureClone_E
AAAGGCTACGGACCAT-1,FigureClone_E
CCAGTCTTGTCATAGA-1,FigureClone_E
GACGGGTTGGCCCGTA-1,FigureClone_E
TACCTCAGTTGTCTGT-1,FigureClone_E
CGGTCCGTCGCAAGCC-1,FigureClone_E
TCCAATAAAGGCTACC-1,FigureClone_E
AGTATTTGGCACGACC-1,FigureClone_E
GAAGCCTGCACATTCC-1,FigureClone_E
ACCCGTGTCATCAGTA-1,FigureClone_E
GATCTGCTATCTAAGG-1,FigureClone_E
ACCCTATGCCATATCG-1,FigureClone_D
CAGATGTTTGTCCCAA-1,FigureClone_D
CCATAACCTGTGCAGT-1,FigureClone_D
CCCTGGCTGTTCCTTC-1,FigureClone_D
GGGCTACTATTTCGTG-1,FigureClone_D
CACCAATCATCCGTCT-1,FigureClone_D
CCTTTGAATTATGGCT-1,FigureClone_D
GGCGAGCGAAACGGCA-1,FigureClone_D
GTGAAGTCACGACTCG-1,FigureClone_D
AAGCACCCTGCGTATC-1,FigureClone_D
TGATTCAGGTCCCGCG-1,FigureClone_D
AGATGCATCCTGTGTC-1,FigureClone_D
TATAGCGCACGTTATC-1,FigureClone_D
GCAAGCTGGAAACCGC-1,FigureClone_D
TCAAAGAGCTATCTGT-1,FigureClone_D
TGTGTGACCATGAATC-1,FigureClone_D
CCCACTCCACGGTATC-1,FigureClone_D
GGGCAGACGTCACTGC-1,FigureClone_D
CATACACGGTTCCCAC-1,FigureClone_D
GCATTGACTTGCGGAA-1,FigureClone_D
GAGTAGATACTAGTTG-1,FigureClone_D
AACTCTCAGTGTGCTC-1,FigureClone_D
GTCTCAAGGCCCGGCT-1,FigureClone_D
TGCTTCCCAAGCAGTA-1,FigureClone_D
CCACACTGAGATATTA-1,FigureClone_D
GGGTCACCGTGACGGT-1,FigureClone_D
ATCTGGGCTGTTCTTG-1,FigureClone_D
GAGATCTGCTTGGCAT-1,FigureClone_D
TCGAGTCTACGATTCG-1,FigureClone_D
GTAGACACGCCTGACT-1,FigureClone_D
ATACGTTATGCACGGA-1,FigureClone_D
CAGCAGTCTGTGCTGC-1,FigureClone_D
TGTGCCAGAGGCAAAG-1,FigureClone_D
ATATACATGTATGGTA-1,FigureClone_D
TGGCTTATGTATAATG-1,FigureClone_D
CTCACATTTACTAAAT-1,FigureClone_D
ATTCATCGTTGAGGCA-1,FigureClone_D
CTCACTGTGATACTTA-1,FigureClone_D
CGCCCAGCACGCCTAG-1,FigureClone_D
GGGAACGGTTTCAGAT-1,FigureClone_D
CGACCCTTAACGCCGG-1,FigureClone_D
AAGGGAACGACTGGCT-1,FigureClone_D
TAGCTAGTGATGATGG-1,FigureClone_D
AGTATACACAGCGACA-1,FigureClone_D
CGTGACCAGTCCTCTG-1,FigureClone_D
GGCTTTCAATAAGGGT-1,FigureClone_D
ACCAACGCTTATTTAT-1,FigureClone_D
GATTACTGAATTTGGG-1,FigureClone_D
CCAGCTCGAACGCATT-1,FigureClone_D
TCAGCAAATGCATCTC-1,FigureClone_D
GAACCTTTAACGATCC-1,FigureClone_D
CGTGCAGACTGGGACA-1,FigureClone_D
ATCTTATCGCACACCC-1,FigureClone_D
AATTCTAGAGTTAGGC-1,FigureClone_D
GAAATGGCGGTGTTAG-1,FigureClone_D
GTCATGCGCGAGGGCT-1,FigureClone_D
AGGCCTGAGAATCTCG-1,FigureClone_D
TTCAGCTGGCGTGCCC-1,FigureClone_D
TAGGTTCGAGTTCGTC-1,FigureClone_D
GAGTAAGGCCACGGGA-1,FigureClone_D
TAGATATGGACTGGAA-1,FigureClone_D
AGGAAGCTGTCCGCCG-1,FigureClone_D
CGTATTAAGAGATCTA-1,FigureClone_D
CTTAGTGTAGTAGCAT-1,FigureClone_D
TTATAGGTAATTGTCT-1,FigureClone_D
GGCGTAGGGAAAGCTG-1,FigureClone_D
GGGAGTTAATGAGGCG-1,FigureClone_D
AAACATTTCCCGGATT-1,FigureClone_C
TTCCATCGACAGCGTG-1,FigureClone_C
GGATTGCTGTGACTCC-1,FigureClone_C
GCACACACTGGTAGCC-1,FigureClone_C
TCCTTTAAATCCGCTT-1,FigureClone_C
ACAAAGCATGACCTAG-1,FigureClone_C
GCCTCCGACAATTCAC-1,FigureClone_C
CTCATTGCTCTAACAA-1,FigureClone_C
TGTGCCGGTGCCGGAA-1,FigureClone_C
CACACACGCTAACGAG-1,FigureClone_C
CCATGCCCTAGATTTC-1,FigureClone_C
CACTCTTCTGCTAGCC-1,FigureClone_C
GCGCGTCATTGGTACA-1,FigureClone_C
AATCATGTAAAGACTC-1,FigureClone_C
ACAGCGACATTCTCAT-1,FigureClone_C
CCGTAGGAAATCCCTG-1,FigureClone_C
TAGGTGACGATAACCT-1,FigureClone_C
CTGCAGAGAATCAGAG-1,FigureClone_C
GTTTCAAACGAGTTGT-1,FigureClone_C
TGTACCTACACGAGGG-1,FigureClone_C
AAGCTAGATCGAGTAA-1,FigureClone_C
GCTAGAGTAGAGATGT-1,FigureClone_C
ATATCGTTCCTCGAAC-1,FigureClone_C
GCCACTCAGAGCGCGA-1,FigureClone_C
AGTCACTAGCTCTCGA-1,FigureClone_C
ACCCATTTGTCCCTCT-1,FigureClone_C
GGAACTTTGGCGATTA-1,FigureClone_C
AACTCCAGAGCGTGTT-1,FigureClone_C
AGTGCACGCTTAAGAA-1,FigureClone_C
AGTACTCTTATGCCCA-1,FigureClone_C
GATTAACCGAAAGCCC-1,FigureClone_C
TCGTGTTCGACCACAA-1,FigureClone_C
GCTAACTGAAGTCTGA-1,FigureClone_C
ACTGAAACGCCGTTAG-1,FigureClone_C
GCAGTGTGGCTATAGG-1,FigureClone_C
CCTGTTTGAAGACACG-1,FigureClone_C
CTCAACTAACCCGGAT-1,FigureClone_C
TATGATCTTCTCTTTA-1,FigureClone_C
CACAGGGCCATATAGT-1,FigureClone_C
CCACTGTTTGGATTAA-1,FigureClone_C
CATGGATTGTCTTCCG-1,FigureClone_C
CGAGAGGGTAGCCGCG-1,FigureClone_C
GGTCTCCGTCCAGGTT-1,FigureClone_C
CAACCTACCGAGCAGT-1,FigureClone_C
ACGCATACGTTTACTA-1,FigureClone_C
CAGTGTCGGCTGGCCC-1,FigureClone_C
ATATACGCTCGTGACG-1,FigureClone_C
GTGATCCTTGTCATGA-1,FigureClone_C
GGGCGTGGTTTCCCAG-1,FigureClone_C
ACGGACTCTCAAAGCG-1,FigureClone_C
GGAAACTAAATGGGCC-1,FigureClone_C
CGCGAAGTGGCATACT-1,FigureClone_C
ACTCAAGTGCAAGGCT-1,FigureClone_C
CACAGTCCCGCTTCGC-1,FigureClone_C
TAGATGGTTCCTTACT-1,FigureClone_C
CGAGAGCTTTCACTAC-1,FigureClone_C
CATAAGAAGCTTGGCT-1,FigureClone_C
TCTGCATACCTTGCTT-1,FigureClone_C
ACTTCCATGCGGGACA-1,FigureClone_C
TTAAGTATTGTTATCC-1,FigureClone_C
AGCCACAGGTTACCCG-1,FigureClone_C
CCTATGTCCACTCCAC-1,FigureClone_C
CTAGTAGAAAGGGATT-1,FigureClone_C
TGGACCAATCTAAGAT-1,FigureClone_C
GAGTGTCAACCAGAAA-1,FigureClone_C
TAGAATAGCCGATGAA-1,FigureClone_C
ACAAGGATGCTTTAGG-1,FigureClone_C
TTAATTGCTTTGGGTG-1,FigureClone_C
ATCTCCCACGGAATAT-1,FigureClone_C
GAGATGGGAGTCGACA-1,FigureClone_C
TTGTGAACCTAATCCG-1,FigureClone_C
ATCTAATATCCTACGG-1,FigureClone_C
CATGAGATGCACTCTC-1,FigureClone_C
TAAGGGCCTGTCCGAT-1,FigureClone_C
TCGCACCAGGAGGCAG-1,FigureClone_C
TGGCTATGTGACATAC-1,FigureClone_C
GGTCAGTGGGTCCCAC-1,FigureClone_C
TACAGAAACGGTGGGC-1,FigureClone_C
GAGCCAGCTACCTGTG-1,FigureClone_C
CTTCAACTCCACTTGG-1,FigureClone_C
GCGAAACGATCGGGAG-1,FigureClone_C
GCTAGGCACCACGGAG-1,FigureClone_C
CCGAACCTTCCCGGCC-1,FigureClone_C
ATGACTATGCGACATT-1,FigureClone_C
CCTAACCCAAACAAGT-1,FigureClone_C
AAGCTCTTTCATGGTG-1,FigureClone_C
GTCTATTGGTTCCGGT-1,FigureClone_C
GTTTACGTTCCATCTG-1,FigureClone_C
ACCAATATGCAAGTTA-1,FigureClone_C
AAACTGCTGGCTCCAA-1,FigureClone_C
GCAGATCCATAAGACT-1,FigureClone_C
GGTAGAAGACCGCCTG-1,FigureClone_C
AACGATAATGCCGTAG-1,FigureClone_C
CAAGCGGCACATAATT-1,FigureClone_C
GTCCCGCGACGTTATG-1,FigureClone_C
TACCGGCTCACTGCCC-1,FigureClone_C
CACATCTCACCGACGA-1,FigureClone_C
GTTACCTACAACTTGC-1,FigureClone_C
ATGCTCTGGCGCGGTA-1,FigureClone_C
CCGCTATCAGCACCAG-1,FigureClone_C
AACGCTGTTGCTGAAA-1,FigureClone_C
ATACTGCCTTACACCG-1,FigureClone_C
CGCCGTTCAGCATAGT-1,FigureClone_C
GGAGCAACATTTCAAG-1,FigureClone_C
TTCACTCGAGCACCTA-1,FigureClone_C
ATTGGATTACAGCGTA-1,FigureClone_C
CTAACTGATAATCGCC-1,FigureClone_C
AAGTTCACTCCAAGCT-1,FigureClone_C
AGTGATAACCTGCGCG-1,FigureClone_C
CACGTTTCGTACACAC-1,FigureClone_C
TCCGCGGCCCAATGAA-1,FigureClone_C
ATAAACGTTGCACCAC-1,FigureClone_C
CACTACGGGAGCTGCC-1,FigureClone_C
GACGAGGCTAATAAAC-1,FigureClone_C
TACCAATAAAGTACCA-1,FigureClone_C
CACCCTAACAAGATCT-1,FigureClone_C
CAATGCGAGAAGTATC-1,FigureClone_C
GGTGGACTGCTCTGGC-1,FigureClone_C
CTTTAATATTGGTCGA-1,FigureClone_C
AAATAGGGTGCTATTG-1,FigureClone_C
CTGTGGTCGGGAGATA-1,FigureClone_C
TGCTAAGTGTCTATTT-1,FigureClone_C
AGCTCCTTCGCACATC-1,FigureClone_C
CGGGAATTTATGTAAA-1,FigureClone_C
AACGGACGTACGTATA-1,FigureClone_C
CCATTTCTACCTATTA-1,FigureClone_C
GCGCTTAAATAATTGG-1,FigureClone_C
AGGAGGCCTTCGCGCG-1,FigureClone_C
CGCGACCGCGACAGAT-1,FigureClone_C
GTTCGTCTAAAGAACT-1,FigureClone_C
CATCCTCTCAAAGATC-1,FigureClone_C
CTGCACAACTACATAT-1,FigureClone_C
GCTATCATACTCATGG-1,FigureClone_C
CTGGAAGACACGGTGG-1,FigureClone_C
TAGCGTCCGGTGTGGT-1,FigureClone_C
ACAATTGTGTCTCTTT-1,FigureClone_C
CTGCACTCCAGTACAG-1,FigureClone_C
CTATCGACGAAATACA-1,FigureClone_C
ATACGTACTTAGCCAC-1,FigureClone_C
TATTCCGAGCTGTTAT-1,FigureClone_C
AAATACCTATAAGCAT-1,FigureClone_C
ACAAATCGCACCGAAT-1,FigureClone_C
ATATAAATGTAGCTGC-1,FigureClone_C
TTCTGCCGCGCCTAGA-1,FigureClone_C
CTGCTTGGCGATAGCT-1,FigureClone_C
GTCCGGACCTGAAATT-1,FigureClone_C
TCCTAAATTGGGAAGC-1,FigureClone_C
CTAGGCGCCCTATCAG-1,FigureClone_C
TCGTCTTAGGCGTTAA-1,FigureClone_C
TTCTGACCGGGCTCAA-1,FigureClone_C
AGCACTACCTCACCAG-1,FigureClone_C
ACTTACGCATCCACGC-1,FigureClone_C
GTATCAAACGTTAGCT-1,FigureClone_C
ATAAGGTGGAGAACAT-1,FigureClone_C
AAGCATACTCTCCTGA-1,FigureClone_C
ACTTCAGGCTGATCCC-1,FigureClone_C
ATATTCCACATAGTGA-1,FigureClone_C
CATGGGTATGCCTTAT-1,FigureClone_C
ATCAGCCTCATGCTGC-1,FigureClone_C
TTGGACCTATAACAGT-1,FigureClone_C
GTTGAGTCCCGCCGGT-1,FigureClone_C
TAAGTTGCGACGTAGG-1,FigureClone_C
ATCGGAGACAGACGGC-1,FigureClone_C
ACACGTAGGCCACAAG-1,FigureClone_C
GTAGCCAAACATGGGA-1,FigureClone_C
AACACACGCTCGCCGC-1,FigureClone_C
CATGTAAGAGACATTT-1,FigureClone_C
GACGACGATCCGCGTT-1,FigureClone_C
AACCTTTAAATACGGT-1,FigureClone_C
TCTGATGTATTCTGTC-1,FigureClone_C
ACAAGGAAATCCGCCC-1,FigureClone_C
GCTGCTACTGCGTAGC-1,FigureClone_C
ACGGATGGTGCGGATA-1,FigureClone_C
GTTAACATCACTTAAA-1,FigureClone_C
CCTATAATGAGTGCCC-1,FigureClone_C
GTCCTACGAATAGTCT-1,FigureClone_C
GTGTCGTATAGCGTTC-1,FigureClone_C
TGCCAGTACGTGGAGA-1,FigureClone_C
TGGTCCCACGCTACGG-1,FigureClone_C
CGTCGTCCTTCGCGAA-1,FigureClone_C
TGGTTCAACGGGTAAT-1,FigureClone_C
ATACTACCCGTACCAC-1,FigureClone_C
TCTAGCATGCCCAGAA-1,FigureClone_C
ATCGTTAGCTAGCGGA-1,FigureClone_C
TCTCCCTGGGCAGCGT-1,FigureClone_C
TAACCTAGGGAGTCCA-1,FigureClone_C
ACAGGCTTGCCCGACT-1,FigureClone_C
TCTGAAGCACGTGGTC-1,FigureClone_C
TAGAGGTTCTACTTGT-1,FigureClone_C
CATCATTACCCTGAGG-1,FigureClone_C
TATCCAATTGGTTATC-1,FigureClone_C
TTGAGAAGTTTAGCAT-1,FigureClone_C
CCCGCAGCGCGAACTA-1,FigureClone_C
TCCGCCTGTCTACAAG-1,FigureClone_C
TCTACCCAATAGAGAG-1,FigureClone_C
TTCCGGTTACCCACTT-1,FigureClone_C
CAGAACTTAGCCCTCT-1,FigureClone_C
CCTGACCACCGATGGT-1,FigureClone_C
TCACAAACCGAGGTAC-1,FigureClone_C
TGCCTAATTGAAGATT-1,FigureClone_C
ATAATCTTGGAGAACC-1,FigureClone_C
CGGATCCTCAAGGACT-1,FigureClone_C
ATAATAGCTGTTGAAT-1,FigureClone_C
GCCTCTATACATAGCA-1,FigureClone_C
ACTTATTTATGTGCCA-1,FigureClone_C
TGGGCCCATACTAATT-1,FigureClone_C
CCACAGTACCCATCCT-1,FigureClone_C
ATACGTCCACTCCTGT-1,FigureClone_C
AGTCAAGATGACACTT-1,FigureClone_C
GCTACTATAGTAGAGT-1,FigureClone_C
ACCAGTGCGGGAGACG-1,FigureClone_C
AGCATATCAATATGCT-1,FigureClone_C
TTAGTTATTCGTGGCA-1,FigureClone_C
TAGTCGATCACGGGTT-1,FigureClone_C
CGGGAGCTTCAGTGTA-1,FigureClone_C
CGGCGCCATCAATCCC-1,FigureClone_C
CTTTGCATCGCTCTTG-1,FigureClone_C
CTTGTCAACATTCGAG-1,FigureClone_B
GTTAAAGTAGGACTGG-1,FigureClone_B
TGTTATTGTATGTGGC-1,FigureClone_B
TCCTTACGACGGTCCG-1,FigureClone_B
GCGGGCGAGCCTTACC-1,FigureClone_B
CGAACAGTATGGGCGT-1,FigureClone_B
GGTTAGCTATATGTCT-1,FigureClone_B
AACCGCTAAGGGATGC-1,FigureClone_B
TTCGACAGAGCCCGTG-1,FigureClone_B
ACCGTGACCACGTGGG-1,FigureClone_B
GCGACGATAGTTGTAC-1,FigureClone_B
GCCATCGAGCTGCGTG-1,FigureClone_B
GGGAACGGGAGGTTAG-1,FigureClone_B
TGGCATGAAGTTTGGG-1,FigureClone_B
ACATCGTATGCAATGG-1,FigureClone_B
CTGTTACCCAATCTAG-1,FigureClone_B
AGTCGTCGACCACCAA-1,FigureClone_B
CGCATGGTGCGATGCT-1,FigureClone_B
CTTTGTCGAATGCTCC-1,FigureClone_B
CATAGCGTTGCCCACC-1,FigureClone_B
CTGGCTGGTTGTCAGT-1,FigureClone_B
CGCGCAAATGTCCAGA-1,FigureClone_B
AGCAGCCAGATGAATA-1,FigureClone_B
CTAGGTTCGGACGTGA-1,FigureClone_B
GAGAGGGCGCGAGGTT-1,FigureClone_B
GCTGCTAAGTAGTCGA-1,FigureClone_B
TATATAGGGCTTTACG-1,FigureClone_B
AAAGGCTCTCGCGCCG-1,FigureClone_B
TATAGAGTCGCTTGAA-1,FigureClone_B
CTCTATTTGGCTGCAG-1,FigureClone_B
CACCAGTCAGCATGCA-1,FigureClone_B
CTCTTCTGGAAGTTAG-1,FigureClone_B
CCGTAGGGTTGTTTAC-1,FigureClone_B
TTGCCGCTTTCTAGTA-1,FigureClone_B
CGCTGTGTGGATGTTG-1,FigureClone_B
GACCAAACGTTGACTG-1,FigureClone_B
ACAACAGCATGAGCTA-1,FigureClone_B
GATCTTGGAGGGCATA-1,FigureClone_B
CTACACTCGCAGATGG-1,FigureClone_B
GACGCCGTAAAGGCTA-1,FigureClone_B
TATCTACCACAGCGGG-1,FigureClone_B
GGGTACTTCATGAACT-1,FigureClone_B
GCAAACCTTGGCCATA-1,FigureClone_B
GTTGGTCATGCTATCC-1,FigureClone_B
GTAGTCGCGGGAATCA-1,FigureClone_B
TTATCCGGGATCTATA-1,FigureClone_B
ACATTAGTTTATATCC-1,FigureClone_B
CCATCGCAGTTAAACT-1,FigureClone_B
ATGACTATCAGCTGTG-1,FigureClone_B
GATCAACATAAAGGGA-1,FigureClone_B
CGATGTTGTTATCTAC-1,FigureClone_B
TCCGCTTATCCCATTA-1,FigureClone_B
GGAGCACCAAGAACTA-1,FigureClone_B
TATACACAGACGCCTT-1,FigureClone_B
GGATCCGGAATATACT-1,FigureClone_B
AGACCCACCGCTGATC-1,FigureClone_A
GAAAGAACAGCGTTAT-1,FigureClone_A
GAACGCGGGTCACACG-1,FigureClone_A
ATAGCAACTAGGGAAG-1,FigureClone_A
TCGTGTACTATGGATG-1,FigureClone_A
CACCGTATCCCATCCG-1,FigureClone_A
TAACCTACCGTCCGAG-1,FigureClone_A
TCATTTAGAAGTGTGA-1,FigureClone_A
CCTAGGCGTAGCGATC-1,FigureClone_A
TCTTCGAATAGACGTT-1,FigureClone_A
GTAATAAAGGGCTCCC-1,FigureClone_A
TTGGACCATCTGGCAA-1,FigureClone_A
TCAGCCAATCCGTAAA-1,FigureClone_A
TCCCTGGCGTATTAAC-1,FigureClone_A
AAACACCAATAACTGC-1,FigureClone_A
ACGAGGTTTACAACGT-1,FigureClone_A
AGGGTTCCCTTTGGTT-1,FigureClone_A
AGACGAAGTGCCGGTC-1,FigureClone_A
GGCGAAATCTAACTTG-1,FigureClone_A
GATCGCTACCCGATTT-1,FigureClone_A
TGACGATGCACTAGAA-1,FigureClone_A
GTGGAGCGTTTACCGA-1,FigureClone_A
CCGACAATAGGCCGCC-1,FigureClone_A
TAGACGCCCGTACCGG-1,FigureClone_A
GCCTATAGTGTCAGGG-1,FigureClone_A
CATCGGACGGGTTAAT-1,FigureClone_A
TGACTCCGAATCATAC-1,FigureClone_A
GCTCCCAGTCGGTCCA-1,FigureClone_A
ACCTCCGCCCTCGCTG-1,FigureClone_A
ACCCATCTTGAGGGTA-1,FigureClone_A
CCCGTTTCGCAGATGT-1,FigureClone_A
ACATCCCGGCCATACG-1,FigureClone_A
AGCAACCGAAAGTAAT-1,FigureClone_A
GCTGTTGCTACCGAAC-1,FigureClone_A
TCACAGGGAATCGCAA-1,FigureClone_A
TTATGAATGAAAGGGA-1,FigureClone_A
CTGGGATAAATAATGG-1,FigureClone_A
AGTGATTCAAGCAGGA-1,FigureClone_A
ATGCTTAGGAGTTGAT-1,FigureClone_A
CAGACCTGTAAGTGTT-1,FigureClone_A
CGGTTATCCAACAGTG-1,FigureClone_A
CTGACTGCGCAGCTCG-1,FigureClone_A
AAAGTGTGATTTATCT-1,FigureClone_A
CAAGTGTGGTTGCAAA-1,FigureClone_A
CCAGTAGTCTGATCCA-1,FigureClone_A
CGCGGCTCAACTTGAA-1,FigureClone_A
AATGACGTAGGATGTC-1,FigureClone_A
GATCCTAAATCGGGAC-1,FigureClone_A
CTTAGTAGGCCTACAG-1,FigureClone_A
TAGGGAGCTTGGGATG-1,FigureClone_A
CTAACGAAACTTGCTG-1,FigureClone_A
TACGCCATATTCTAAT-1,FigureClone_A
AAGGGACAGATTCTGT-1,FigureClone_A
TAAGGCTGAATCCCTC-1,FigureClone_A
ATGGTCGCGTGGTTTC-1,FigureClone_A
GCGCAAGAGCGCGCTG-1,FigureClone_A
GCTAGACCGTCTACTG-1,FigureClone_A
GTTCGCTGAGACGTCT-1,FigureClone_A
CGAGTTTATCGGACTG-1,FigureClone_A
TAGGTCGCCGGAACTG-1,FigureClone_A
AAGTCAATTGTCGTCA-1,FigureClone_A
GCTCGCTCATGTCCAA-1,FigureClone_A
GCTTGGATCGATTAGG-1,FigureClone_A
AAATTACCTATCGATG-1,FigureClone_A
CTAGATGTGAGTGTAA-1,FigureClone_A
AGAGTAAACTTCACTA-1,FigureClone_A
TCTTAGAGTGAACTCT-1,FigureClone_A
ACCGCGGTGGAAGTCG-1,FigureClone_A
CCATATGGAAACTATA-1,FigureClone_A
TAGACTACCTAGCGTT-1,FigureClone_A
TGGGCAATAGTTGGGT-1,FigureClone_A
ACGGCCAACATGGACT-1,FigureClone_A
CGTGGCCGAATATCTA-1,FigureClone_A
CGCAGGCGATCCAAAC-1,FigureClone_A
TGCGTTTGTTGACACT-1,FigureClone_A
AACTCTCAATAGAGCG-1,FigureClone_A
ATCATAGCCCTATGTA-1,FigureClone_A
CCTTGACCACTTTATT-1,FigureClone_A
CACGTTCGTGCTCTAG-1,FigureClone_A
ACCACCAATGTAACAA-1,FigureClone_A
TACGTAAAGCGGAGTG-1,FigureClone_A
ACCATATCCGCAATAA-1,FigureClone_A
GGTGATAAGGAGCAGT-1,FigureClone_A
CGCCTCCCTCCTCTAT-1,FigureClone_A
CTTGAGTTAGGGTAAT-1,FigureClone_A
TTAAACTCGAATTCAT-1,FigureClone_A
CGTGCCCTCCCGAAGA-1,FigureClone_A
GTACAGAGGCAAGGGT-1,FigureClone_A
ACTTGACTCCCTCTTT-1,FigureClone_A
TCGGACGCCCAGCCCA-1,FigureClone_A
GTGTTACTATGCGTCC-1,FigureClone_A
TATAGATGGTCGCAGT-1,FigureClone_A
ATTGCGATCAGTAACT-1,FigureClone_A
TCAACTGCAGAGTCAG-1,FigureClone_A
CCGGGCTGCTCCATAC-1,FigureClone_A
GATAGGTAACGTTGAC-1,FigureClone_A
TCACCGCTCGGCACTC-1,FigureClone_A
CAGCTCGACAAGTTAA-1,FigureClone_A
TCTAGTGATATCGTGG-1,FigureClone_A
TCTGAACTCGTACCCG-1,FigureClone_A
CGCTGGTGACTACCCT-1,FigureClone_A
AGAGGCTTCGGAAACC-1,FigureClone_A
TAGCCATTTCAAAGTC-1,FigureClone_A
ATAGTGAAGCGTTCTC-1,FigureClone_A
ATCAATGCCGTGGCTG-1,FigureClone_A
GTCCATTACTGCTACG-1,FigureClone_A
CATCTTACACCACCTC-1,FigureClone_A
CTAGATTTACGACGGC-1,FigureClone_A
AGTGCTTGCACGAATA-1,FigureClone_A
GCGCTGCTTTGCATTT-1,FigureClone_A
TGCTCCACAGTTCTTA-1,FigureClone_A
AAGATTGGCGGAACGT-1,FigureClone_A
ACATCCTGGTAACTGT-1,FigureClone_A
TCGCAAAGATGCATTT-1,FigureClone_A
TGTATGGCGCAGACAG-1,FigureClone_A
GTGCGTGTATATGAGC-1,FigureClone_A
AGGGTGCTCTCGAGGG-1,FigureClone_A
TATATCCCTGGGAGGA-1,FigureClone_A
GTTATAATACGGTGAA-1,FigureClone_A
AAGGTGATAAACCAGC-1,FigureClone_A
ATAGACAACGGGACCT-1,FigureClone_A
TTATGATCTTAACGAA-1,FigureClone_A
GCGTAAATGGCCATAA-1,FigureClone_A
TTCTAACCGAAGCTTA-1,FigureClone_A
ATGCCATTTGCGACCA-1,FigureClone_A
CGCACATGTCCACTAC-1,FigureClone_A
ACCCGGAAACTCCCAG-1,FigureClone_A
ATTGTACAACTCGGCT-1,FigureClone_A
GCGACATGTAAACATC-1,FigureClone_A
ATCAAACACTGTTCCA-1,FigureClone_A
CGGCCCAGGTATATCC-1,FigureClone_A
GACACTGGAACCCGAT-1,FigureClone_A
ATGCGAGTCCCACCAC-1,FigureClone_A
TCTCGAGGAGGTTCGC-1,FigureClone_A
CCCGAGTTTCTCCGTA-1,FigureClone_A
TCGGCGAACCCAAACC-1,FigureClone_A
AAATAGCTTAGACTTT-1,FigureClone_A
ATTACATGTCAGTCTT-1,FigureClone_A
CATGACTTCGCTGAAT-1,FigureClone_A
CCCTCCTCGCTCGTAT-1,FigureClone_A
ATATCAACCTACAGAG-1,FigureClone_A
CGCACGTGCGCTATCA-1,FigureClone_A
AATATCGAATCAATGC-1,FigureClone_A
CGCTAGAGACCGCTGC-1,FigureClone_A
CACCCAAATCTTATGT-1,FigureClone_A
AGTTTGGCACGGGTTG-1,FigureClone_A
CAGAATAACACACGGA-1,FigureClone_A
ATCGCCAGTCAACATT-1,FigureClone_A
CATGATGGAAGTTAGC-1,FigureClone_A
ATAGTTCCACCCACTC-1,FigureClone_A
CTACCCTAAGGTCATA-1,FigureClone_A
CTATGGGAAGCGGAAT-1,FigureClone_A
GGTTCTACTCGTCTGA-1,FigureClone_A
TGGTAGAATATATGGG-1,FigureClone_A
CGACAATTTGATCTAA-1,FigureClone_A
TGGCAATGGGACGGCG-1,FigureClone_A
ACTATCCAGGGCATGG-1,FigureClone_A
TGTACGAACAAATCCG-1,FigureClone_A
GACTCACCCACGTGAG-1,FigureClone_A
GCCTCATCTGGAAATA-1,FigureClone_A
GTAACATCTAAGATAA-1,FigureClone_A
CGGCAATAAGATCGCC-1,FigureClone_A
GTGATCACTAACGCCT-1,FigureClone_A
AGAGCCGCCGAGATTT-1,FigureClone_A
AAGTGCCTTGACTGTA-1,FigureClone_A
TTAAGATAGGATTGAC-1,FigureClone_A
AGCTCTTCGTAACCTT-1,FigureClone_A
GGTTTAGCCTTTCTTG-1,FigureClone_A
AAATCTAGCCCTGCTA-1,FigureClone_A
AGTCCATTGGCTGATG-1,FigureClone_A
TAATCGATCCGTACGT-1,FigureClone_A
CTACTATCTTTCAGAG-1,FigureClone_A
GGGACAGAGTTACTCC-1,FigureClone_A
TATTACCATCCTGCTT-1,FigureClone_A
CCATCTCACCAGTGAA-1,FigureClone_A
AGGGTCGATGCGAACT-1,FigureClone_A
AGGCATTGTCGTAGGG-1,FigureClone_A
GCGCATCCAGTCAGCA-1,FigureClone_A
CATAACGGACAGTCGT-1,FigureClone_A
CAGCAGTCCAGACTAT-1,FigureClone_A
TTGAATTCACGTGAGG-1,FigureClone_A
TCCGTTAAGCTAATAT-1,FigureClone_A
GAATAGACGCGACCCA-1,FigureClone_A
ACCGGGCCTTTGTTGA-1,FigureClone_A
AGTGAACAAACTTCTC-1,FigureClone_A
TTGACAGGAGCTCCCG-1,FigureClone_A
ACTTGTGGATGGAACG-1,FigureClone_A
ACCCGGATGACGCATC-1,FigureClone_A
TGTAGGAGAAATTTCC-1,FigureClone_A
GGCAGCAAACCTATGC-1,FigureClone_A
TTCTTATCCGCTGGGT-1,FigureClone_A
ATTGATGAGTCCTAAC-1,FigureClone_A
TCTGAGCAATTGACTG-1,FigureClone_A
ACTAGTTGCGATCGTC-1,FigureClone_A
GGTCAAGACTACTTCG-1,FigureClone_A
AAACAAGTATCTCCCA-1,FigureClone_A
AGCAACATATCTTATT-1,FigureClone_A
GACAAACATATGCAGG-1,FigureClone_A
AACCCGAGCAGAATCG-1,FigureClone_A
GGGTTTAGGATAGGAT-1,FigureClone_A
TCTGAATTCCGTACAA-1,FigureClone_A
CCTCGGACCGGGATAG-1,FigureClone_A
GAGGCCTGTTGATACA-1,FigureClone_A
TACTTGTTAGTAGTCC-1,FigureClone_A
TCGGGCCGTCGTGGTA-1,FigureClone_A
CACATTTCTTGTCAGA-1,FigureClone_A
CCCAGGTCTGAAGGCT-1,FigureClone_A
TTGACGCTCCATGAGC-1,FigureClone_A
GGATGAAGATCGCTGA-1,FigureClone_A
TCTTAGAGCTCCAATT-1,FigureClone_A
CACCTTGGCGCCTTTG-1,FigureClone_A
GGACACAAGTTTACAC-1,FigureClone_A
TTCAATACTCTGAATC-1,FigureClone_A
CCTGAACGATATATTC-1,FigureClone_A
GCTTAATGTAACTAAC-1,FigureClone_A
TGCAGTTTCCTCCCAT-1,FigureClone_A
CCGAGAAGTCGCATAA-1,FigureClone_A
ACTATCTGCCCGCGTA-1,FigureClone_A
CGGGTTTGTTAGGGCT-1,FigureClone_A
AACTACCCGTTTGTCA-1,FigureClone_A
CGGCTCTAAAGCTGCA-1,FigureClone_A
TATACCGAGTGCCACA-1,FigureClone_A
GCATCGGCCGTGTAGG-1,FigureClone_A
CACAGTTCGCTTCCCA-1,FigureClone_A
TCTCTCGCCGCACATA-1,FigureClone_A
